# Blender 5.2.1 LTS
# www.blender.org
mtllib Barrel_Raft.mtl
o Deck_plank_07
v 4.396000 0.814000 1.358217
v 4.396000 0.829000 1.373216
v 4.381000 0.829000 1.358217
v 4.396000 0.929000 1.373216
v 4.396000 0.944000 1.358217
v 4.381000 0.929000 1.358217
v 4.396000 0.814000 -1.393845
v 4.381000 0.829000 -1.393845
v 4.396000 0.829000 -1.408845
v 4.396000 0.944000 -1.393845
v 4.396000 0.929000 -1.408845
v 4.381000 0.929000 -1.393845
v 4.689000 0.814000 1.358217
v 4.704000 0.829000 1.358217
v 4.689000 0.829000 1.373216
v 4.689000 0.944000 1.358217
v 4.689000 0.929000 1.373216
v 4.704000 0.929000 1.358217
v 4.689000 0.814000 -1.393845
v 4.689000 0.829000 -1.408845
v 4.704000 0.829000 -1.393845
v 4.689000 0.944000 -1.393845
v 4.704000 0.929000 -1.393845
v 4.689000 0.929000 -1.408845
v 3.100000 0.415000 1.290000
v 3.062487 0.555000 1.290000
v 2.960000 0.657487 1.290000
v 2.820000 0.695000 1.290000
v 2.680000 0.657487 1.290000
v 2.577513 0.555000 1.290000
v 2.540000 0.415000 1.290000
v 2.577513 0.275000 1.290000
v 2.680000 0.172513 1.290000
v 2.820000 0.135000 1.290000
v 2.960000 0.172513 1.290000
v 3.062487 0.275000 1.290000
v 3.160000 0.415000 1.250000
v 3.114449 0.585000 1.250000
v 2.990000 0.709449 1.250000
v 2.820000 0.755000 1.250000
v 2.650000 0.709449 1.250000
v 2.525551 0.585000 1.250000
v 2.480000 0.415000 1.250000
v 2.525551 0.245000 1.250000
v 2.650000 0.120551 1.250000
v 2.820000 0.075000 1.250000
v 2.990000 0.120551 1.250000
v 3.114449 0.245000 1.250000
v 3.210000 0.415000 1.130000
v 3.157750 0.610000 1.130000
v 3.015000 0.752750 1.130000
v 2.820000 0.805000 1.130000
v 2.625000 0.752750 1.130000
v 2.482250 0.610000 1.130000
v 2.430000 0.415000 1.130000
v 2.482250 0.220000 1.130000
v 2.625000 0.077250 1.130000
v 2.820000 0.025000 1.130000
v 3.015000 0.077250 1.130000
v 3.157750 0.220000 1.130000
v 3.233000 0.415000 0.960000
v 3.177669 0.621500 0.960000
v 3.026500 0.772668 0.960000
v 2.820000 0.828000 0.960000
v 2.613500 0.772668 0.960000
v 2.462332 0.621500 0.960000
v 2.407000 0.415000 0.960000
v 2.462332 0.208500 0.960000
v 2.613500 0.057332 0.960000
v 2.820000 0.002000 0.960000
v 3.026500 0.057332 0.960000
v 3.177669 0.208500 0.960000
v 3.233000 0.415000 0.400000
v 3.177669 0.621500 0.400000
v 3.026500 0.772668 0.400000
v 2.820000 0.828000 0.400000
v 2.613500 0.772668 0.400000
v 2.462332 0.621500 0.400000
v 2.407000 0.415000 0.400000
v 2.462332 0.208500 0.400000
v 2.613500 0.057332 0.400000
v 2.820000 0.002000 0.400000
v 3.026500 0.057332 0.400000
v 3.177669 0.208500 0.400000
v 3.210000 0.415000 0.230000
v 3.157750 0.610000 0.230000
v 3.015000 0.752750 0.230000
v 2.820000 0.805000 0.230000
v 2.625000 0.752750 0.230000
v 2.482250 0.610000 0.230000
v 2.430000 0.415000 0.230000
v 2.482250 0.220000 0.230000
v 2.625000 0.077250 0.230000
v 2.820000 0.025000 0.230000
v 3.015000 0.077250 0.230000
v 3.157750 0.220000 0.230000
v 3.160000 0.415000 0.110000
v 3.114449 0.585000 0.110000
v 2.990000 0.709449 0.110000
v 2.820000 0.755000 0.110000
v 2.650000 0.709449 0.110000
v 2.525551 0.585000 0.110000
v 2.480000 0.415000 0.110000
v 2.525551 0.245000 0.110000
v 2.650000 0.120551 0.110000
v 2.820000 0.075000 0.110000
v 2.990000 0.120551 0.110000
v 3.114449 0.245000 0.110000
v 3.100000 0.415000 0.070000
v 3.062487 0.555000 0.070000
v 2.960000 0.657487 0.070000
v 2.820000 0.695000 0.070000
v 2.680000 0.657487 0.070000
v 2.577513 0.555000 0.070000
v 2.540000 0.415000 0.070000
v 2.577513 0.275000 0.070000
v 2.680000 0.172513 0.070000
v 2.820000 0.135000 0.070000
v 2.960000 0.172513 0.070000
v 3.062487 0.275000 0.070000
v 3.201000 0.415000 1.140000
v 3.212056 0.415000 1.155217
v 3.229944 0.415000 1.149405
v 3.229944 0.415000 1.130595
v 3.212056 0.415000 1.124783
v 3.149956 0.605500 1.140000
v 3.159530 0.611028 1.155217
v 3.175022 0.619972 1.149405
v 3.175022 0.619972 1.130595
v 3.159530 0.611028 1.124783
v 3.010500 0.744956 1.140000
v 3.016028 0.754530 1.155217
v 3.024972 0.770022 1.149405
v 3.024972 0.770022 1.130595
v 3.016028 0.754530 1.124783
v 2.820000 0.796000 1.140000
v 2.820000 0.807056 1.155217
v 2.820000 0.824944 1.149405
v 2.820000 0.824944 1.130595
v 2.820000 0.807056 1.124783
v 2.629500 0.744956 1.140000
v 2.623972 0.754530 1.155217
v 2.615028 0.770022 1.149405
v 2.615028 0.770022 1.130595
v 2.623972 0.754530 1.124783
v 2.490044 0.605500 1.140000
v 2.480470 0.611028 1.155217
v 2.464978 0.619972 1.149405
v 2.464978 0.619972 1.130595
v 2.480470 0.611028 1.124783
v 2.439000 0.415000 1.140000
v 2.427944 0.415000 1.155217
v 2.410056 0.415000 1.149405
v 2.410056 0.415000 1.130595
v 2.427944 0.415000 1.124783
v 2.490044 0.224500 1.140000
v 2.480470 0.218972 1.155217
v 2.464978 0.210028 1.149405
v 2.464978 0.210028 1.130595
v 2.480470 0.218972 1.124783
v 2.629500 0.085044 1.140000
v 2.623972 0.075470 1.155217
v 2.615028 0.059978 1.149405
v 2.615028 0.059978 1.130595
v 2.623972 0.075470 1.124783
v 2.820000 0.034000 1.140000
v 2.820000 0.022944 1.155217
v 2.820000 0.005056 1.149405
v 2.820000 0.005056 1.130595
v 2.820000 0.022944 1.124783
v 3.010500 0.085044 1.140000
v 3.016028 0.075470 1.155217
v 3.024972 0.059978 1.149405
v 3.024972 0.059978 1.130595
v 3.016028 0.075470 1.124783
v 3.149956 0.224500 1.140000
v 3.159530 0.218972 1.155217
v 3.175022 0.210028 1.149405
v 3.175022 0.210028 1.130595
v 3.159530 0.218972 1.124783
v 3.201000 0.415000 0.220000
v 3.212056 0.415000 0.235217
v 3.229944 0.415000 0.229405
v 3.229944 0.415000 0.210595
v 3.212056 0.415000 0.204783
v 3.149956 0.605500 0.220000
v 3.159530 0.611028 0.235217
v 3.175022 0.619972 0.229405
v 3.175022 0.619972 0.210595
v 3.159530 0.611028 0.204783
v 3.010500 0.744956 0.220000
v 3.016028 0.754530 0.235217
v 3.024972 0.770022 0.229405
v 3.024972 0.770022 0.210595
v 3.016028 0.754530 0.204783
v 2.820000 0.796000 0.220000
v 2.820000 0.807056 0.235217
v 2.820000 0.824944 0.229405
v 2.820000 0.824944 0.210595
v 2.820000 0.807056 0.204783
v 2.629500 0.744956 0.220000
v 2.623972 0.754530 0.235217
v 2.615028 0.770022 0.229405
v 2.615028 0.770022 0.210595
v 2.623972 0.754530 0.204783
v 2.490044 0.605500 0.220000
v 2.480470 0.611028 0.235217
v 2.464978 0.619972 0.229405
v 2.464978 0.619972 0.210595
v 2.480470 0.611028 0.204783
v 2.439000 0.415000 0.220000
v 2.427944 0.415000 0.235217
v 2.410056 0.415000 0.229405
v 2.410056 0.415000 0.210595
v 2.427944 0.415000 0.204783
v 2.490044 0.224500 0.220000
v 2.480470 0.218972 0.235217
v 2.464978 0.210028 0.229405
v 2.464978 0.210028 0.210595
v 2.480470 0.218972 0.204783
v 2.629500 0.085044 0.220000
v 2.623972 0.075470 0.235217
v 2.615028 0.059978 0.229405
v 2.615028 0.059978 0.210595
v 2.623972 0.075470 0.204783
v 2.820000 0.034000 0.220000
v 2.820000 0.022944 0.235217
v 2.820000 0.005056 0.229405
v 2.820000 0.005056 0.210595
v 2.820000 0.022944 0.204783
v 3.010500 0.085044 0.220000
v 3.016028 0.075470 0.235217
v 3.024972 0.059978 0.229405
v 3.024972 0.059978 0.210595
v 3.016028 0.075470 0.204783
v 3.149956 0.224500 0.220000
v 3.159530 0.218972 0.235217
v 3.175022 0.210028 0.229405
v 3.175022 0.210028 0.210595
v 3.159530 0.218972 0.204783
v 3.081000 0.415000 1.295000
v 3.088000 0.415000 1.307124
v 3.102000 0.415000 1.307124
v 3.109000 0.415000 1.295000
v 3.102000 0.415000 1.282876
v 3.088000 0.415000 1.282876
v 3.046033 0.545500 1.295000
v 3.052095 0.549000 1.307124
v 3.064219 0.556000 1.307124
v 3.070282 0.559500 1.295000
v 3.064219 0.556000 1.282876
v 3.052095 0.549000 1.282876
v 2.950500 0.641033 1.295000
v 2.954000 0.647095 1.307124
v 2.961000 0.659219 1.307124
v 2.964500 0.665281 1.295000
v 2.961000 0.659219 1.282876
v 2.954000 0.647095 1.282876
v 2.820000 0.676000 1.295000
v 2.820000 0.683000 1.307124
v 2.820000 0.697000 1.307124
v 2.820000 0.704000 1.295000
v 2.820000 0.697000 1.282876
v 2.820000 0.683000 1.282876
v 2.689500 0.641033 1.295000
v 2.686000 0.647095 1.307124
v 2.679000 0.659219 1.307124
v 2.675500 0.665281 1.295000
v 2.679000 0.659219 1.282876
v 2.686000 0.647095 1.282876
v 2.593967 0.545500 1.295000
v 2.587905 0.549000 1.307124
v 2.575781 0.556000 1.307124
v 2.569719 0.559500 1.295000
v 2.575781 0.556000 1.282876
v 2.587905 0.549000 1.282876
v 2.559000 0.415000 1.295000
v 2.552000 0.415000 1.307124
v 2.538000 0.415000 1.307124
v 2.531000 0.415000 1.295000
v 2.538000 0.415000 1.282876
v 2.552000 0.415000 1.282876
v 2.593967 0.284500 1.295000
v 2.587905 0.281000 1.307124
v 2.575781 0.274000 1.307124
v 2.569719 0.270500 1.295000
v 2.575781 0.274000 1.282876
v 2.587905 0.281000 1.282876
v 2.689500 0.188967 1.295000
v 2.686000 0.182905 1.307124
v 2.679000 0.170781 1.307124
v 2.675500 0.164719 1.295000
v 2.679000 0.170781 1.282876
v 2.686000 0.182905 1.282876
v 2.820000 0.154000 1.295000
v 2.820000 0.147000 1.307124
v 2.820000 0.133000 1.307124
v 2.820000 0.126000 1.295000
v 2.820000 0.133000 1.282876
v 2.820000 0.147000 1.282876
v 2.950500 0.188967 1.295000
v 2.954000 0.182905 1.307124
v 2.961000 0.170781 1.307124
v 2.964500 0.164719 1.295000
v 2.961000 0.170781 1.282876
v 2.954000 0.182905 1.282876
v 3.046033 0.284500 1.295000
v 3.052095 0.281000 1.307124
v 3.064219 0.274000 1.307124
v 3.070282 0.270500 1.295000
v 3.064219 0.274000 1.282876
v 3.052095 0.281000 1.282876
v 3.081000 0.415000 0.065000
v 3.088000 0.415000 0.077124
v 3.102000 0.415000 0.077124
v 3.109000 0.415000 0.065000
v 3.102000 0.415000 0.052876
v 3.088000 0.415000 0.052876
v 3.046033 0.545500 0.065000
v 3.052095 0.549000 0.077124
v 3.064219 0.556000 0.077124
v 3.070282 0.559500 0.065000
v 3.064219 0.556000 0.052876
v 3.052095 0.549000 0.052876
v 2.950500 0.641033 0.065000
v 2.954000 0.647095 0.077124
v 2.961000 0.659219 0.077124
v 2.964500 0.665281 0.065000
v 2.961000 0.659219 0.052876
v 2.954000 0.647095 0.052876
v 2.820000 0.676000 0.065000
v 2.820000 0.683000 0.077124
v 2.820000 0.697000 0.077124
v 2.820000 0.704000 0.065000
v 2.820000 0.697000 0.052876
v 2.820000 0.683000 0.052876
v 2.689500 0.641033 0.065000
v 2.686000 0.647095 0.077124
v 2.679000 0.659219 0.077124
v 2.675500 0.665281 0.065000
v 2.679000 0.659219 0.052876
v 2.686000 0.647095 0.052876
v 2.593967 0.545500 0.065000
v 2.587905 0.549000 0.077124
v 2.575781 0.556000 0.077124
v 2.569719 0.559500 0.065000
v 2.575781 0.556000 0.052876
v 2.587905 0.549000 0.052876
v 2.559000 0.415000 0.065000
v 2.552000 0.415000 0.077124
v 2.538000 0.415000 0.077124
v 2.531000 0.415000 0.065000
v 2.538000 0.415000 0.052876
v 2.552000 0.415000 0.052876
v 2.593967 0.284500 0.065000
v 2.587905 0.281000 0.077124
v 2.575781 0.274000 0.077124
v 2.569719 0.270500 0.065000
v 2.575781 0.274000 0.052876
v 2.587905 0.281000 0.052876
v 2.689500 0.188967 0.065000
v 2.686000 0.182905 0.077124
v 2.679000 0.170781 0.077124
v 2.675500 0.164719 0.065000
v 2.679000 0.170781 0.052876
v 2.686000 0.182905 0.052876
v 2.820000 0.154000 0.065000
v 2.820000 0.147000 0.077124
v 2.820000 0.133000 0.077124
v 2.820000 0.126000 0.065000
v 2.820000 0.133000 0.052876
v 2.820000 0.147000 0.052876
v 2.950500 0.188967 0.065000
v 2.954000 0.182905 0.077124
v 2.961000 0.170781 0.077124
v 2.964500 0.164719 0.065000
v 2.961000 0.170781 0.052876
v 2.954000 0.182905 0.052876
v 3.046033 0.284500 0.065000
v 3.052095 0.281000 0.077124
v 3.064219 0.274000 0.077124
v 3.070282 0.270500 0.065000
v 3.064219 0.274000 0.052876
v 3.052095 0.281000 0.052876
v 2.621553 0.915053 0.780000
v 2.620777 0.926526 0.799919
v 2.619223 0.949474 0.799919
v 2.618447 0.960948 0.780000
v 2.619223 0.949474 0.760081
v 2.620777 0.926526 0.760081
v 2.390651 0.883874 0.780000
v 2.380325 0.888937 0.799919
v 2.359674 0.899063 0.799919
v 2.349349 0.904126 0.780000
v 2.359674 0.899063 0.760081
v 2.380325 0.888937 0.760081
v 2.388641 0.424048 0.780000
v 2.377321 0.422024 0.799919
v 2.354680 0.417976 0.799919
v 2.343359 0.415952 0.780000
v 2.354680 0.417976 0.760081
v 2.377321 0.422024 0.760081
v 2.530022 0.075702 0.780000
v 2.525011 0.065351 0.799919
v 2.514989 0.044649 0.799919
v 2.509979 0.034298 0.780000
v 2.514989 0.044649 0.760081
v 2.525011 0.065351 0.760081
v 3.109979 0.075702 0.780000
v 3.114989 0.065351 0.799919
v 3.125011 0.044649 0.799919
v 3.130022 0.034298 0.780000
v 3.125011 0.044649 0.760081
v 3.114989 0.065351 0.760081
v 3.251359 0.424048 0.780000
v 3.262680 0.422024 0.799919
v 3.285321 0.417976 0.799919
v 3.296641 0.415952 0.780000
v 3.285321 0.417976 0.760081
v 3.262680 0.422024 0.760081
v 3.249349 0.883874 0.780000
v 3.259675 0.888937 0.799919
v 3.280325 0.899063 0.799919
v 3.290651 0.904126 0.780000
v 3.280325 0.899063 0.760081
v 3.259675 0.888937 0.760081
v 3.018447 0.915053 0.780000
v 3.019223 0.926526 0.799919
v 3.020777 0.949474 0.799919
v 3.021554 0.960948 0.780000
v 3.020777 0.949474 0.760081
v 3.019223 0.926526 0.760081
v 2.621553 0.915053 0.580000
v 2.620777 0.926526 0.599919
v 2.619223 0.949474 0.599919
v 2.618447 0.960948 0.580000
v 2.619223 0.949474 0.560081
v 2.620777 0.926526 0.560081
v 2.390651 0.883874 0.580000
v 2.380325 0.888937 0.599919
v 2.359674 0.899063 0.599919
v 2.349349 0.904126 0.580000
v 2.359674 0.899063 0.560081
v 2.380325 0.888937 0.560081
v 2.388641 0.424048 0.580000
v 2.377321 0.422024 0.599919
v 2.354680 0.417976 0.599919
v 2.343359 0.415952 0.580000
v 2.354680 0.417976 0.560081
v 2.377321 0.422024 0.560081
v 2.530022 0.075702 0.580000
v 2.525011 0.065351 0.599919
v 2.514989 0.044649 0.599919
v 2.509979 0.034298 0.580000
v 2.514989 0.044649 0.560081
v 2.525011 0.065351 0.560081
v 3.109979 0.075702 0.580000
v 3.114989 0.065351 0.599919
v 3.125011 0.044649 0.599919
v 3.130022 0.034298 0.580000
v 3.125011 0.044649 0.560081
v 3.114989 0.065351 0.560081
v 3.251359 0.424048 0.580000
v 3.262680 0.422024 0.599919
v 3.285321 0.417976 0.599919
v 3.296641 0.415952 0.580000
v 3.285321 0.417976 0.560081
v 3.262680 0.422024 0.560081
v 3.249349 0.883874 0.580000
v 3.259675 0.888937 0.599919
v 3.280325 0.899063 0.599919
v 3.290651 0.904126 0.580000
v 3.280325 0.899063 0.560081
v 3.259675 0.888937 0.560081
v 3.018447 0.915053 0.580000
v 3.019223 0.926526 0.599919
v 3.020777 0.949474 0.599919
v 3.021554 0.960948 0.580000
v 3.020777 0.949474 0.560081
v 3.019223 0.926526 0.560081
v 3.100000 0.415000 -0.070000
v 3.062487 0.555000 -0.070000
v 2.960000 0.657487 -0.070000
v 2.820000 0.695000 -0.070000
v 2.680000 0.657487 -0.070000
v 2.577513 0.555000 -0.070000
v 2.540000 0.415000 -0.070000
v 2.577513 0.275000 -0.070000
v 2.680000 0.172513 -0.070000
v 2.820000 0.135000 -0.070000
v 2.960000 0.172513 -0.070000
v 3.062487 0.275000 -0.070000
v 3.160000 0.415000 -0.110000
v 3.114449 0.585000 -0.110000
v 2.990000 0.709449 -0.110000
v 2.820000 0.755000 -0.110000
v 2.650000 0.709449 -0.110000
v 2.525551 0.585000 -0.110000
v 2.480000 0.415000 -0.110000
v 2.525551 0.245000 -0.110000
v 2.650000 0.120551 -0.110000
v 2.820000 0.075000 -0.110000
v 2.990000 0.120551 -0.110000
v 3.114449 0.245000 -0.110000
v 3.210000 0.415000 -0.230000
v 3.157750 0.610000 -0.230000
v 3.015000 0.752750 -0.230000
v 2.820000 0.805000 -0.230000
v 2.625000 0.752750 -0.230000
v 2.482250 0.610000 -0.230000
v 2.430000 0.415000 -0.230000
v 2.482250 0.220000 -0.230000
v 2.625000 0.077250 -0.230000
v 2.820000 0.025000 -0.230000
v 3.015000 0.077250 -0.230000
v 3.157750 0.220000 -0.230000
v 3.233000 0.415000 -0.400000
v 3.177669 0.621500 -0.400000
v 3.026500 0.772668 -0.400000
v 2.820000 0.828000 -0.400000
v 2.613500 0.772668 -0.400000
v 2.462332 0.621500 -0.400000
v 2.407000 0.415000 -0.400000
v 2.462332 0.208500 -0.400000
v 2.613500 0.057332 -0.400000
v 2.820000 0.002000 -0.400000
v 3.026500 0.057332 -0.400000
v 3.177669 0.208500 -0.400000
v 3.233000 0.415000 -0.960000
v 3.177669 0.621500 -0.960000
v 3.026500 0.772668 -0.960000
v 2.820000 0.828000 -0.960000
v 2.613500 0.772668 -0.960000
v 2.462332 0.621500 -0.960000
v 2.407000 0.415000 -0.960000
v 2.462332 0.208500 -0.960000
v 2.613500 0.057332 -0.960000
v 2.820000 0.002000 -0.960000
v 3.026500 0.057332 -0.960000
v 3.177669 0.208500 -0.960000
v 3.210000 0.415000 -1.130000
v 3.157750 0.610000 -1.130000
v 3.015000 0.752750 -1.130000
v 2.820000 0.805000 -1.130000
v 2.625000 0.752750 -1.130000
v 2.482250 0.610000 -1.130000
v 2.430000 0.415000 -1.130000
v 2.482250 0.220000 -1.130000
v 2.625000 0.077250 -1.130000
v 2.820000 0.025000 -1.130000
v 3.015000 0.077250 -1.130000
v 3.157750 0.220000 -1.130000
v 3.160000 0.415000 -1.250000
v 3.114449 0.585000 -1.250000
v 2.990000 0.709449 -1.250000
v 2.820000 0.755000 -1.250000
v 2.650000 0.709449 -1.250000
v 2.525551 0.585000 -1.250000
v 2.480000 0.415000 -1.250000
v 2.525551 0.245000 -1.250000
v 2.650000 0.120551 -1.250000
v 2.820000 0.075000 -1.250000
v 2.990000 0.120551 -1.250000
v 3.114449 0.245000 -1.250000
v 3.100000 0.415000 -1.290000
v 3.062487 0.555000 -1.290000
v 2.960000 0.657487 -1.290000
v 2.820000 0.695000 -1.290000
v 2.680000 0.657487 -1.290000
v 2.577513 0.555000 -1.290000
v 2.540000 0.415000 -1.290000
v 2.577513 0.275000 -1.290000
v 2.680000 0.172513 -1.290000
v 2.820000 0.135000 -1.290000
v 2.960000 0.172513 -1.290000
v 3.062487 0.275000 -1.290000
v 3.201000 0.415000 -0.220000
v 3.212056 0.415000 -0.204783
v 3.229944 0.415000 -0.210595
v 3.229944 0.415000 -0.229405
v 3.212056 0.415000 -0.235217
v 3.149956 0.605500 -0.220000
v 3.159530 0.611028 -0.204783
v 3.175022 0.619972 -0.210595
v 3.175022 0.619972 -0.229405
v 3.159530 0.611028 -0.235217
v 3.010500 0.744956 -0.220000
v 3.016028 0.754530 -0.204783
v 3.024972 0.770022 -0.210595
v 3.024972 0.770022 -0.229405
v 3.016028 0.754530 -0.235217
v 2.820000 0.796000 -0.220000
v 2.820000 0.807056 -0.204783
v 2.820000 0.824944 -0.210595
v 2.820000 0.824944 -0.229405
v 2.820000 0.807056 -0.235217
v 2.629500 0.744956 -0.220000
v 2.623972 0.754530 -0.204783
v 2.615028 0.770022 -0.210595
v 2.615028 0.770022 -0.229405
v 2.623972 0.754530 -0.235217
v 2.490044 0.605500 -0.220000
v 2.480470 0.611028 -0.204783
v 2.464978 0.619972 -0.210595
v 2.464978 0.619972 -0.229405
v 2.480470 0.611028 -0.235217
v 2.439000 0.415000 -0.220000
v 2.427944 0.415000 -0.204783
v 2.410056 0.415000 -0.210595
v 2.410056 0.415000 -0.229405
v 2.427944 0.415000 -0.235217
v 2.490044 0.224500 -0.220000
v 2.480470 0.218972 -0.204783
v 2.464978 0.210028 -0.210595
v 2.464978 0.210028 -0.229405
v 2.480470 0.218972 -0.235217
v 2.629500 0.085044 -0.220000
v 2.623972 0.075470 -0.204783
v 2.615028 0.059978 -0.210595
v 2.615028 0.059978 -0.229405
v 2.623972 0.075470 -0.235217
v 2.820000 0.034000 -0.220000
v 2.820000 0.022944 -0.204783
v 2.820000 0.005056 -0.210595
v 2.820000 0.005056 -0.229405
v 2.820000 0.022944 -0.235217
v 3.010500 0.085044 -0.220000
v 3.016028 0.075470 -0.204783
v 3.024972 0.059978 -0.210595
v 3.024972 0.059978 -0.229405
v 3.016028 0.075470 -0.235217
v 3.149956 0.224500 -0.220000
v 3.159530 0.218972 -0.204783
v 3.175022 0.210028 -0.210595
v 3.175022 0.210028 -0.229405
v 3.159530 0.218972 -0.235217
v 3.201000 0.415000 -1.140000
v 3.212056 0.415000 -1.124783
v 3.229944 0.415000 -1.130595
v 3.229944 0.415000 -1.149405
v 3.212056 0.415000 -1.155217
v 3.149956 0.605500 -1.140000
v 3.159530 0.611028 -1.124783
v 3.175022 0.619972 -1.130595
v 3.175022 0.619972 -1.149405
v 3.159530 0.611028 -1.155217
v 3.010500 0.744956 -1.140000
v 3.016028 0.754530 -1.124783
v 3.024972 0.770022 -1.130595
v 3.024972 0.770022 -1.149405
v 3.016028 0.754530 -1.155217
v 2.820000 0.796000 -1.140000
v 2.820000 0.807056 -1.124783
v 2.820000 0.824944 -1.130595
v 2.820000 0.824944 -1.149405
v 2.820000 0.807056 -1.155217
v 2.629500 0.744956 -1.140000
v 2.623972 0.754530 -1.124783
v 2.615028 0.770022 -1.130595
v 2.615028 0.770022 -1.149405
v 2.623972 0.754530 -1.155217
v 2.490044 0.605500 -1.140000
v 2.480470 0.611028 -1.124783
v 2.464978 0.619972 -1.130595
v 2.464978 0.619972 -1.149405
v 2.480470 0.611028 -1.155217
v 2.439000 0.415000 -1.140000
v 2.427944 0.415000 -1.124783
v 2.410056 0.415000 -1.130595
v 2.410056 0.415000 -1.149405
v 2.427944 0.415000 -1.155217
v 2.490044 0.224500 -1.140000
v 2.480470 0.218972 -1.124783
v 2.464978 0.210028 -1.130595
v 2.464978 0.210028 -1.149405
v 2.480470 0.218972 -1.155217
v 2.629500 0.085044 -1.140000
v 2.623972 0.075470 -1.124783
v 2.615028 0.059978 -1.130595
v 2.615028 0.059978 -1.149405
v 2.623972 0.075470 -1.155217
v 2.820000 0.034000 -1.140000
v 2.820000 0.022944 -1.124783
v 2.820000 0.005056 -1.130595
v 2.820000 0.005056 -1.149405
v 2.820000 0.022944 -1.155217
v 3.010500 0.085044 -1.140000
v 3.016028 0.075470 -1.124783
v 3.024972 0.059978 -1.130595
v 3.024972 0.059978 -1.149405
v 3.016028 0.075470 -1.155217
v 3.149956 0.224500 -1.140000
v 3.159530 0.218972 -1.124783
v 3.175022 0.210028 -1.130595
v 3.175022 0.210028 -1.149405
v 3.159530 0.218972 -1.155217
v 3.081000 0.415000 -0.065000
v 3.088000 0.415000 -0.052876
v 3.102000 0.415000 -0.052876
v 3.109000 0.415000 -0.065000
v 3.102000 0.415000 -0.077124
v 3.088000 0.415000 -0.077124
v 3.046033 0.545500 -0.065000
v 3.052095 0.549000 -0.052876
v 3.064219 0.556000 -0.052876
v 3.070282 0.559500 -0.065000
v 3.064219 0.556000 -0.077124
v 3.052095 0.549000 -0.077124
v 2.950500 0.641033 -0.065000
v 2.954000 0.647095 -0.052876
v 2.961000 0.659219 -0.052876
v 2.964500 0.665281 -0.065000
v 2.961000 0.659219 -0.077124
v 2.954000 0.647095 -0.077124
v 2.820000 0.676000 -0.065000
v 2.820000 0.683000 -0.052876
v 2.820000 0.697000 -0.052876
v 2.820000 0.704000 -0.065000
v 2.820000 0.697000 -0.077124
v 2.820000 0.683000 -0.077124
v 2.689500 0.641033 -0.065000
v 2.686000 0.647095 -0.052876
v 2.679000 0.659219 -0.052876
v 2.675500 0.665281 -0.065000
v 2.679000 0.659219 -0.077124
v 2.686000 0.647095 -0.077124
v 2.593967 0.545500 -0.065000
v 2.587905 0.549000 -0.052876
v 2.575781 0.556000 -0.052876
v 2.569719 0.559500 -0.065000
v 2.575781 0.556000 -0.077124
v 2.587905 0.549000 -0.077124
v 2.559000 0.415000 -0.065000
v 2.552000 0.415000 -0.052876
v 2.538000 0.415000 -0.052876
v 2.531000 0.415000 -0.065000
v 2.538000 0.415000 -0.077124
v 2.552000 0.415000 -0.077124
v 2.593967 0.284500 -0.065000
v 2.587905 0.281000 -0.052876
v 2.575781 0.274000 -0.052876
v 2.569719 0.270500 -0.065000
v 2.575781 0.274000 -0.077124
v 2.587905 0.281000 -0.077124
v 2.689500 0.188967 -0.065000
v 2.686000 0.182905 -0.052876
v 2.679000 0.170781 -0.052876
v 2.675500 0.164719 -0.065000
v 2.679000 0.170781 -0.077124
v 2.686000 0.182905 -0.077124
v 2.820000 0.154000 -0.065000
v 2.820000 0.147000 -0.052876
v 2.820000 0.133000 -0.052876
v 2.820000 0.126000 -0.065000
v 2.820000 0.133000 -0.077124
v 2.820000 0.147000 -0.077124
v 2.950500 0.188967 -0.065000
v 2.954000 0.182905 -0.052876
v 2.961000 0.170781 -0.052876
v 2.964500 0.164719 -0.065000
v 2.961000 0.170781 -0.077124
v 2.954000 0.182905 -0.077124
v 3.046033 0.284500 -0.065000
v 3.052095 0.281000 -0.052876
v 3.064219 0.274000 -0.052876
v 3.070282 0.270500 -0.065000
v 3.064219 0.274000 -0.077124
v 3.052095 0.281000 -0.077124
v 3.081000 0.415000 -1.295000
v 3.088000 0.415000 -1.282876
v 3.102000 0.415000 -1.282876
v 3.109000 0.415000 -1.295000
v 3.102000 0.415000 -1.307124
v 3.088000 0.415000 -1.307124
v 3.046033 0.545500 -1.295000
v 3.052095 0.549000 -1.282876
v 3.064219 0.556000 -1.282876
v 3.070282 0.559500 -1.295000
v 3.064219 0.556000 -1.307124
v 3.052095 0.549000 -1.307124
v 2.950500 0.641033 -1.295000
v 2.954000 0.647095 -1.282876
v 2.961000 0.659219 -1.282876
v 2.964500 0.665281 -1.295000
v 2.961000 0.659219 -1.307124
v 2.954000 0.647095 -1.307124
v 2.820000 0.676000 -1.295000
v 2.820000 0.683000 -1.282876
v 2.820000 0.697000 -1.282876
v 2.820000 0.704000 -1.295000
v 2.820000 0.697000 -1.307124
v 2.820000 0.683000 -1.307124
v 2.689500 0.641033 -1.295000
v 2.686000 0.647095 -1.282876
v 2.679000 0.659219 -1.282876
v 2.675500 0.665281 -1.295000
v 2.679000 0.659219 -1.307124
v 2.686000 0.647095 -1.307124
v 2.593967 0.545500 -1.295000
v 2.587905 0.549000 -1.282876
v 2.575781 0.556000 -1.282876
v 2.569719 0.559500 -1.295000
v 2.575781 0.556000 -1.307124
v 2.587905 0.549000 -1.307124
v 2.559000 0.415000 -1.295000
v 2.552000 0.415000 -1.282876
v 2.538000 0.415000 -1.282876
v 2.531000 0.415000 -1.295000
v 2.538000 0.415000 -1.307124
v 2.552000 0.415000 -1.307124
v 2.593967 0.284500 -1.295000
v 2.587905 0.281000 -1.282876
v 2.575781 0.274000 -1.282876
v 2.569719 0.270500 -1.295000
v 2.575781 0.274000 -1.307124
v 2.587905 0.281000 -1.307124
v 2.689500 0.188967 -1.295000
v 2.686000 0.182905 -1.282876
v 2.679000 0.170781 -1.282876
v 2.675500 0.164719 -1.295000
v 2.679000 0.170781 -1.307124
v 2.686000 0.182905 -1.307124
v 2.820000 0.154000 -1.295000
v 2.820000 0.147000 -1.282876
v 2.820000 0.133000 -1.282876
v 2.820000 0.126000 -1.295000
v 2.820000 0.133000 -1.307124
v 2.820000 0.147000 -1.307124
v 2.950500 0.188967 -1.295000
v 2.954000 0.182905 -1.282876
v 2.961000 0.170781 -1.282876
v 2.964500 0.164719 -1.295000
v 2.961000 0.170781 -1.307124
v 2.954000 0.182905 -1.307124
v 3.046033 0.284500 -1.295000
v 3.052095 0.281000 -1.282876
v 3.064219 0.274000 -1.282876
v 3.070282 0.270500 -1.295000
v 3.064219 0.274000 -1.307124
v 3.052095 0.281000 -1.307124
v 2.621553 0.915053 -0.580000
v 2.620777 0.926526 -0.560081
v 2.619223 0.949474 -0.560081
v 2.618447 0.960948 -0.580000
v 2.619223 0.949474 -0.599919
v 2.620777 0.926526 -0.599919
v 2.390651 0.883874 -0.580000
v 2.380325 0.888937 -0.560081
v 2.359674 0.899063 -0.560081
v 2.349349 0.904126 -0.580000
v 2.359674 0.899063 -0.599919
v 2.380325 0.888937 -0.599919
v 2.388641 0.424048 -0.580000
v 2.377321 0.422024 -0.560081
v 2.354680 0.417976 -0.560081
v 2.343359 0.415952 -0.580000
v 2.354680 0.417976 -0.599919
v 2.377321 0.422024 -0.599919
v 2.530022 0.075702 -0.580000
v 2.525011 0.065351 -0.560081
v 2.514989 0.044649 -0.560081
v 2.509979 0.034298 -0.580000
v 2.514989 0.044649 -0.599919
v 2.525011 0.065351 -0.599919
v 3.109979 0.075702 -0.580000
v 3.114989 0.065351 -0.560081
v 3.125011 0.044649 -0.560081
v 3.130022 0.034298 -0.580000
v 3.125011 0.044649 -0.599919
v 3.114989 0.065351 -0.599919
v 3.251359 0.424048 -0.580000
v 3.262680 0.422024 -0.560081
v 3.285321 0.417976 -0.560081
v 3.296641 0.415952 -0.580000
v 3.285321 0.417976 -0.599919
v 3.262680 0.422024 -0.599919
v 3.249349 0.883874 -0.580000
v 3.259675 0.888937 -0.560081
v 3.280325 0.899063 -0.560081
v 3.290651 0.904126 -0.580000
v 3.280325 0.899063 -0.599919
v 3.259675 0.888937 -0.599919
v 3.018447 0.915053 -0.580000
v 3.019223 0.926526 -0.560081
v 3.020777 0.949474 -0.560081
v 3.021554 0.960948 -0.580000
v 3.020777 0.949474 -0.599919
v 3.019223 0.926526 -0.599919
v 2.621553 0.915053 -0.780000
v 2.620777 0.926526 -0.760081
v 2.619223 0.949474 -0.760081
v 2.618447 0.960948 -0.780000
v 2.619223 0.949474 -0.799919
v 2.620777 0.926526 -0.799919
v 2.390651 0.883874 -0.780000
v 2.380325 0.888937 -0.760081
v 2.359674 0.899063 -0.760081
v 2.349349 0.904126 -0.780000
v 2.359674 0.899063 -0.799919
v 2.380325 0.888937 -0.799919
v 2.388641 0.424048 -0.780000
v 2.377321 0.422024 -0.760081
v 2.354680 0.417976 -0.760081
v 2.343359 0.415952 -0.780000
v 2.354680 0.417976 -0.799919
v 2.377321 0.422024 -0.799919
v 2.530022 0.075702 -0.780000
v 2.525011 0.065351 -0.760081
v 2.514989 0.044649 -0.760081
v 2.509979 0.034298 -0.780000
v 2.514989 0.044649 -0.799919
v 2.525011 0.065351 -0.799919
v 3.109979 0.075702 -0.780000
v 3.114989 0.065351 -0.760081
v 3.125011 0.044649 -0.760081
v 3.130022 0.034298 -0.780000
v 3.125011 0.044649 -0.799919
v 3.114989 0.065351 -0.799919
v 3.251359 0.424048 -0.780000
v 3.262680 0.422024 -0.760081
v 3.285321 0.417976 -0.760081
v 3.296641 0.415952 -0.780000
v 3.285321 0.417976 -0.799919
v 3.262680 0.422024 -0.799919
v 3.249349 0.883874 -0.780000
v 3.259675 0.888937 -0.760081
v 3.280325 0.899063 -0.760081
v 3.290651 0.904126 -0.780000
v 3.280325 0.899063 -0.799919
v 3.259675 0.888937 -0.799919
v 3.018447 0.915053 -0.780000
v 3.019223 0.926526 -0.760081
v 3.020777 0.949474 -0.760081
v 3.021554 0.960948 -0.780000
v 3.020777 0.949474 -0.799919
v 3.019223 0.926526 -0.799919
v 3.980000 0.415000 1.290000
v 3.942487 0.555000 1.290000
v 3.840000 0.657487 1.290000
v 3.700000 0.695000 1.290000
v 3.560000 0.657487 1.290000
v 3.457513 0.555000 1.290000
v 3.420000 0.415000 1.290000
v 3.457513 0.275000 1.290000
v 3.560000 0.172513 1.290000
v 3.700000 0.135000 1.290000
v 3.840000 0.172513 1.290000
v 3.942487 0.275000 1.290000
v 4.040000 0.415000 1.250000
v 3.994449 0.585000 1.250000
v 3.870000 0.709449 1.250000
v 3.700000 0.755000 1.250000
v 3.530000 0.709449 1.250000
v 3.405551 0.585000 1.250000
v 3.360000 0.415000 1.250000
v 3.405551 0.245000 1.250000
v 3.530000 0.120551 1.250000
v 3.700000 0.075000 1.250000
v 3.870000 0.120551 1.250000
v 3.994449 0.245000 1.250000
v 4.090000 0.415000 1.130000
v 4.037750 0.610000 1.130000
v 3.895000 0.752750 1.130000
v 3.700000 0.805000 1.130000
v 3.505000 0.752750 1.130000
v 3.362250 0.610000 1.130000
v 3.310000 0.415000 1.130000
v 3.362250 0.220000 1.130000
v 3.505000 0.077250 1.130000
v 3.700000 0.025000 1.130000
v 3.895000 0.077250 1.130000
v 4.037750 0.220000 1.130000
v 4.113000 0.415000 0.960000
v 4.057669 0.621500 0.960000
v 3.906500 0.772668 0.960000
v 3.700000 0.828000 0.960000
v 3.493500 0.772668 0.960000
v 3.342331 0.621500 0.960000
v 3.287000 0.415000 0.960000
v 3.342331 0.208500 0.960000
v 3.493500 0.057332 0.960000
v 3.700000 0.002000 0.960000
v 3.906500 0.057332 0.960000
v 4.057669 0.208500 0.960000
v 4.113000 0.415000 0.400000
v 4.057669 0.621500 0.400000
v 3.906500 0.772668 0.400000
v 3.700000 0.828000 0.400000
v 3.493500 0.772668 0.400000
v 3.342331 0.621500 0.400000
v 3.287000 0.415000 0.400000
v 3.342331 0.208500 0.400000
v 3.493500 0.057332 0.400000
v 3.700000 0.002000 0.400000
v 3.906500 0.057332 0.400000
v 4.057669 0.208500 0.400000
v 4.090000 0.415000 0.230000
v 4.037750 0.610000 0.230000
v 3.895000 0.752750 0.230000
v 3.700000 0.805000 0.230000
v 3.505000 0.752750 0.230000
v 3.362250 0.610000 0.230000
v 3.310000 0.415000 0.230000
v 3.362250 0.220000 0.230000
v 3.505000 0.077250 0.230000
v 3.700000 0.025000 0.230000
v 3.895000 0.077250 0.230000
v 4.037750 0.220000 0.230000
v 4.040000 0.415000 0.110000
v 3.994449 0.585000 0.110000
v 3.870000 0.709449 0.110000
v 3.700000 0.755000 0.110000
v 3.530000 0.709449 0.110000
v 3.405551 0.585000 0.110000
v 3.360000 0.415000 0.110000
v 3.405551 0.245000 0.110000
v 3.530000 0.120551 0.110000
v 3.700000 0.075000 0.110000
v 3.870000 0.120551 0.110000
v 3.994449 0.245000 0.110000
v 3.980000 0.415000 0.070000
v 3.942487 0.555000 0.070000
v 3.840000 0.657487 0.070000
v 3.700000 0.695000 0.070000
v 3.560000 0.657487 0.070000
v 3.457513 0.555000 0.070000
v 3.420000 0.415000 0.070000
v 3.457513 0.275000 0.070000
v 3.560000 0.172513 0.070000
v 3.700000 0.135000 0.070000
v 3.840000 0.172513 0.070000
v 3.942487 0.275000 0.070000
v 4.081000 0.415000 1.140000
v 4.092056 0.415000 1.155217
v 4.109944 0.415000 1.149405
v 4.109944 0.415000 1.130595
v 4.092056 0.415000 1.124783
v 4.029956 0.605500 1.140000
v 4.039530 0.611028 1.155217
v 4.055022 0.619972 1.149405
v 4.055022 0.619972 1.130595
v 4.039530 0.611028 1.124783
v 3.890500 0.744956 1.140000
v 3.896028 0.754530 1.155217
v 3.904972 0.770022 1.149405
v 3.904972 0.770022 1.130595
v 3.896028 0.754530 1.124783
v 3.700000 0.796000 1.140000
v 3.700000 0.807056 1.155217
v 3.700000 0.824944 1.149405
v 3.700000 0.824944 1.130595
v 3.700000 0.807056 1.124783
v 3.509500 0.744956 1.140000
v 3.503972 0.754530 1.155217
v 3.495028 0.770022 1.149405
v 3.495028 0.770022 1.130595
v 3.503972 0.754530 1.124783
v 3.370044 0.605500 1.140000
v 3.360470 0.611028 1.155217
v 3.344978 0.619972 1.149405
v 3.344978 0.619972 1.130595
v 3.360470 0.611028 1.124783
v 3.319000 0.415000 1.140000
v 3.307944 0.415000 1.155217
v 3.290056 0.415000 1.149405
v 3.290056 0.415000 1.130595
v 3.307944 0.415000 1.124783
v 3.370044 0.224500 1.140000
v 3.360470 0.218972 1.155217
v 3.344978 0.210028 1.149405
v 3.344978 0.210028 1.130595
v 3.360470 0.218972 1.124783
v 3.509500 0.085044 1.140000
v 3.503972 0.075470 1.155217
v 3.495028 0.059978 1.149405
v 3.495028 0.059978 1.130595
v 3.503972 0.075470 1.124783
v 3.700000 0.034000 1.140000
v 3.700000 0.022944 1.155217
v 3.700000 0.005056 1.149405
v 3.700000 0.005056 1.130595
v 3.700000 0.022944 1.124783
v 3.890500 0.085044 1.140000
v 3.896028 0.075470 1.155217
v 3.904972 0.059978 1.149405
v 3.904972 0.059978 1.130595
v 3.896028 0.075470 1.124783
v 4.029956 0.224500 1.140000
v 4.039530 0.218972 1.155217
v 4.055022 0.210028 1.149405
v 4.055022 0.210028 1.130595
v 4.039530 0.218972 1.124783
v 4.081000 0.415000 0.220000
v 4.092056 0.415000 0.235217
v 4.109944 0.415000 0.229405
v 4.109944 0.415000 0.210595
v 4.092056 0.415000 0.204783
v 4.029956 0.605500 0.220000
v 4.039530 0.611028 0.235217
v 4.055022 0.619972 0.229405
v 4.055022 0.619972 0.210595
v 4.039530 0.611028 0.204783
v 3.890500 0.744956 0.220000
v 3.896028 0.754530 0.235217
v 3.904972 0.770022 0.229405
v 3.904972 0.770022 0.210595
v 3.896028 0.754530 0.204783
v 3.700000 0.796000 0.220000
v 3.700000 0.807056 0.235217
v 3.700000 0.824944 0.229405
v 3.700000 0.824944 0.210595
v 3.700000 0.807056 0.204783
v 3.509500 0.744956 0.220000
v 3.503972 0.754530 0.235217
v 3.495028 0.770022 0.229405
v 3.495028 0.770022 0.210595
v 3.503972 0.754530 0.204783
v 3.370044 0.605500 0.220000
v 3.360470 0.611028 0.235217
v 3.344978 0.619972 0.229405
v 3.344978 0.619972 0.210595
v 3.360470 0.611028 0.204783
v 3.319000 0.415000 0.220000
v 3.307944 0.415000 0.235217
v 3.290056 0.415000 0.229405
v 3.290056 0.415000 0.210595
v 3.307944 0.415000 0.204783
v 3.370044 0.224500 0.220000
v 3.360470 0.218972 0.235217
v 3.344978 0.210028 0.229405
v 3.344978 0.210028 0.210595
v 3.360470 0.218972 0.204783
v 3.509500 0.085044 0.220000
v 3.503972 0.075470 0.235217
v 3.495028 0.059978 0.229405
v 3.495028 0.059978 0.210595
v 3.503972 0.075470 0.204783
v 3.700000 0.034000 0.220000
v 3.700000 0.022944 0.235217
v 3.700000 0.005056 0.229405
v 3.700000 0.005056 0.210595
v 3.700000 0.022944 0.204783
v 3.890500 0.085044 0.220000
v 3.896028 0.075470 0.235217
v 3.904972 0.059978 0.229405
v 3.904972 0.059978 0.210595
v 3.896028 0.075470 0.204783
v 4.029956 0.224500 0.220000
v 4.039530 0.218972 0.235217
v 4.055022 0.210028 0.229405
v 4.055022 0.210028 0.210595
v 4.039530 0.218972 0.204783
v 3.961000 0.415000 1.295000
v 3.968000 0.415000 1.307124
v 3.982000 0.415000 1.307124
v 3.989000 0.415000 1.295000
v 3.982000 0.415000 1.282876
v 3.968000 0.415000 1.282876
v 3.926033 0.545500 1.295000
v 3.932095 0.549000 1.307124
v 3.944219 0.556000 1.307124
v 3.950281 0.559500 1.295000
v 3.944219 0.556000 1.282876
v 3.932095 0.549000 1.282876
v 3.830500 0.641033 1.295000
v 3.834000 0.647095 1.307124
v 3.841000 0.659219 1.307124
v 3.844500 0.665281 1.295000
v 3.841000 0.659219 1.282876
v 3.834000 0.647095 1.282876
v 3.700000 0.676000 1.295000
v 3.700000 0.683000 1.307124
v 3.700000 0.697000 1.307124
v 3.700000 0.704000 1.295000
v 3.700000 0.697000 1.282876
v 3.700000 0.683000 1.282876
v 3.569500 0.641033 1.295000
v 3.566000 0.647095 1.307124
v 3.559000 0.659219 1.307124
v 3.555500 0.665281 1.295000
v 3.559000 0.659219 1.282876
v 3.566000 0.647095 1.282876
v 3.473968 0.545500 1.295000
v 3.467905 0.549000 1.307124
v 3.455781 0.556000 1.307124
v 3.449719 0.559500 1.295000
v 3.455781 0.556000 1.282876
v 3.467905 0.549000 1.282876
v 3.439000 0.415000 1.295000
v 3.432000 0.415000 1.307124
v 3.418000 0.415000 1.307124
v 3.411000 0.415000 1.295000
v 3.418000 0.415000 1.282876
v 3.432000 0.415000 1.282876
v 3.473968 0.284500 1.295000
v 3.467905 0.281000 1.307124
v 3.455781 0.274000 1.307124
v 3.449719 0.270500 1.295000
v 3.455781 0.274000 1.282876
v 3.467905 0.281000 1.282876
v 3.569500 0.188967 1.295000
v 3.566000 0.182905 1.307124
v 3.559000 0.170781 1.307124
v 3.555500 0.164719 1.295000
v 3.559000 0.170781 1.282876
v 3.566000 0.182905 1.282876
v 3.700000 0.154000 1.295000
v 3.700000 0.147000 1.307124
v 3.700000 0.133000 1.307124
v 3.700000 0.126000 1.295000
v 3.700000 0.133000 1.282876
v 3.700000 0.147000 1.282876
v 3.830500 0.188967 1.295000
v 3.834000 0.182905 1.307124
v 3.841000 0.170781 1.307124
v 3.844500 0.164719 1.295000
v 3.841000 0.170781 1.282876
v 3.834000 0.182905 1.282876
v 3.926033 0.284500 1.295000
v 3.932095 0.281000 1.307124
v 3.944219 0.274000 1.307124
v 3.950281 0.270500 1.295000
v 3.944219 0.274000 1.282876
v 3.932095 0.281000 1.282876
v 3.961000 0.415000 0.065000
v 3.968000 0.415000 0.077124
v 3.982000 0.415000 0.077124
v 3.989000 0.415000 0.065000
v 3.982000 0.415000 0.052876
v 3.968000 0.415000 0.052876
v 3.926033 0.545500 0.065000
v 3.932095 0.549000 0.077124
v 3.944219 0.556000 0.077124
v 3.950281 0.559500 0.065000
v 3.944219 0.556000 0.052876
v 3.932095 0.549000 0.052876
v 3.830500 0.641033 0.065000
v 3.834000 0.647095 0.077124
v 3.841000 0.659219 0.077124
v 3.844500 0.665281 0.065000
v 3.841000 0.659219 0.052876
v 3.834000 0.647095 0.052876
v 3.700000 0.676000 0.065000
v 3.700000 0.683000 0.077124
v 3.700000 0.697000 0.077124
v 3.700000 0.704000 0.065000
v 3.700000 0.697000 0.052876
v 3.700000 0.683000 0.052876
v 3.569500 0.641033 0.065000
v 3.566000 0.647095 0.077124
v 3.559000 0.659219 0.077124
v 3.555500 0.665281 0.065000
v 3.559000 0.659219 0.052876
v 3.566000 0.647095 0.052876
v 3.473968 0.545500 0.065000
v 3.467905 0.549000 0.077124
v 3.455781 0.556000 0.077124
v 3.449719 0.559500 0.065000
v 3.455781 0.556000 0.052876
v 3.467905 0.549000 0.052876
v 3.439000 0.415000 0.065000
v 3.432000 0.415000 0.077124
v 3.418000 0.415000 0.077124
v 3.411000 0.415000 0.065000
v 3.418000 0.415000 0.052876
v 3.432000 0.415000 0.052876
v 3.473968 0.284500 0.065000
v 3.467905 0.281000 0.077124
v 3.455781 0.274000 0.077124
v 3.449719 0.270500 0.065000
v 3.455781 0.274000 0.052876
v 3.467905 0.281000 0.052876
v 3.569500 0.188967 0.065000
v 3.566000 0.182905 0.077124
v 3.559000 0.170781 0.077124
v 3.555500 0.164719 0.065000
v 3.559000 0.170781 0.052876
v 3.566000 0.182905 0.052876
v 3.700000 0.154000 0.065000
v 3.700000 0.147000 0.077124
v 3.700000 0.133000 0.077124
v 3.700000 0.126000 0.065000
v 3.700000 0.133000 0.052876
v 3.700000 0.147000 0.052876
v 3.830500 0.188967 0.065000
v 3.834000 0.182905 0.077124
v 3.841000 0.170781 0.077124
v 3.844500 0.164719 0.065000
v 3.841000 0.170781 0.052876
v 3.834000 0.182905 0.052876
v 3.926033 0.284500 0.065000
v 3.932095 0.281000 0.077124
v 3.944219 0.274000 0.077124
v 3.950281 0.270500 0.065000
v 3.944219 0.274000 0.052876
v 3.932095 0.281000 0.052876
v 3.501554 0.915053 0.780000
v 3.500777 0.926526 0.799919
v 3.499223 0.949474 0.799919
v 3.498447 0.960948 0.780000
v 3.499223 0.949474 0.760081
v 3.500777 0.926526 0.760081
v 3.270651 0.883874 0.780000
v 3.260325 0.888937 0.799919
v 3.239675 0.899063 0.799919
v 3.229349 0.904126 0.780000
v 3.239675 0.899063 0.760081
v 3.260325 0.888937 0.760081
v 3.268641 0.424048 0.780000
v 3.257320 0.422024 0.799919
v 3.234680 0.417976 0.799919
v 3.223359 0.415952 0.780000
v 3.234680 0.417976 0.760081
v 3.257320 0.422024 0.760081
v 3.410022 0.075702 0.780000
v 3.405011 0.065351 0.799919
v 3.394989 0.044649 0.799919
v 3.389978 0.034298 0.780000
v 3.394989 0.044649 0.760081
v 3.405011 0.065351 0.760081
v 3.989979 0.075702 0.780000
v 3.994989 0.065351 0.799919
v 4.005011 0.044649 0.799919
v 4.010022 0.034298 0.780000
v 4.005011 0.044649 0.760081
v 3.994989 0.065351 0.760081
v 4.131359 0.424048 0.780000
v 4.142680 0.422024 0.799919
v 4.165320 0.417976 0.799919
v 4.176641 0.415952 0.780000
v 4.165320 0.417976 0.760081
v 4.142680 0.422024 0.760081
v 4.129349 0.883874 0.780000
v 4.139675 0.888937 0.799919
v 4.160326 0.899063 0.799919
v 4.170651 0.904126 0.780000
v 4.160326 0.899063 0.760081
v 4.139675 0.888937 0.760081
v 3.898447 0.915053 0.780000
v 3.899223 0.926526 0.799919
v 3.900777 0.949474 0.799919
v 3.901553 0.960948 0.780000
v 3.900777 0.949474 0.760081
v 3.899223 0.926526 0.760081
v 3.501554 0.915053 0.580000
v 3.500777 0.926526 0.599919
v 3.499223 0.949474 0.599919
v 3.498447 0.960948 0.580000
v 3.499223 0.949474 0.560081
v 3.500777 0.926526 0.560081
v 3.270651 0.883874 0.580000
v 3.260325 0.888937 0.599919
v 3.239675 0.899063 0.599919
v 3.229349 0.904126 0.580000
v 3.239675 0.899063 0.560081
v 3.260325 0.888937 0.560081
v 3.268641 0.424048 0.580000
v 3.257320 0.422024 0.599919
v 3.234680 0.417976 0.599919
v 3.223359 0.415952 0.580000
v 3.234680 0.417976 0.560081
v 3.257320 0.422024 0.560081
v 3.410022 0.075702 0.580000
v 3.405011 0.065351 0.599919
v 3.394989 0.044649 0.599919
v 3.389978 0.034298 0.580000
v 3.394989 0.044649 0.560081
v 3.405011 0.065351 0.560081
v 3.989979 0.075702 0.580000
v 3.994989 0.065351 0.599919
v 4.005011 0.044649 0.599919
v 4.010022 0.034298 0.580000
v 4.005011 0.044649 0.560081
v 3.994989 0.065351 0.560081
v 4.131359 0.424048 0.580000
v 4.142680 0.422024 0.599919
v 4.165320 0.417976 0.599919
v 4.176641 0.415952 0.580000
v 4.165320 0.417976 0.560081
v 4.142680 0.422024 0.560081
v 4.129349 0.883874 0.580000
v 4.139675 0.888937 0.599919
v 4.160326 0.899063 0.599919
v 4.170651 0.904126 0.580000
v 4.160326 0.899063 0.560081
v 4.139675 0.888937 0.560081
v 3.898447 0.915053 0.580000
v 3.899223 0.926526 0.599919
v 3.900777 0.949474 0.599919
v 3.901553 0.960948 0.580000
v 3.900777 0.949474 0.560081
v 3.899223 0.926526 0.560081
v 3.980000 0.415000 -0.070000
v 3.942487 0.555000 -0.070000
v 3.840000 0.657487 -0.070000
v 3.700000 0.695000 -0.070000
v 3.560000 0.657487 -0.070000
v 3.457513 0.555000 -0.070000
v 3.420000 0.415000 -0.070000
v 3.457513 0.275000 -0.070000
v 3.560000 0.172513 -0.070000
v 3.700000 0.135000 -0.070000
v 3.840000 0.172513 -0.070000
v 3.942487 0.275000 -0.070000
v 4.040000 0.415000 -0.110000
v 3.994449 0.585000 -0.110000
v 3.870000 0.709449 -0.110000
v 3.700000 0.755000 -0.110000
v 3.530000 0.709449 -0.110000
v 3.405551 0.585000 -0.110000
v 3.360000 0.415000 -0.110000
v 3.405551 0.245000 -0.110000
v 3.530000 0.120551 -0.110000
v 3.700000 0.075000 -0.110000
v 3.870000 0.120551 -0.110000
v 3.994449 0.245000 -0.110000
v 4.090000 0.415000 -0.230000
v 4.037750 0.610000 -0.230000
v 3.895000 0.752750 -0.230000
v 3.700000 0.805000 -0.230000
v 3.505000 0.752750 -0.230000
v 3.362250 0.610000 -0.230000
v 3.310000 0.415000 -0.230000
v 3.362250 0.220000 -0.230000
v 3.505000 0.077250 -0.230000
v 3.700000 0.025000 -0.230000
v 3.895000 0.077250 -0.230000
v 4.037750 0.220000 -0.230000
v 4.113000 0.415000 -0.400000
v 4.057669 0.621500 -0.400000
v 3.906500 0.772668 -0.400000
v 3.700000 0.828000 -0.400000
v 3.493500 0.772668 -0.400000
v 3.342331 0.621500 -0.400000
v 3.287000 0.415000 -0.400000
v 3.342331 0.208500 -0.400000
v 3.493500 0.057332 -0.400000
v 3.700000 0.002000 -0.400000
v 3.906500 0.057332 -0.400000
v 4.057669 0.208500 -0.400000
v 4.113000 0.415000 -0.960000
v 4.057669 0.621500 -0.960000
v 3.906500 0.772668 -0.960000
v 3.700000 0.828000 -0.960000
v 3.493500 0.772668 -0.960000
v 3.342331 0.621500 -0.960000
v 3.287000 0.415000 -0.960000
v 3.342331 0.208500 -0.960000
v 3.493500 0.057332 -0.960000
v 3.700000 0.002000 -0.960000
v 3.906500 0.057332 -0.960000
v 4.057669 0.208500 -0.960000
v 4.090000 0.415000 -1.130000
v 4.037750 0.610000 -1.130000
v 3.895000 0.752750 -1.130000
v 3.700000 0.805000 -1.130000
v 3.505000 0.752750 -1.130000
v 3.362250 0.610000 -1.130000
v 3.310000 0.415000 -1.130000
v 3.362250 0.220000 -1.130000
v 3.505000 0.077250 -1.130000
v 3.700000 0.025000 -1.130000
v 3.895000 0.077250 -1.130000
v 4.037750 0.220000 -1.130000
v 4.040000 0.415000 -1.250000
v 3.994449 0.585000 -1.250000
v 3.870000 0.709449 -1.250000
v 3.700000 0.755000 -1.250000
v 3.530000 0.709449 -1.250000
v 3.405551 0.585000 -1.250000
v 3.360000 0.415000 -1.250000
v 3.405551 0.245000 -1.250000
v 3.530000 0.120551 -1.250000
v 3.700000 0.075000 -1.250000
v 3.870000 0.120551 -1.250000
v 3.994449 0.245000 -1.250000
v 3.980000 0.415000 -1.290000
v 3.942487 0.555000 -1.290000
v 3.840000 0.657487 -1.290000
v 3.700000 0.695000 -1.290000
v 3.560000 0.657487 -1.290000
v 3.457513 0.555000 -1.290000
v 3.420000 0.415000 -1.290000
v 3.457513 0.275000 -1.290000
v 3.560000 0.172513 -1.290000
v 3.700000 0.135000 -1.290000
v 3.840000 0.172513 -1.290000
v 3.942487 0.275000 -1.290000
v 4.081000 0.415000 -0.220000
v 4.092056 0.415000 -0.204783
v 4.109944 0.415000 -0.210595
v 4.109944 0.415000 -0.229405
v 4.092056 0.415000 -0.235217
v 4.029956 0.605500 -0.220000
v 4.039530 0.611028 -0.204783
v 4.055022 0.619972 -0.210595
v 4.055022 0.619972 -0.229405
v 4.039530 0.611028 -0.235217
v 3.890500 0.744956 -0.220000
v 3.896028 0.754530 -0.204783
v 3.904972 0.770022 -0.210595
v 3.904972 0.770022 -0.229405
v 3.896028 0.754530 -0.235217
v 3.700000 0.796000 -0.220000
v 3.700000 0.807056 -0.204783
v 3.700000 0.824944 -0.210595
v 3.700000 0.824944 -0.229405
v 3.700000 0.807056 -0.235217
v 3.509500 0.744956 -0.220000
v 3.503972 0.754530 -0.204783
v 3.495028 0.770022 -0.210595
v 3.495028 0.770022 -0.229405
v 3.503972 0.754530 -0.235217
v 3.370044 0.605500 -0.220000
v 3.360470 0.611028 -0.204783
v 3.344978 0.619972 -0.210595
v 3.344978 0.619972 -0.229405
v 3.360470 0.611028 -0.235217
v 3.319000 0.415000 -0.220000
v 3.307944 0.415000 -0.204783
v 3.290056 0.415000 -0.210595
v 3.290056 0.415000 -0.229405
v 3.307944 0.415000 -0.235217
v 3.370044 0.224500 -0.220000
v 3.360470 0.218972 -0.204783
v 3.344978 0.210028 -0.210595
v 3.344978 0.210028 -0.229405
v 3.360470 0.218972 -0.235217
v 3.509500 0.085044 -0.220000
v 3.503972 0.075470 -0.204783
v 3.495028 0.059978 -0.210595
v 3.495028 0.059978 -0.229405
v 3.503972 0.075470 -0.235217
v 3.700000 0.034000 -0.220000
v 3.700000 0.022944 -0.204783
v 3.700000 0.005056 -0.210595
v 3.700000 0.005056 -0.229405
v 3.700000 0.022944 -0.235217
v 3.890500 0.085044 -0.220000
v 3.896028 0.075470 -0.204783
v 3.904972 0.059978 -0.210595
v 3.904972 0.059978 -0.229405
v 3.896028 0.075470 -0.235217
v 4.029956 0.224500 -0.220000
v 4.039530 0.218972 -0.204783
v 4.055022 0.210028 -0.210595
v 4.055022 0.210028 -0.229405
v 4.039530 0.218972 -0.235217
v 4.081000 0.415000 -1.140000
v 4.092056 0.415000 -1.124783
v 4.109944 0.415000 -1.130595
v 4.109944 0.415000 -1.149405
v 4.092056 0.415000 -1.155217
v 4.029956 0.605500 -1.140000
v 4.039530 0.611028 -1.124783
v 4.055022 0.619972 -1.130595
v 4.055022 0.619972 -1.149405
v 4.039530 0.611028 -1.155217
v 3.890500 0.744956 -1.140000
v 3.896028 0.754530 -1.124783
v 3.904972 0.770022 -1.130595
v 3.904972 0.770022 -1.149405
v 3.896028 0.754530 -1.155217
v 3.700000 0.796000 -1.140000
v 3.700000 0.807056 -1.124783
v 3.700000 0.824944 -1.130595
v 3.700000 0.824944 -1.149405
v 3.700000 0.807056 -1.155217
v 3.509500 0.744956 -1.140000
v 3.503972 0.754530 -1.124783
v 3.495028 0.770022 -1.130595
v 3.495028 0.770022 -1.149405
v 3.503972 0.754530 -1.155217
v 3.370044 0.605500 -1.140000
v 3.360470 0.611028 -1.124783
v 3.344978 0.619972 -1.130595
v 3.344978 0.619972 -1.149405
v 3.360470 0.611028 -1.155217
v 3.319000 0.415000 -1.140000
v 3.307944 0.415000 -1.124783
v 3.290056 0.415000 -1.130595
v 3.290056 0.415000 -1.149405
v 3.307944 0.415000 -1.155217
v 3.370044 0.224500 -1.140000
v 3.360470 0.218972 -1.124783
v 3.344978 0.210028 -1.130595
v 3.344978 0.210028 -1.149405
v 3.360470 0.218972 -1.155217
v 3.509500 0.085044 -1.140000
v 3.503972 0.075470 -1.124783
v 3.495028 0.059978 -1.130595
v 3.495028 0.059978 -1.149405
v 3.503972 0.075470 -1.155217
v 3.700000 0.034000 -1.140000
v 3.700000 0.022944 -1.124783
v 3.700000 0.005056 -1.130595
v 3.700000 0.005056 -1.149405
v 3.700000 0.022944 -1.155217
v 3.890500 0.085044 -1.140000
v 3.896028 0.075470 -1.124783
v 3.904972 0.059978 -1.130595
v 3.904972 0.059978 -1.149405
v 3.896028 0.075470 -1.155217
v 4.029956 0.224500 -1.140000
v 4.039530 0.218972 -1.124783
v 4.055022 0.210028 -1.130595
v 4.055022 0.210028 -1.149405
v 4.039530 0.218972 -1.155217
v 3.961000 0.415000 -0.065000
v 3.968000 0.415000 -0.052876
v 3.982000 0.415000 -0.052876
v 3.989000 0.415000 -0.065000
v 3.982000 0.415000 -0.077124
v 3.968000 0.415000 -0.077124
v 3.926033 0.545500 -0.065000
v 3.932095 0.549000 -0.052876
v 3.944219 0.556000 -0.052876
v 3.950281 0.559500 -0.065000
v 3.944219 0.556000 -0.077124
v 3.932095 0.549000 -0.077124
v 3.830500 0.641033 -0.065000
v 3.834000 0.647095 -0.052876
v 3.841000 0.659219 -0.052876
v 3.844500 0.665281 -0.065000
v 3.841000 0.659219 -0.077124
v 3.834000 0.647095 -0.077124
v 3.700000 0.676000 -0.065000
v 3.700000 0.683000 -0.052876
v 3.700000 0.697000 -0.052876
v 3.700000 0.704000 -0.065000
v 3.700000 0.697000 -0.077124
v 3.700000 0.683000 -0.077124
v 3.569500 0.641033 -0.065000
v 3.566000 0.647095 -0.052876
v 3.559000 0.659219 -0.052876
v 3.555500 0.665281 -0.065000
v 3.559000 0.659219 -0.077124
v 3.566000 0.647095 -0.077124
v 3.473968 0.545500 -0.065000
v 3.467905 0.549000 -0.052876
v 3.455781 0.556000 -0.052876
v 3.449719 0.559500 -0.065000
v 3.455781 0.556000 -0.077124
v 3.467905 0.549000 -0.077124
v 3.439000 0.415000 -0.065000
v 3.432000 0.415000 -0.052876
v 3.418000 0.415000 -0.052876
v 3.411000 0.415000 -0.065000
v 3.418000 0.415000 -0.077124
v 3.432000 0.415000 -0.077124
v 3.473968 0.284500 -0.065000
v 3.467905 0.281000 -0.052876
v 3.455781 0.274000 -0.052876
v 3.449719 0.270500 -0.065000
v 3.455781 0.274000 -0.077124
v 3.467905 0.281000 -0.077124
v 3.569500 0.188967 -0.065000
v 3.566000 0.182905 -0.052876
v 3.559000 0.170781 -0.052876
v 3.555500 0.164719 -0.065000
v 3.559000 0.170781 -0.077124
v 3.566000 0.182905 -0.077124
v 3.700000 0.154000 -0.065000
v 3.700000 0.147000 -0.052876
v 3.700000 0.133000 -0.052876
v 3.700000 0.126000 -0.065000
v 3.700000 0.133000 -0.077124
v 3.700000 0.147000 -0.077124
v 3.830500 0.188967 -0.065000
v 3.834000 0.182905 -0.052876
v 3.841000 0.170781 -0.052876
v 3.844500 0.164719 -0.065000
v 3.841000 0.170781 -0.077124
v 3.834000 0.182905 -0.077124
v 3.926033 0.284500 -0.065000
v 3.932095 0.281000 -0.052876
v 3.944219 0.274000 -0.052876
v 3.950281 0.270500 -0.065000
v 3.944219 0.274000 -0.077124
v 3.932095 0.281000 -0.077124
v 3.961000 0.415000 -1.295000
v 3.968000 0.415000 -1.282876
v 3.982000 0.415000 -1.282876
v 3.989000 0.415000 -1.295000
v 3.982000 0.415000 -1.307124
v 3.968000 0.415000 -1.307124
v 3.926033 0.545500 -1.295000
v 3.932095 0.549000 -1.282876
v 3.944219 0.556000 -1.282876
v 3.950281 0.559500 -1.295000
v 3.944219 0.556000 -1.307124
v 3.932095 0.549000 -1.307124
v 3.830500 0.641033 -1.295000
v 3.834000 0.647095 -1.282876
v 3.841000 0.659219 -1.282876
v 3.844500 0.665281 -1.295000
v 3.841000 0.659219 -1.307124
v 3.834000 0.647095 -1.307124
v 3.700000 0.676000 -1.295000
v 3.700000 0.683000 -1.282876
v 3.700000 0.697000 -1.282876
v 3.700000 0.704000 -1.295000
v 3.700000 0.697000 -1.307124
v 3.700000 0.683000 -1.307124
v 3.569500 0.641033 -1.295000
v 3.566000 0.647095 -1.282876
v 3.559000 0.659219 -1.282876
v 3.555500 0.665281 -1.295000
v 3.559000 0.659219 -1.307124
v 3.566000 0.647095 -1.307124
v 3.473968 0.545500 -1.295000
v 3.467905 0.549000 -1.282876
v 3.455781 0.556000 -1.282876
v 3.449719 0.559500 -1.295000
v 3.455781 0.556000 -1.307124
v 3.467905 0.549000 -1.307124
v 3.439000 0.415000 -1.295000
v 3.432000 0.415000 -1.282876
v 3.418000 0.415000 -1.282876
v 3.411000 0.415000 -1.295000
v 3.418000 0.415000 -1.307124
v 3.432000 0.415000 -1.307124
v 3.473968 0.284500 -1.295000
v 3.467905 0.281000 -1.282876
v 3.455781 0.274000 -1.282876
v 3.449719 0.270500 -1.295000
v 3.455781 0.274000 -1.307124
v 3.467905 0.281000 -1.307124
v 3.569500 0.188967 -1.295000
v 3.566000 0.182905 -1.282876
v 3.559000 0.170781 -1.282876
v 3.555500 0.164719 -1.295000
v 3.559000 0.170781 -1.307124
v 3.566000 0.182905 -1.307124
v 3.700000 0.154000 -1.295000
v 3.700000 0.147000 -1.282876
v 3.700000 0.133000 -1.282876
v 3.700000 0.126000 -1.295000
v 3.700000 0.133000 -1.307124
v 3.700000 0.147000 -1.307124
v 3.830500 0.188967 -1.295000
v 3.834000 0.182905 -1.282876
v 3.841000 0.170781 -1.282876
v 3.844500 0.164719 -1.295000
v 3.841000 0.170781 -1.307124
v 3.834000 0.182905 -1.307124
v 3.926033 0.284500 -1.295000
v 3.932095 0.281000 -1.282876
v 3.944219 0.274000 -1.282876
v 3.950281 0.270500 -1.295000
v 3.944219 0.274000 -1.307124
v 3.932095 0.281000 -1.307124
v 3.501554 0.915053 -0.580000
v 3.500777 0.926526 -0.560081
v 3.499223 0.949474 -0.560081
v 3.498447 0.960948 -0.580000
v 3.499223 0.949474 -0.599919
v 3.500777 0.926526 -0.599919
v 3.270651 0.883874 -0.580000
v 3.260325 0.888937 -0.560081
v 3.239675 0.899063 -0.560081
v 3.229349 0.904126 -0.580000
v 3.239675 0.899063 -0.599919
v 3.260325 0.888937 -0.599919
v 3.268641 0.424048 -0.580000
v 3.257320 0.422024 -0.560081
v 3.234680 0.417976 -0.560081
v 3.223359 0.415952 -0.580000
v 3.234680 0.417976 -0.599919
v 3.257320 0.422024 -0.599919
v 3.410022 0.075702 -0.580000
v 3.405011 0.065351 -0.560081
v 3.394989 0.044649 -0.560081
v 3.389978 0.034298 -0.580000
v 3.394989 0.044649 -0.599919
v 3.405011 0.065351 -0.599919
v 3.989979 0.075702 -0.580000
v 3.994989 0.065351 -0.560081
v 4.005011 0.044649 -0.560081
v 4.010022 0.034298 -0.580000
v 4.005011 0.044649 -0.599919
v 3.994989 0.065351 -0.599919
v 4.131359 0.424048 -0.580000
v 4.142680 0.422024 -0.560081
v 4.165320 0.417976 -0.560081
v 4.176641 0.415952 -0.580000
v 4.165320 0.417976 -0.599919
v 4.142680 0.422024 -0.599919
v 4.129349 0.883874 -0.580000
v 4.139675 0.888937 -0.560081
v 4.160326 0.899063 -0.560081
v 4.170651 0.904126 -0.580000
v 4.160326 0.899063 -0.599919
v 4.139675 0.888937 -0.599919
v 3.898447 0.915053 -0.580000
v 3.899223 0.926526 -0.560081
v 3.900777 0.949474 -0.560081
v 3.901553 0.960948 -0.580000
v 3.900777 0.949474 -0.599919
v 3.899223 0.926526 -0.599919
v 3.501554 0.915053 -0.780000
v 3.500777 0.926526 -0.760081
v 3.499223 0.949474 -0.760081
v 3.498447 0.960948 -0.780000
v 3.499223 0.949474 -0.799919
v 3.500777 0.926526 -0.799919
v 3.270651 0.883874 -0.780000
v 3.260325 0.888937 -0.760081
v 3.239675 0.899063 -0.760081
v 3.229349 0.904126 -0.780000
v 3.239675 0.899063 -0.799919
v 3.260325 0.888937 -0.799919
v 3.268641 0.424048 -0.780000
v 3.257320 0.422024 -0.760081
v 3.234680 0.417976 -0.760081
v 3.223359 0.415952 -0.780000
v 3.234680 0.417976 -0.799919
v 3.257320 0.422024 -0.799919
v 3.410022 0.075702 -0.780000
v 3.405011 0.065351 -0.760081
v 3.394989 0.044649 -0.760081
v 3.389978 0.034298 -0.780000
v 3.394989 0.044649 -0.799919
v 3.405011 0.065351 -0.799919
v 3.989979 0.075702 -0.780000
v 3.994989 0.065351 -0.760081
v 4.005011 0.044649 -0.760081
v 4.010022 0.034298 -0.780000
v 4.005011 0.044649 -0.799919
v 3.994989 0.065351 -0.799919
v 4.131359 0.424048 -0.780000
v 4.142680 0.422024 -0.760081
v 4.165320 0.417976 -0.760081
v 4.176641 0.415952 -0.780000
v 4.165320 0.417976 -0.799919
v 4.142680 0.422024 -0.799919
v 4.129349 0.883874 -0.780000
v 4.139675 0.888937 -0.760081
v 4.160326 0.899063 -0.760081
v 4.170651 0.904126 -0.780000
v 4.160326 0.899063 -0.799919
v 4.139675 0.888937 -0.799919
v 3.898447 0.915053 -0.780000
v 3.899223 0.926526 -0.760081
v 3.900777 0.949474 -0.760081
v 3.901553 0.960948 -0.780000
v 3.900777 0.949474 -0.799919
v 3.899223 0.926526 -0.799919
v 4.860000 0.415000 1.290000
v 4.822487 0.555000 1.290000
v 4.720000 0.657487 1.290000
v 4.580000 0.695000 1.290000
v 4.440000 0.657487 1.290000
v 4.337513 0.555000 1.290000
v 4.300000 0.415000 1.290000
v 4.337513 0.275000 1.290000
v 4.440000 0.172513 1.290000
v 4.580000 0.135000 1.290000
v 4.720000 0.172513 1.290000
v 4.822487 0.275000 1.290000
v 4.920000 0.415000 1.250000
v 4.874449 0.585000 1.250000
v 4.750000 0.709449 1.250000
v 4.580000 0.755000 1.250000
v 4.410000 0.709449 1.250000
v 4.285552 0.585000 1.250000
v 4.240000 0.415000 1.250000
v 4.285552 0.245000 1.250000
v 4.410000 0.120551 1.250000
v 4.580000 0.075000 1.250000
v 4.750000 0.120551 1.250000
v 4.874449 0.245000 1.250000
v 4.970000 0.415000 1.130000
v 4.917750 0.610000 1.130000
v 4.775000 0.752750 1.130000
v 4.580000 0.805000 1.130000
v 4.385000 0.752750 1.130000
v 4.242250 0.610000 1.130000
v 4.190000 0.415000 1.130000
v 4.242250 0.220000 1.130000
v 4.385000 0.077250 1.130000
v 4.580000 0.025000 1.130000
v 4.775000 0.077250 1.130000
v 4.917750 0.220000 1.130000
v 4.993000 0.415000 0.960000
v 4.937669 0.621500 0.960000
v 4.786500 0.772668 0.960000
v 4.580000 0.828000 0.960000
v 4.373500 0.772668 0.960000
v 4.222332 0.621500 0.960000
v 4.167000 0.415000 0.960000
v 4.222332 0.208500 0.960000
v 4.373500 0.057332 0.960000
v 4.580000 0.002000 0.960000
v 4.786500 0.057332 0.960000
v 4.937669 0.208500 0.960000
v 4.993000 0.415000 0.400000
v 4.937669 0.621500 0.400000
v 4.786500 0.772668 0.400000
v 4.580000 0.828000 0.400000
v 4.373500 0.772668 0.400000
v 4.222332 0.621500 0.400000
v 4.167000 0.415000 0.400000
v 4.222332 0.208500 0.400000
v 4.373500 0.057332 0.400000
v 4.580000 0.002000 0.400000
v 4.786500 0.057332 0.400000
v 4.937669 0.208500 0.400000
v 4.970000 0.415000 0.230000
v 4.917750 0.610000 0.230000
v 4.775000 0.752750 0.230000
v 4.580000 0.805000 0.230000
v 4.385000 0.752750 0.230000
v 4.242250 0.610000 0.230000
v 4.190000 0.415000 0.230000
v 4.242250 0.220000 0.230000
v 4.385000 0.077250 0.230000
v 4.580000 0.025000 0.230000
v 4.775000 0.077250 0.230000
v 4.917750 0.220000 0.230000
v 4.920000 0.415000 0.110000
v 4.874449 0.585000 0.110000
v 4.750000 0.709449 0.110000
v 4.580000 0.755000 0.110000
v 4.410000 0.709449 0.110000
v 4.285552 0.585000 0.110000
v 4.240000 0.415000 0.110000
v 4.285552 0.245000 0.110000
v 4.410000 0.120551 0.110000
v 4.580000 0.075000 0.110000
v 4.750000 0.120551 0.110000
v 4.874449 0.245000 0.110000
v 4.860000 0.415000 0.070000
v 4.822487 0.555000 0.070000
v 4.720000 0.657487 0.070000
v 4.580000 0.695000 0.070000
v 4.440000 0.657487 0.070000
v 4.337513 0.555000 0.070000
v 4.300000 0.415000 0.070000
v 4.337513 0.275000 0.070000
v 4.440000 0.172513 0.070000
v 4.580000 0.135000 0.070000
v 4.720000 0.172513 0.070000
v 4.822487 0.275000 0.070000
v 4.961000 0.415000 1.140000
v 4.972055 0.415000 1.155217
v 4.989944 0.415000 1.149405
v 4.989944 0.415000 1.130595
v 4.972055 0.415000 1.124783
v 4.909956 0.605500 1.140000
v 4.919530 0.611028 1.155217
v 4.935022 0.619972 1.149405
v 4.935022 0.619972 1.130595
v 4.919530 0.611028 1.124783
v 4.770500 0.744956 1.140000
v 4.776028 0.754530 1.155217
v 4.784972 0.770022 1.149405
v 4.784972 0.770022 1.130595
v 4.776028 0.754530 1.124783
v 4.580000 0.796000 1.140000
v 4.580000 0.807056 1.155217
v 4.580000 0.824944 1.149405
v 4.580000 0.824944 1.130595
v 4.580000 0.807056 1.124783
v 4.389500 0.744956 1.140000
v 4.383972 0.754530 1.155217
v 4.375028 0.770022 1.149405
v 4.375028 0.770022 1.130595
v 4.383972 0.754530 1.124783
v 4.250044 0.605500 1.140000
v 4.240470 0.611028 1.155217
v 4.224978 0.619972 1.149405
v 4.224978 0.619972 1.130595
v 4.240470 0.611028 1.124783
v 4.199000 0.415000 1.140000
v 4.187944 0.415000 1.155217
v 4.170056 0.415000 1.149405
v 4.170056 0.415000 1.130595
v 4.187944 0.415000 1.124783
v 4.250044 0.224500 1.140000
v 4.240470 0.218972 1.155217
v 4.224978 0.210028 1.149405
v 4.224978 0.210028 1.130595
v 4.240470 0.218972 1.124783
v 4.389500 0.085044 1.140000
v 4.383972 0.075470 1.155217
v 4.375028 0.059978 1.149405
v 4.375028 0.059978 1.130595
v 4.383972 0.075470 1.124783
v 4.580000 0.034000 1.140000
v 4.580000 0.022944 1.155217
v 4.580000 0.005056 1.149405
v 4.580000 0.005056 1.130595
v 4.580000 0.022944 1.124783
v 4.770500 0.085044 1.140000
v 4.776028 0.075470 1.155217
v 4.784972 0.059978 1.149405
v 4.784972 0.059978 1.130595
v 4.776028 0.075470 1.124783
v 4.909956 0.224500 1.140000
v 4.919530 0.218972 1.155217
v 4.935022 0.210028 1.149405
v 4.935022 0.210028 1.130595
v 4.919530 0.218972 1.124783
v 4.961000 0.415000 0.220000
v 4.972055 0.415000 0.235217
v 4.989944 0.415000 0.229405
v 4.989944 0.415000 0.210595
v 4.972055 0.415000 0.204783
v 4.909956 0.605500 0.220000
v 4.919530 0.611028 0.235217
v 4.935022 0.619972 0.229405
v 4.935022 0.619972 0.210595
v 4.919530 0.611028 0.204783
v 4.770500 0.744956 0.220000
v 4.776028 0.754530 0.235217
v 4.784972 0.770022 0.229405
v 4.784972 0.770022 0.210595
v 4.776028 0.754530 0.204783
v 4.580000 0.796000 0.220000
v 4.580000 0.807056 0.235217
v 4.580000 0.824944 0.229405
v 4.580000 0.824944 0.210595
v 4.580000 0.807056 0.204783
v 4.389500 0.744956 0.220000
v 4.383972 0.754530 0.235217
v 4.375028 0.770022 0.229405
v 4.375028 0.770022 0.210595
v 4.383972 0.754530 0.204783
v 4.250044 0.605500 0.220000
v 4.240470 0.611028 0.235217
v 4.224978 0.619972 0.229405
v 4.224978 0.619972 0.210595
v 4.240470 0.611028 0.204783
v 4.199000 0.415000 0.220000
v 4.187944 0.415000 0.235217
v 4.170056 0.415000 0.229405
v 4.170056 0.415000 0.210595
v 4.187944 0.415000 0.204783
v 4.250044 0.224500 0.220000
v 4.240470 0.218972 0.235217
v 4.224978 0.210028 0.229405
v 4.224978 0.210028 0.210595
v 4.240470 0.218972 0.204783
v 4.389500 0.085044 0.220000
v 4.383972 0.075470 0.235217
v 4.375028 0.059978 0.229405
v 4.375028 0.059978 0.210595
v 4.383972 0.075470 0.204783
v 4.580000 0.034000 0.220000
v 4.580000 0.022944 0.235217
v 4.580000 0.005056 0.229405
v 4.580000 0.005056 0.210595
v 4.580000 0.022944 0.204783
v 4.770500 0.085044 0.220000
v 4.776028 0.075470 0.235217
v 4.784972 0.059978 0.229405
v 4.784972 0.059978 0.210595
v 4.776028 0.075470 0.204783
v 4.909956 0.224500 0.220000
v 4.919530 0.218972 0.235217
v 4.935022 0.210028 0.229405
v 4.935022 0.210028 0.210595
v 4.919530 0.218972 0.204783
v 4.841000 0.415000 1.295000
v 4.848000 0.415000 1.307124
v 4.862000 0.415000 1.307124
v 4.869000 0.415000 1.295000
v 4.862000 0.415000 1.282876
v 4.848000 0.415000 1.282876
v 4.806033 0.545500 1.295000
v 4.812095 0.549000 1.307124
v 4.824219 0.556000 1.307124
v 4.830281 0.559500 1.295000
v 4.824219 0.556000 1.282876
v 4.812095 0.549000 1.282876
v 4.710500 0.641033 1.295000
v 4.714000 0.647095 1.307124
v 4.721000 0.659219 1.307124
v 4.724500 0.665281 1.295000
v 4.721000 0.659219 1.282876
v 4.714000 0.647095 1.282876
v 4.580000 0.676000 1.295000
v 4.580000 0.683000 1.307124
v 4.580000 0.697000 1.307124
v 4.580000 0.704000 1.295000
v 4.580000 0.697000 1.282876
v 4.580000 0.683000 1.282876
v 4.449500 0.641033 1.295000
v 4.446000 0.647095 1.307124
v 4.439000 0.659219 1.307124
v 4.435500 0.665281 1.295000
v 4.439000 0.659219 1.282876
v 4.446000 0.647095 1.282876
v 4.353968 0.545500 1.295000
v 4.347905 0.549000 1.307124
v 4.335781 0.556000 1.307124
v 4.329719 0.559500 1.295000
v 4.335781 0.556000 1.282876
v 4.347905 0.549000 1.282876
v 4.319000 0.415000 1.295000
v 4.312000 0.415000 1.307124
v 4.298000 0.415000 1.307124
v 4.291000 0.415000 1.295000
v 4.298000 0.415000 1.282876
v 4.312000 0.415000 1.282876
v 4.353968 0.284500 1.295000
v 4.347905 0.281000 1.307124
v 4.335781 0.274000 1.307124
v 4.329719 0.270500 1.295000
v 4.335781 0.274000 1.282876
v 4.347905 0.281000 1.282876
v 4.449500 0.188967 1.295000
v 4.446000 0.182905 1.307124
v 4.439000 0.170781 1.307124
v 4.435500 0.164719 1.295000
v 4.439000 0.170781 1.282876
v 4.446000 0.182905 1.282876
v 4.580000 0.154000 1.295000
v 4.580000 0.147000 1.307124
v 4.580000 0.133000 1.307124
v 4.580000 0.126000 1.295000
v 4.580000 0.133000 1.282876
v 4.580000 0.147000 1.282876
v 4.710500 0.188967 1.295000
v 4.714000 0.182905 1.307124
v 4.721000 0.170781 1.307124
v 4.724500 0.164719 1.295000
v 4.721000 0.170781 1.282876
v 4.714000 0.182905 1.282876
v 4.806033 0.284500 1.295000
v 4.812095 0.281000 1.307124
v 4.824219 0.274000 1.307124
v 4.830281 0.270500 1.295000
v 4.824219 0.274000 1.282876
v 4.812095 0.281000 1.282876
v 4.841000 0.415000 0.065000
v 4.848000 0.415000 0.077124
v 4.862000 0.415000 0.077124
v 4.869000 0.415000 0.065000
v 4.862000 0.415000 0.052876
v 4.848000 0.415000 0.052876
v 4.806033 0.545500 0.065000
v 4.812095 0.549000 0.077124
v 4.824219 0.556000 0.077124
v 4.830281 0.559500 0.065000
v 4.824219 0.556000 0.052876
v 4.812095 0.549000 0.052876
v 4.710500 0.641033 0.065000
v 4.714000 0.647095 0.077124
v 4.721000 0.659219 0.077124
v 4.724500 0.665281 0.065000
v 4.721000 0.659219 0.052876
v 4.714000 0.647095 0.052876
v 4.580000 0.676000 0.065000
v 4.580000 0.683000 0.077124
v 4.580000 0.697000 0.077124
v 4.580000 0.704000 0.065000
v 4.580000 0.697000 0.052876
v 4.580000 0.683000 0.052876
v 4.449500 0.641033 0.065000
v 4.446000 0.647095 0.077124
v 4.439000 0.659219 0.077124
v 4.435500 0.665281 0.065000
v 4.439000 0.659219 0.052876
v 4.446000 0.647095 0.052876
v 4.353968 0.545500 0.065000
v 4.347905 0.549000 0.077124
v 4.335781 0.556000 0.077124
v 4.329719 0.559500 0.065000
v 4.335781 0.556000 0.052876
v 4.347905 0.549000 0.052876
v 4.319000 0.415000 0.065000
v 4.312000 0.415000 0.077124
v 4.298000 0.415000 0.077124
v 4.291000 0.415000 0.065000
v 4.298000 0.415000 0.052876
v 4.312000 0.415000 0.052876
v 4.353968 0.284500 0.065000
v 4.347905 0.281000 0.077124
v 4.335781 0.274000 0.077124
v 4.329719 0.270500 0.065000
v 4.335781 0.274000 0.052876
v 4.347905 0.281000 0.052876
v 4.449500 0.188967 0.065000
v 4.446000 0.182905 0.077124
v 4.439000 0.170781 0.077124
v 4.435500 0.164719 0.065000
v 4.439000 0.170781 0.052876
v 4.446000 0.182905 0.052876
v 4.580000 0.154000 0.065000
v 4.580000 0.147000 0.077124
v 4.580000 0.133000 0.077124
v 4.580000 0.126000 0.065000
v 4.580000 0.133000 0.052876
v 4.580000 0.147000 0.052876
v 4.710500 0.188967 0.065000
v 4.714000 0.182905 0.077124
v 4.721000 0.170781 0.077124
v 4.724500 0.164719 0.065000
v 4.721000 0.170781 0.052876
v 4.714000 0.182905 0.052876
v 4.806033 0.284500 0.065000
v 4.812095 0.281000 0.077124
v 4.824219 0.274000 0.077124
v 4.830281 0.270500 0.065000
v 4.824219 0.274000 0.052876
v 4.812095 0.281000 0.052876
v 4.381554 0.915053 0.780000
v 4.380777 0.926526 0.799919
v 4.379223 0.949474 0.799919
v 4.378447 0.960948 0.780000
v 4.379223 0.949474 0.760081
v 4.380777 0.926526 0.760081
v 4.150651 0.883874 0.780000
v 4.140326 0.888937 0.799919
v 4.119675 0.899063 0.799919
v 4.109349 0.904126 0.780000
v 4.119675 0.899063 0.760081
v 4.140326 0.888937 0.760081
v 4.148641 0.424048 0.780000
v 4.137321 0.422024 0.799919
v 4.114679 0.417976 0.799919
v 4.103359 0.415952 0.780000
v 4.114679 0.417976 0.760081
v 4.137321 0.422024 0.760081
v 4.290021 0.075702 0.780000
v 4.285011 0.065351 0.799919
v 4.274989 0.044649 0.799919
v 4.269979 0.034298 0.780000
v 4.274989 0.044649 0.760081
v 4.285011 0.065351 0.760081
v 4.869978 0.075702 0.780000
v 4.874990 0.065351 0.799919
v 4.885011 0.044649 0.799919
v 4.890021 0.034298 0.780000
v 4.885011 0.044649 0.760081
v 4.874990 0.065351 0.760081
v 5.011359 0.424048 0.780000
v 5.022679 0.422024 0.799919
v 5.045321 0.417976 0.799919
v 5.056641 0.415952 0.780000
v 5.045321 0.417976 0.760081
v 5.022679 0.422024 0.760081
v 5.009349 0.883874 0.780000
v 5.019675 0.888937 0.799919
v 5.040326 0.899063 0.799919
v 5.050651 0.904126 0.780000
v 5.040326 0.899063 0.760081
v 5.019675 0.888937 0.760081
v 4.778447 0.915053 0.780000
v 4.779223 0.926526 0.799919
v 4.780777 0.949474 0.799919
v 4.781553 0.960948 0.780000
v 4.780777 0.949474 0.760081
v 4.779223 0.926526 0.760081
v 4.381554 0.915053 0.580000
v 4.380777 0.926526 0.599919
v 4.379223 0.949474 0.599919
v 4.378447 0.960948 0.580000
v 4.379223 0.949474 0.560081
v 4.380777 0.926526 0.560081
v 4.150651 0.883874 0.580000
v 4.140326 0.888937 0.599919
v 4.119675 0.899063 0.599919
v 4.109349 0.904126 0.580000
v 4.119675 0.899063 0.560081
v 4.140326 0.888937 0.560081
v 4.148641 0.424048 0.580000
v 4.137321 0.422024 0.599919
v 4.114679 0.417976 0.599919
v 4.103359 0.415952 0.580000
v 4.114679 0.417976 0.560081
v 4.137321 0.422024 0.560081
v 4.290021 0.075702 0.580000
v 4.285011 0.065351 0.599919
v 4.274989 0.044649 0.599919
v 4.269979 0.034298 0.580000
v 4.274989 0.044649 0.560081
v 4.285011 0.065351 0.560081
v 4.869978 0.075702 0.580000
v 4.874990 0.065351 0.599919
v 4.885011 0.044649 0.599919
v 4.890021 0.034298 0.580000
v 4.885011 0.044649 0.560081
v 4.874990 0.065351 0.560081
v 5.011359 0.424048 0.580000
v 5.022679 0.422024 0.599919
v 5.045321 0.417976 0.599919
v 5.056641 0.415952 0.580000
v 5.045321 0.417976 0.560081
v 5.022679 0.422024 0.560081
v 5.009349 0.883874 0.580000
v 5.019675 0.888937 0.599919
v 5.040326 0.899063 0.599919
v 5.050651 0.904126 0.580000
v 5.040326 0.899063 0.560081
v 5.019675 0.888937 0.560081
v 4.778447 0.915053 0.580000
v 4.779223 0.926526 0.599919
v 4.780777 0.949474 0.599919
v 4.781553 0.960948 0.580000
v 4.780777 0.949474 0.560081
v 4.779223 0.926526 0.560081
v 4.860000 0.415000 -0.070000
v 4.822487 0.555000 -0.070000
v 4.720000 0.657487 -0.070000
v 4.580000 0.695000 -0.070000
v 4.440000 0.657487 -0.070000
v 4.337513 0.555000 -0.070000
v 4.300000 0.415000 -0.070000
v 4.337513 0.275000 -0.070000
v 4.440000 0.172513 -0.070000
v 4.580000 0.135000 -0.070000
v 4.720000 0.172513 -0.070000
v 4.822487 0.275000 -0.070000
v 4.920000 0.415000 -0.110000
v 4.874449 0.585000 -0.110000
v 4.750000 0.709449 -0.110000
v 4.580000 0.755000 -0.110000
v 4.410000 0.709449 -0.110000
v 4.285552 0.585000 -0.110000
v 4.240000 0.415000 -0.110000
v 4.285552 0.245000 -0.110000
v 4.410000 0.120551 -0.110000
v 4.580000 0.075000 -0.110000
v 4.750000 0.120551 -0.110000
v 4.874449 0.245000 -0.110000
v 4.970000 0.415000 -0.230000
v 4.917750 0.610000 -0.230000
v 4.775000 0.752750 -0.230000
v 4.580000 0.805000 -0.230000
v 4.385000 0.752750 -0.230000
v 4.242250 0.610000 -0.230000
v 4.190000 0.415000 -0.230000
v 4.242250 0.220000 -0.230000
v 4.385000 0.077250 -0.230000
v 4.580000 0.025000 -0.230000
v 4.775000 0.077250 -0.230000
v 4.917750 0.220000 -0.230000
v 4.993000 0.415000 -0.400000
v 4.937669 0.621500 -0.400000
v 4.786500 0.772668 -0.400000
v 4.580000 0.828000 -0.400000
v 4.373500 0.772668 -0.400000
v 4.222332 0.621500 -0.400000
v 4.167000 0.415000 -0.400000
v 4.222332 0.208500 -0.400000
v 4.373500 0.057332 -0.400000
v 4.580000 0.002000 -0.400000
v 4.786500 0.057332 -0.400000
v 4.937669 0.208500 -0.400000
v 4.993000 0.415000 -0.960000
v 4.937669 0.621500 -0.960000
v 4.786500 0.772668 -0.960000
v 4.580000 0.828000 -0.960000
v 4.373500 0.772668 -0.960000
v 4.222332 0.621500 -0.960000
v 4.167000 0.415000 -0.960000
v 4.222332 0.208500 -0.960000
v 4.373500 0.057332 -0.960000
v 4.580000 0.002000 -0.960000
v 4.786500 0.057332 -0.960000
v 4.937669 0.208500 -0.960000
v 4.970000 0.415000 -1.130000
v 4.917750 0.610000 -1.130000
v 4.775000 0.752750 -1.130000
v 4.580000 0.805000 -1.130000
v 4.385000 0.752750 -1.130000
v 4.242250 0.610000 -1.130000
v 4.190000 0.415000 -1.130000
v 4.242250 0.220000 -1.130000
v 4.385000 0.077250 -1.130000
v 4.580000 0.025000 -1.130000
v 4.775000 0.077250 -1.130000
v 4.917750 0.220000 -1.130000
v 4.920000 0.415000 -1.250000
v 4.874449 0.585000 -1.250000
v 4.750000 0.709449 -1.250000
v 4.580000 0.755000 -1.250000
v 4.410000 0.709449 -1.250000
v 4.285552 0.585000 -1.250000
v 4.240000 0.415000 -1.250000
v 4.285552 0.245000 -1.250000
v 4.410000 0.120551 -1.250000
v 4.580000 0.075000 -1.250000
v 4.750000 0.120551 -1.250000
v 4.874449 0.245000 -1.250000
v 4.860000 0.415000 -1.290000
v 4.822487 0.555000 -1.290000
v 4.720000 0.657487 -1.290000
v 4.580000 0.695000 -1.290000
v 4.440000 0.657487 -1.290000
v 4.337513 0.555000 -1.290000
v 4.300000 0.415000 -1.290000
v 4.337513 0.275000 -1.290000
v 4.440000 0.172513 -1.290000
v 4.580000 0.135000 -1.290000
v 4.720000 0.172513 -1.290000
v 4.822487 0.275000 -1.290000
v 4.961000 0.415000 -0.220000
v 4.972055 0.415000 -0.204783
v 4.989944 0.415000 -0.210595
v 4.989944 0.415000 -0.229405
v 4.972055 0.415000 -0.235217
v 4.909956 0.605500 -0.220000
v 4.919530 0.611028 -0.204783
v 4.935022 0.619972 -0.210595
v 4.935022 0.619972 -0.229405
v 4.919530 0.611028 -0.235217
v 4.770500 0.744956 -0.220000
v 4.776028 0.754530 -0.204783
v 4.784972 0.770022 -0.210595
v 4.784972 0.770022 -0.229405
v 4.776028 0.754530 -0.235217
v 4.580000 0.796000 -0.220000
v 4.580000 0.807056 -0.204783
v 4.580000 0.824944 -0.210595
v 4.580000 0.824944 -0.229405
v 4.580000 0.807056 -0.235217
v 4.389500 0.744956 -0.220000
v 4.383972 0.754530 -0.204783
v 4.375028 0.770022 -0.210595
v 4.375028 0.770022 -0.229405
v 4.383972 0.754530 -0.235217
v 4.250044 0.605500 -0.220000
v 4.240470 0.611028 -0.204783
v 4.224978 0.619972 -0.210595
v 4.224978 0.619972 -0.229405
v 4.240470 0.611028 -0.235217
v 4.199000 0.415000 -0.220000
v 4.187944 0.415000 -0.204783
v 4.170056 0.415000 -0.210595
v 4.170056 0.415000 -0.229405
v 4.187944 0.415000 -0.235217
v 4.250044 0.224500 -0.220000
v 4.240470 0.218972 -0.204783
v 4.224978 0.210028 -0.210595
v 4.224978 0.210028 -0.229405
v 4.240470 0.218972 -0.235217
v 4.389500 0.085044 -0.220000
v 4.383972 0.075470 -0.204783
v 4.375028 0.059978 -0.210595
v 4.375028 0.059978 -0.229405
v 4.383972 0.075470 -0.235217
v 4.580000 0.034000 -0.220000
v 4.580000 0.022944 -0.204783
v 4.580000 0.005056 -0.210595
v 4.580000 0.005056 -0.229405
v 4.580000 0.022944 -0.235217
v 4.770500 0.085044 -0.220000
v 4.776028 0.075470 -0.204783
v 4.784972 0.059978 -0.210595
v 4.784972 0.059978 -0.229405
v 4.776028 0.075470 -0.235217
v 4.909956 0.224500 -0.220000
v 4.919530 0.218972 -0.204783
v 4.935022 0.210028 -0.210595
v 4.935022 0.210028 -0.229405
v 4.919530 0.218972 -0.235217
v 4.961000 0.415000 -1.140000
v 4.972055 0.415000 -1.124783
v 4.989944 0.415000 -1.130595
v 4.989944 0.415000 -1.149405
v 4.972055 0.415000 -1.155217
v 4.909956 0.605500 -1.140000
v 4.919530 0.611028 -1.124783
v 4.935022 0.619972 -1.130595
v 4.935022 0.619972 -1.149405
v 4.919530 0.611028 -1.155217
v 4.770500 0.744956 -1.140000
v 4.776028 0.754530 -1.124783
v 4.784972 0.770022 -1.130595
v 4.784972 0.770022 -1.149405
v 4.776028 0.754530 -1.155217
v 4.580000 0.796000 -1.140000
v 4.580000 0.807056 -1.124783
v 4.580000 0.824944 -1.130595
v 4.580000 0.824944 -1.149405
v 4.580000 0.807056 -1.155217
v 4.389500 0.744956 -1.140000
v 4.383972 0.754530 -1.124783
v 4.375028 0.770022 -1.130595
v 4.375028 0.770022 -1.149405
v 4.383972 0.754530 -1.155217
v 4.250044 0.605500 -1.140000
v 4.240470 0.611028 -1.124783
v 4.224978 0.619972 -1.130595
v 4.224978 0.619972 -1.149405
v 4.240470 0.611028 -1.155217
v 4.199000 0.415000 -1.140000
v 4.187944 0.415000 -1.124783
v 4.170056 0.415000 -1.130595
v 4.170056 0.415000 -1.149405
v 4.187944 0.415000 -1.155217
v 4.250044 0.224500 -1.140000
v 4.240470 0.218972 -1.124783
v 4.224978 0.210028 -1.130595
v 4.224978 0.210028 -1.149405
v 4.240470 0.218972 -1.155217
v 4.389500 0.085044 -1.140000
v 4.383972 0.075470 -1.124783
v 4.375028 0.059978 -1.130595
v 4.375028 0.059978 -1.149405
v 4.383972 0.075470 -1.155217
v 4.580000 0.034000 -1.140000
v 4.580000 0.022944 -1.124783
v 4.580000 0.005056 -1.130595
v 4.580000 0.005056 -1.149405
v 4.580000 0.022944 -1.155217
v 4.770500 0.085044 -1.140000
v 4.776028 0.075470 -1.124783
v 4.784972 0.059978 -1.130595
v 4.784972 0.059978 -1.149405
v 4.776028 0.075470 -1.155217
v 4.909956 0.224500 -1.140000
v 4.919530 0.218972 -1.124783
v 4.935022 0.210028 -1.130595
v 4.935022 0.210028 -1.149405
v 4.919530 0.218972 -1.155217
v 4.841000 0.415000 -0.065000
v 4.848000 0.415000 -0.052876
v 4.862000 0.415000 -0.052876
v 4.869000 0.415000 -0.065000
v 4.862000 0.415000 -0.077124
v 4.848000 0.415000 -0.077124
v 4.806033 0.545500 -0.065000
v 4.812095 0.549000 -0.052876
v 4.824219 0.556000 -0.052876
v 4.830281 0.559500 -0.065000
v 4.824219 0.556000 -0.077124
v 4.812095 0.549000 -0.077124
v 4.710500 0.641033 -0.065000
v 4.714000 0.647095 -0.052876
v 4.721000 0.659219 -0.052876
v 4.724500 0.665281 -0.065000
v 4.721000 0.659219 -0.077124
v 4.714000 0.647095 -0.077124
v 4.580000 0.676000 -0.065000
v 4.580000 0.683000 -0.052876
v 4.580000 0.697000 -0.052876
v 4.580000 0.704000 -0.065000
v 4.580000 0.697000 -0.077124
v 4.580000 0.683000 -0.077124
v 4.449500 0.641033 -0.065000
v 4.446000 0.647095 -0.052876
v 4.439000 0.659219 -0.052876
v 4.435500 0.665281 -0.065000
v 4.439000 0.659219 -0.077124
v 4.446000 0.647095 -0.077124
v 4.353968 0.545500 -0.065000
v 4.347905 0.549000 -0.052876
v 4.335781 0.556000 -0.052876
v 4.329719 0.559500 -0.065000
v 4.335781 0.556000 -0.077124
v 4.347905 0.549000 -0.077124
v 4.319000 0.415000 -0.065000
v 4.312000 0.415000 -0.052876
v 4.298000 0.415000 -0.052876
v 4.291000 0.415000 -0.065000
v 4.298000 0.415000 -0.077124
v 4.312000 0.415000 -0.077124
v 4.353968 0.284500 -0.065000
v 4.347905 0.281000 -0.052876
v 4.335781 0.274000 -0.052876
v 4.329719 0.270500 -0.065000
v 4.335781 0.274000 -0.077124
v 4.347905 0.281000 -0.077124
v 4.449500 0.188967 -0.065000
v 4.446000 0.182905 -0.052876
v 4.439000 0.170781 -0.052876
v 4.435500 0.164719 -0.065000
v 4.439000 0.170781 -0.077124
v 4.446000 0.182905 -0.077124
v 4.580000 0.154000 -0.065000
v 4.580000 0.147000 -0.052876
v 4.580000 0.133000 -0.052876
v 4.580000 0.126000 -0.065000
v 4.580000 0.133000 -0.077124
v 4.580000 0.147000 -0.077124
v 4.710500 0.188967 -0.065000
v 4.714000 0.182905 -0.052876
v 4.721000 0.170781 -0.052876
v 4.724500 0.164719 -0.065000
v 4.721000 0.170781 -0.077124
v 4.714000 0.182905 -0.077124
v 4.806033 0.284500 -0.065000
v 4.812095 0.281000 -0.052876
v 4.824219 0.274000 -0.052876
v 4.830281 0.270500 -0.065000
v 4.824219 0.274000 -0.077124
v 4.812095 0.281000 -0.077124
v 4.841000 0.415000 -1.295000
v 4.848000 0.415000 -1.282876
v 4.862000 0.415000 -1.282876
v 4.869000 0.415000 -1.295000
v 4.862000 0.415000 -1.307124
v 4.848000 0.415000 -1.307124
v 4.806033 0.545500 -1.295000
v 4.812095 0.549000 -1.282876
v 4.824219 0.556000 -1.282876
v 4.830281 0.559500 -1.295000
v 4.824219 0.556000 -1.307124
v 4.812095 0.549000 -1.307124
v 4.710500 0.641033 -1.295000
v 4.714000 0.647095 -1.282876
v 4.721000 0.659219 -1.282876
v 4.724500 0.665281 -1.295000
v 4.721000 0.659219 -1.307124
v 4.714000 0.647095 -1.307124
v 4.580000 0.676000 -1.295000
v 4.580000 0.683000 -1.282876
v 4.580000 0.697000 -1.282876
v 4.580000 0.704000 -1.295000
v 4.580000 0.697000 -1.307124
v 4.580000 0.683000 -1.307124
v 4.449500 0.641033 -1.295000
v 4.446000 0.647095 -1.282876
v 4.439000 0.659219 -1.282876
v 4.435500 0.665281 -1.295000
v 4.439000 0.659219 -1.307124
v 4.446000 0.647095 -1.307124
v 4.353968 0.545500 -1.295000
v 4.347905 0.549000 -1.282876
v 4.335781 0.556000 -1.282876
v 4.329719 0.559500 -1.295000
v 4.335781 0.556000 -1.307124
v 4.347905 0.549000 -1.307124
v 4.319000 0.415000 -1.295000
v 4.312000 0.415000 -1.282876
v 4.298000 0.415000 -1.282876
v 4.291000 0.415000 -1.295000
v 4.298000 0.415000 -1.307124
v 4.312000 0.415000 -1.307124
v 4.353968 0.284500 -1.295000
v 4.347905 0.281000 -1.282876
v 4.335781 0.274000 -1.282876
v 4.329719 0.270500 -1.295000
v 4.335781 0.274000 -1.307124
v 4.347905 0.281000 -1.307124
v 4.449500 0.188967 -1.295000
v 4.446000 0.182905 -1.282876
v 4.439000 0.170781 -1.282876
v 4.435500 0.164719 -1.295000
v 4.439000 0.170781 -1.307124
v 4.446000 0.182905 -1.307124
v 4.580000 0.154000 -1.295000
v 4.580000 0.147000 -1.282876
v 4.580000 0.133000 -1.282876
v 4.580000 0.126000 -1.295000
v 4.580000 0.133000 -1.307124
v 4.580000 0.147000 -1.307124
v 4.710500 0.188967 -1.295000
v 4.714000 0.182905 -1.282876
v 4.721000 0.170781 -1.282876
v 4.724500 0.164719 -1.295000
v 4.721000 0.170781 -1.307124
v 4.714000 0.182905 -1.307124
v 4.806033 0.284500 -1.295000
v 4.812095 0.281000 -1.282876
v 4.824219 0.274000 -1.282876
v 4.830281 0.270500 -1.295000
v 4.824219 0.274000 -1.307124
v 4.812095 0.281000 -1.307124
v 4.381554 0.915053 -0.580000
v 4.380777 0.926526 -0.560081
v 4.379223 0.949474 -0.560081
v 4.378447 0.960948 -0.580000
v 4.379223 0.949474 -0.599919
v 4.380777 0.926526 -0.599919
v 4.150651 0.883874 -0.580000
v 4.140326 0.888937 -0.560081
v 4.119675 0.899063 -0.560081
v 4.109349 0.904126 -0.580000
v 4.119675 0.899063 -0.599919
v 4.140326 0.888937 -0.599919
v 4.148641 0.424048 -0.580000
v 4.137321 0.422024 -0.560081
v 4.114679 0.417976 -0.560081
v 4.103359 0.415952 -0.580000
v 4.114679 0.417976 -0.599919
v 4.137321 0.422024 -0.599919
v 4.290021 0.075702 -0.580000
v 4.285011 0.065351 -0.560081
v 4.274989 0.044649 -0.560081
v 4.269979 0.034298 -0.580000
v 4.274989 0.044649 -0.599919
v 4.285011 0.065351 -0.599919
v 4.869978 0.075702 -0.580000
v 4.874990 0.065351 -0.560081
v 4.885011 0.044649 -0.560081
v 4.890021 0.034298 -0.580000
v 4.885011 0.044649 -0.599919
v 4.874990 0.065351 -0.599919
v 5.011359 0.424048 -0.580000
v 5.022679 0.422024 -0.560081
v 5.045321 0.417976 -0.560081
v 5.056641 0.415952 -0.580000
v 5.045321 0.417976 -0.599919
v 5.022679 0.422024 -0.599919
v 5.009349 0.883874 -0.580000
v 5.019675 0.888937 -0.560081
v 5.040326 0.899063 -0.560081
v 5.050651 0.904126 -0.580000
v 5.040326 0.899063 -0.599919
v 5.019675 0.888937 -0.599919
v 4.778447 0.915053 -0.580000
v 4.779223 0.926526 -0.560081
v 4.780777 0.949474 -0.560081
v 4.781553 0.960948 -0.580000
v 4.780777 0.949474 -0.599919
v 4.779223 0.926526 -0.599919
v 4.381554 0.915053 -0.780000
v 4.380777 0.926526 -0.760081
v 4.379223 0.949474 -0.760081
v 4.378447 0.960948 -0.780000
v 4.379223 0.949474 -0.799919
v 4.380777 0.926526 -0.799919
v 4.150651 0.883874 -0.780000
v 4.140326 0.888937 -0.760081
v 4.119675 0.899063 -0.760081
v 4.109349 0.904126 -0.780000
v 4.119675 0.899063 -0.799919
v 4.140326 0.888937 -0.799919
v 4.148641 0.424048 -0.780000
v 4.137321 0.422024 -0.760081
v 4.114679 0.417976 -0.760081
v 4.103359 0.415952 -0.780000
v 4.114679 0.417976 -0.799919
v 4.137321 0.422024 -0.799919
v 4.290021 0.075702 -0.780000
v 4.285011 0.065351 -0.760081
v 4.274989 0.044649 -0.760081
v 4.269979 0.034298 -0.780000
v 4.274989 0.044649 -0.799919
v 4.285011 0.065351 -0.799919
v 4.869978 0.075702 -0.780000
v 4.874990 0.065351 -0.760081
v 4.885011 0.044649 -0.760081
v 4.890021 0.034298 -0.780000
v 4.885011 0.044649 -0.799919
v 4.874990 0.065351 -0.799919
v 5.011359 0.424048 -0.780000
v 5.022679 0.422024 -0.760081
v 5.045321 0.417976 -0.760081
v 5.056641 0.415952 -0.780000
v 5.045321 0.417976 -0.799919
v 5.022679 0.422024 -0.799919
v 5.009349 0.883874 -0.780000
v 5.019675 0.888937 -0.760081
v 5.040326 0.899063 -0.760081
v 5.050651 0.904126 -0.780000
v 5.040326 0.899063 -0.799919
v 5.019675 0.888937 -0.799919
v 4.778447 0.915053 -0.780000
v 4.779223 0.926526 -0.760081
v 4.780777 0.949474 -0.760081
v 4.781553 0.960948 -0.780000
v 4.780777 0.949474 -0.799919
v 4.779223 0.926526 -0.799919
v 2.374000 0.722000 1.166000
v 2.374000 0.736000 1.180000
v 2.360000 0.736000 1.166000
v 2.374000 0.848000 1.180000
v 2.374000 0.862000 1.166000
v 2.360000 0.848000 1.166000
v 2.374000 0.722000 1.074000
v 2.360000 0.736000 1.074000
v 2.374000 0.736000 1.060000
v 2.374000 0.862000 1.074000
v 2.374000 0.848000 1.060000
v 2.360000 0.848000 1.074000
v 5.026000 0.722000 1.166000
v 5.040000 0.736000 1.166000
v 5.026000 0.736000 1.180000
v 5.026000 0.862000 1.166000
v 5.026000 0.848000 1.180000
v 5.040000 0.848000 1.166000
v 5.026000 0.722000 1.074000
v 5.026000 0.736000 1.060000
v 5.040000 0.736000 1.074000
v 5.026000 0.862000 1.074000
v 5.040000 0.848000 1.074000
v 5.026000 0.848000 1.060000
v 2.374000 0.722000 0.046000
v 2.374000 0.736000 0.060000
v 2.360000 0.736000 0.046000
v 2.374000 0.848000 0.060000
v 2.374000 0.862000 0.046000
v 2.360000 0.848000 0.046000
v 2.374000 0.722000 -0.046000
v 2.360000 0.736000 -0.046000
v 2.374000 0.736000 -0.060000
v 2.374000 0.862000 -0.046000
v 2.374000 0.848000 -0.060000
v 2.360000 0.848000 -0.046000
v 5.026000 0.722000 0.046000
v 5.040000 0.736000 0.046000
v 5.026000 0.736000 0.060000
v 5.026000 0.862000 0.046000
v 5.026000 0.848000 0.060000
v 5.040000 0.848000 0.046000
v 5.026000 0.722000 -0.046000
v 5.026000 0.736000 -0.060000
v 5.040000 0.736000 -0.046000
v 5.026000 0.862000 -0.046000
v 5.040000 0.848000 -0.046000
v 5.026000 0.848000 -0.060000
v 2.374000 0.722000 -1.074000
v 2.374000 0.736000 -1.060000
v 2.360000 0.736000 -1.074000
v 2.374000 0.848000 -1.060000
v 2.374000 0.862000 -1.074000
v 2.360000 0.848000 -1.074000
v 2.374000 0.722000 -1.166000
v 2.360000 0.736000 -1.166000
v 2.374000 0.736000 -1.180000
v 2.374000 0.862000 -1.166000
v 2.374000 0.848000 -1.180000
v 2.360000 0.848000 -1.166000
v 5.026000 0.722000 -1.074000
v 5.040000 0.736000 -1.074000
v 5.026000 0.736000 -1.060000
v 5.026000 0.862000 -1.074000
v 5.026000 0.848000 -1.060000
v 5.040000 0.848000 -1.074000
v 5.026000 0.722000 -1.166000
v 5.026000 0.736000 -1.180000
v 5.040000 0.736000 -1.166000
v 5.026000 0.862000 -1.166000
v 5.040000 0.848000 -1.166000
v 5.026000 0.848000 -1.180000
v 2.374000 0.814000 1.390786
v 2.374000 0.829000 1.405786
v 2.359000 0.829000 1.390786
v 2.374000 0.929000 1.405786
v 2.374000 0.944000 1.390786
v 2.359000 0.929000 1.390786
v 2.374000 0.814000 -1.357239
v 2.359000 0.829000 -1.357239
v 2.374000 0.829000 -1.372239
v 2.374000 0.944000 -1.357239
v 2.374000 0.929000 -1.372239
v 2.359000 0.929000 -1.357239
v 2.667000 0.814000 1.390786
v 2.682000 0.829000 1.390786
v 2.667000 0.829000 1.405786
v 2.667000 0.944000 1.390786
v 2.667000 0.929000 1.405786
v 2.682000 0.929000 1.390786
v 2.667000 0.814000 -1.357239
v 2.667000 0.829000 -1.372239
v 2.682000 0.829000 -1.357239
v 2.667000 0.944000 -1.357239
v 2.682000 0.929000 -1.357239
v 2.667000 0.929000 -1.372239
v 2.519913 0.949000 1.116819
v 2.522509 0.944500 1.116909
v 2.517316 0.944500 1.116728
v 2.527913 0.949000 0.886819
v 2.530510 0.944500 0.886787
v 2.525315 0.944500 0.886851
v 2.513913 0.949000 0.626819
v 2.516507 0.944500 0.626679
v 2.511318 0.944500 0.626958
v 2.628972 0.949000 0.826286
v 2.631568 0.944500 0.826377
v 2.626375 0.944500 0.826196
v 2.636971 0.949000 0.596286
v 2.639569 0.944500 0.596255
v 2.634374 0.944500 0.596318
v 2.622972 0.949000 0.336286
v 2.625566 0.944500 0.336147
v 2.620377 0.944500 0.336426
v 2.520500 0.955000 1.120000
v 2.520500 0.946000 1.105278
v 2.520500 0.943000 1.120000
v 2.533250 0.952000 1.112639
v 2.533250 0.946000 1.112639
v 2.533250 0.952000 1.127361
v 2.533250 0.946000 1.127361
v 2.520500 0.952000 1.134722
v 2.520500 0.946000 1.134722
v 2.507750 0.952000 1.127361
v 2.507750 0.946000 1.127361
v 2.507750 0.952000 1.112639
v 2.507750 0.946000 1.112639
v 2.520500 0.952000 1.105278
v 2.520500 0.955000 0.000000
v 2.520500 0.946000 -0.014722
v 2.520500 0.943000 0.000000
v 2.533250 0.952000 -0.007361
v 2.533250 0.946000 -0.007361
v 2.533250 0.952000 0.007361
v 2.533250 0.946000 0.007361
v 2.520500 0.952000 0.014722
v 2.520500 0.946000 0.014722
v 2.507750 0.952000 0.007361
v 2.507750 0.946000 0.007361
v 2.507750 0.952000 -0.007361
v 2.507750 0.946000 -0.007361
v 2.520500 0.952000 -0.014722
v 2.520500 0.955000 -1.120000
v 2.520500 0.946000 -1.134722
v 2.520500 0.943000 -1.120000
v 2.533250 0.952000 -1.127361
v 2.533250 0.946000 -1.127361
v 2.533250 0.952000 -1.112639
v 2.533250 0.946000 -1.112639
v 2.520500 0.952000 -1.105278
v 2.520500 0.946000 -1.105278
v 2.507750 0.952000 -1.112639
v 2.507750 0.946000 -1.112639
v 2.507750 0.952000 -1.127361
v 2.507750 0.946000 -1.127361
v 2.520500 0.952000 -1.134722
v 2.711000 0.814000 1.403539
v 2.711000 0.829000 1.418540
v 2.696000 0.829000 1.403539
v 2.711000 0.929000 1.418540
v 2.711000 0.944000 1.403539
v 2.696000 0.929000 1.403539
v 2.711000 0.814000 -1.378686
v 2.696000 0.829000 -1.378686
v 2.711000 0.829000 -1.393686
v 2.711000 0.944000 -1.378686
v 2.711000 0.929000 -1.393686
v 2.696000 0.929000 -1.378686
v 3.004000 0.814000 1.403539
v 3.019000 0.829000 1.403539
v 3.004000 0.829000 1.418540
v 3.004000 0.944000 1.403539
v 3.004000 0.929000 1.418540
v 3.019000 0.929000 1.403539
v 3.004000 0.814000 -1.378686
v 3.004000 0.829000 -1.393686
v 3.019000 0.829000 -1.378686
v 3.004000 0.944000 -1.378686
v 3.019000 0.929000 -1.378686
v 3.004000 0.929000 -1.393686
v 2.767471 0.949000 0.182865
v 2.770067 0.944500 0.182955
v 2.764874 0.944500 0.182774
v 2.775470 0.949000 -0.047135
v 2.778069 0.944500 -0.047167
v 2.772873 0.944500 -0.047104
v 2.761471 0.949000 -0.307135
v 2.764065 0.944500 -0.307275
v 2.758876 0.944500 -0.306996
v 2.846251 0.949000 0.615197
v 2.848847 0.944500 0.615287
v 2.843654 0.944500 0.615106
v 2.854251 0.949000 0.385197
v 2.856848 0.944500 0.385165
v 2.851653 0.944500 0.385228
v 2.840251 0.949000 0.125197
v 2.842845 0.944500 0.125057
v 2.837656 0.944500 0.125336
v 2.857500 0.955000 1.120000
v 2.857500 0.946000 1.105278
v 2.857500 0.943000 1.120000
v 2.870250 0.952000 1.112639
v 2.870250 0.946000 1.112639
v 2.870250 0.952000 1.127361
v 2.870250 0.946000 1.127361
v 2.857500 0.952000 1.134722
v 2.857500 0.946000 1.134722
v 2.844750 0.952000 1.127361
v 2.844750 0.946000 1.127361
v 2.844750 0.952000 1.112639
v 2.844750 0.946000 1.112639
v 2.857500 0.952000 1.105278
v 2.857500 0.955000 0.000000
v 2.857500 0.946000 -0.014722
v 2.857500 0.943000 0.000000
v 2.870250 0.952000 -0.007361
v 2.870250 0.946000 -0.007361
v 2.870250 0.952000 0.007361
v 2.870250 0.946000 0.007361
v 2.857500 0.952000 0.014722
v 2.857500 0.946000 0.014722
v 2.844750 0.952000 0.007361
v 2.844750 0.946000 0.007361
v 2.844750 0.952000 -0.007361
v 2.844750 0.946000 -0.007361
v 2.857500 0.952000 -0.014722
v 2.857500 0.955000 -1.120000
v 2.857500 0.946000 -1.134722
v 2.857500 0.943000 -1.120000
v 2.870250 0.952000 -1.127361
v 2.870250 0.946000 -1.127361
v 2.870250 0.952000 -1.112639
v 2.870250 0.946000 -1.112639
v 2.857500 0.952000 -1.105278
v 2.857500 0.946000 -1.105278
v 2.844750 0.952000 -1.112639
v 2.844750 0.946000 -1.112639
v 2.844750 0.952000 -1.127361
v 2.844750 0.946000 -1.127361
v 2.857500 0.952000 -1.134722
v 3.048000 0.814000 1.385119
v 3.048000 0.829000 1.400120
v 3.033000 0.829000 1.385119
v 3.048000 0.929000 1.400120
v 3.048000 0.944000 1.385119
v 3.033000 0.929000 1.385119
v 3.048000 0.814000 -1.373810
v 3.033000 0.829000 -1.373810
v 3.048000 0.829000 -1.388810
v 3.048000 0.944000 -1.373810
v 3.048000 0.929000 -1.388810
v 3.033000 0.929000 -1.373810
v 3.341000 0.814000 1.385119
v 3.356000 0.829000 1.385119
v 3.341000 0.829000 1.400120
v 3.341000 0.944000 1.385119
v 3.341000 0.929000 1.400120
v 3.356000 0.929000 1.385119
v 3.341000 0.814000 -1.373810
v 3.341000 0.829000 -1.388810
v 3.356000 0.829000 -1.373810
v 3.341000 0.944000 -1.373810
v 3.356000 0.929000 -1.373810
v 3.341000 0.929000 -1.388810
v 3.119358 0.949000 1.207289
v 3.121955 0.944500 1.207380
v 3.116762 0.944500 1.207199
v 3.127358 0.949000 0.977289
v 3.129956 0.944500 0.977258
v 3.124760 0.944500 0.977321
v 3.113358 0.949000 0.717290
v 3.115952 0.944500 0.717150
v 3.110764 0.944500 0.717429
v 3.282313 0.949000 0.979904
v 3.284909 0.944500 0.979994
v 3.279716 0.944500 0.979814
v 3.290313 0.949000 0.749904
v 3.292911 0.944500 0.749872
v 3.287715 0.944500 0.749936
v 3.276313 0.949000 0.489904
v 3.278907 0.944500 0.489764
v 3.273718 0.944500 0.490044
v 3.194500 0.955000 1.120000
v 3.194500 0.946000 1.105278
v 3.194500 0.943000 1.120000
v 3.207250 0.952000 1.112639
v 3.207250 0.946000 1.112639
v 3.207250 0.952000 1.127361
v 3.207250 0.946000 1.127361
v 3.194500 0.952000 1.134722
v 3.194500 0.946000 1.134722
v 3.181750 0.952000 1.127361
v 3.181750 0.946000 1.127361
v 3.181750 0.952000 1.112639
v 3.181750 0.946000 1.112639
v 3.194500 0.952000 1.105278
v 3.194500 0.955000 0.000000
v 3.194500 0.946000 -0.014722
v 3.194500 0.943000 0.000000
v 3.207250 0.952000 -0.007361
v 3.207250 0.946000 -0.007361
v 3.207250 0.952000 0.007361
v 3.207250 0.946000 0.007361
v 3.194500 0.952000 0.014722
v 3.194500 0.946000 0.014722
v 3.181750 0.952000 0.007361
v 3.181750 0.946000 0.007361
v 3.181750 0.952000 -0.007361
v 3.181750 0.946000 -0.007361
v 3.194500 0.952000 -0.014722
v 3.194500 0.955000 -1.120000
v 3.194500 0.946000 -1.134722
v 3.194500 0.943000 -1.120000
v 3.207250 0.952000 -1.127361
v 3.207250 0.946000 -1.127361
v 3.207250 0.952000 -1.112639
v 3.207250 0.946000 -1.112639
v 3.194500 0.952000 -1.105278
v 3.194500 0.946000 -1.105278
v 3.181750 0.952000 -1.112639
v 3.181750 0.946000 -1.112639
v 3.181750 0.952000 -1.127361
v 3.181750 0.946000 -1.127361
v 3.194500 0.952000 -1.134722
v 3.385000 0.814000 1.359710
v 3.385000 0.829000 1.374710
v 3.370000 0.829000 1.359710
v 3.385000 0.929000 1.374710
v 3.385000 0.944000 1.359710
v 3.370000 0.929000 1.359710
v 3.385000 0.814000 -1.379889
v 3.370000 0.829000 -1.379889
v 3.385000 0.829000 -1.394889
v 3.385000 0.944000 -1.379889
v 3.385000 0.929000 -1.394889
v 3.370000 0.929000 -1.379889
v 3.678000 0.814000 1.359710
v 3.693000 0.829000 1.359710
v 3.678000 0.829000 1.374710
v 3.678000 0.944000 1.359710
v 3.678000 0.929000 1.374710
v 3.693000 0.929000 1.359710
v 3.678000 0.814000 -1.379889
v 3.678000 0.829000 -1.394889
v 3.693000 0.829000 -1.379889
v 3.678000 0.944000 -1.379889
v 3.693000 0.929000 -1.379889
v 3.678000 0.929000 -1.394889
v 3.644005 0.949000 0.221939
v 3.646601 0.944500 0.222030
v 3.641408 0.944500 0.221849
v 3.652005 0.949000 -0.008061
v 3.654603 0.944500 -0.008093
v 3.649407 0.944500 -0.008029
v 3.638005 0.949000 -0.268061
v 3.640599 0.944500 -0.268200
v 3.635410 0.944500 -0.267921
v 3.592650 0.949000 0.372788
v 3.595247 0.944500 0.372879
v 3.590054 0.944500 0.372698
v 3.600650 0.949000 0.142788
v 3.603248 0.944500 0.142757
v 3.598053 0.944500 0.142820
v 3.586650 0.949000 -0.117212
v 3.589245 0.944500 -0.117351
v 3.584056 0.944500 -0.117072
v 3.531500 0.955000 1.120000
v 3.531500 0.946000 1.105278
v 3.531500 0.943000 1.120000
v 3.544250 0.952000 1.112639
v 3.544250 0.946000 1.112639
v 3.544250 0.952000 1.127361
v 3.544250 0.946000 1.127361
v 3.531500 0.952000 1.134722
v 3.531500 0.946000 1.134722
v 3.518750 0.952000 1.127361
v 3.518750 0.946000 1.127361
v 3.518750 0.952000 1.112639
v 3.518750 0.946000 1.112639
v 3.531500 0.952000 1.105278
v 3.531500 0.955000 0.000000
v 3.531500 0.946000 -0.014722
v 3.531500 0.943000 0.000000
v 3.544250 0.952000 -0.007361
v 3.544250 0.946000 -0.007361
v 3.544250 0.952000 0.007361
v 3.544250 0.946000 0.007361
v 3.531500 0.952000 0.014722
v 3.531500 0.946000 0.014722
v 3.518750 0.952000 0.007361
v 3.518750 0.946000 0.007361
v 3.518750 0.952000 -0.007361
v 3.518750 0.946000 -0.007361
v 3.531500 0.952000 -0.014722
v 3.531500 0.955000 -1.120000
v 3.531500 0.946000 -1.134722
v 3.531500 0.943000 -1.120000
v 3.544250 0.952000 -1.127361
v 3.544250 0.946000 -1.127361
v 3.544250 0.952000 -1.112639
v 3.544250 0.946000 -1.112639
v 3.531500 0.952000 -1.105278
v 3.531500 0.946000 -1.105278
v 3.518750 0.952000 -1.112639
v 3.518750 0.946000 -1.112639
v 3.518750 0.952000 -1.127361
v 3.518750 0.946000 -1.127361
v 3.531500 0.952000 -1.134722
v 3.722000 0.814000 1.385134
v 3.722000 0.829000 1.400134
v 3.707000 0.829000 1.385134
v 3.722000 0.929000 1.400134
v 3.722000 0.944000 1.385134
v 3.707000 0.929000 1.385134
v 3.722000 0.814000 -1.390949
v 3.707000 0.829000 -1.390949
v 3.722000 0.829000 -1.405949
v 3.722000 0.944000 -1.390949
v 3.722000 0.929000 -1.405949
v 3.707000 0.929000 -1.390949
v 4.015000 0.814000 1.385134
v 4.030000 0.829000 1.385134
v 4.015000 0.829000 1.400134
v 4.015000 0.944000 1.385134
v 4.015000 0.929000 1.400134
v 4.030000 0.929000 1.385134
v 4.015000 0.814000 -1.390949
v 4.015000 0.829000 -1.405949
v 4.030000 0.829000 -1.390949
v 4.015000 0.944000 -1.390949
v 4.030000 0.929000 -1.390949
v 4.015000 0.929000 -1.405949
v 3.777895 0.949000 0.702226
v 3.780491 0.944500 0.702316
v 3.775298 0.944500 0.702136
v 3.785895 0.949000 0.472226
v 3.788493 0.944500 0.472194
v 3.783297 0.944500 0.472258
v 3.771895 0.949000 0.212226
v 3.774489 0.944500 0.212086
v 3.769300 0.944500 0.212365
v 3.946984 0.949000 1.018759
v 3.949581 0.944500 1.018849
v 3.944388 0.944500 1.018668
v 3.954984 0.949000 0.788759
v 3.957582 0.944500 0.788727
v 3.952386 0.944500 0.788790
v 3.940984 0.949000 0.528759
v 3.943579 0.944500 0.528619
v 3.938390 0.944500 0.528898
v 3.868500 0.955000 1.120000
v 3.868500 0.946000 1.105278
v 3.868500 0.943000 1.120000
v 3.881250 0.952000 1.112639
v 3.881250 0.946000 1.112639
v 3.881250 0.952000 1.127361
v 3.881250 0.946000 1.127361
v 3.868500 0.952000 1.134722
v 3.868500 0.946000 1.134722
v 3.855750 0.952000 1.127361
v 3.855750 0.946000 1.127361
v 3.855750 0.952000 1.112639
v 3.855750 0.946000 1.112639
v 3.868500 0.952000 1.105278
v 3.868500 0.955000 0.000000
v 3.868500 0.946000 -0.014722
v 3.868500 0.943000 0.000000
v 3.881250 0.952000 -0.007361
v 3.881250 0.946000 -0.007361
v 3.881250 0.952000 0.007361
v 3.881250 0.946000 0.007361
v 3.868500 0.952000 0.014722
v 3.868500 0.946000 0.014722
v 3.855750 0.952000 0.007361
v 3.855750 0.946000 0.007361
v 3.855750 0.952000 -0.007361
v 3.855750 0.946000 -0.007361
v 3.868500 0.952000 -0.014722
v 3.868500 0.955000 -1.120000
v 3.868500 0.946000 -1.134722
v 3.868500 0.943000 -1.120000
v 3.881250 0.952000 -1.127361
v 3.881250 0.946000 -1.127361
v 3.881250 0.952000 -1.112639
v 3.881250 0.946000 -1.112639
v 3.868500 0.952000 -1.105278
v 3.868500 0.946000 -1.105278
v 3.855750 0.952000 -1.112639
v 3.855750 0.946000 -1.112639
v 3.855750 0.952000 -1.127361
v 3.855750 0.946000 -1.127361
v 3.868500 0.952000 -1.134722
v 4.059000 0.814000 1.378330
v 4.059000 0.829000 1.393331
v 4.044000 0.829000 1.378330
v 4.059000 0.929000 1.393331
v 4.059000 0.944000 1.378330
v 4.044000 0.929000 1.378330
v 4.059000 0.814000 -1.408799
v 4.044000 0.829000 -1.408799
v 4.059000 0.829000 -1.423799
v 4.059000 0.944000 -1.408799
v 4.059000 0.929000 -1.423799
v 4.044000 0.929000 -1.408799
v 4.352000 0.814000 1.378330
v 4.367000 0.829000 1.378330
v 4.352000 0.829000 1.393331
v 4.352000 0.944000 1.378330
v 4.352000 0.929000 1.393331
v 4.367000 0.929000 1.378330
v 4.352000 0.814000 -1.408799
v 4.352000 0.829000 -1.423799
v 4.367000 0.829000 -1.408799
v 4.352000 0.944000 -1.408799
v 4.367000 0.929000 -1.408799
v 4.352000 0.929000 -1.423799
v 4.183805 0.949000 0.829996
v 4.186401 0.944500 0.830087
v 4.181208 0.944500 0.829906
v 4.191804 0.949000 0.599996
v 4.194402 0.944500 0.599965
v 4.189207 0.944500 0.600028
v 4.177804 0.949000 0.339996
v 4.180399 0.944500 0.339857
v 4.175210 0.944500 0.340136
v 4.193817 0.949000 0.806356
v 4.196414 0.944500 0.806446
v 4.191221 0.944500 0.806265
v 4.201817 0.949000 0.576356
v 4.204415 0.944500 0.576324
v 4.199219 0.944500 0.576387
v 4.187817 0.949000 0.316356
v 4.190412 0.944500 0.316216
v 4.185223 0.944500 0.316495
v 4.205500 0.955000 1.120000
v 4.205500 0.946000 1.105278
v 4.205500 0.943000 1.120000
v 4.218250 0.952000 1.112639
v 4.218250 0.946000 1.112639
v 4.218250 0.952000 1.127361
v 4.218250 0.946000 1.127361
v 4.205500 0.952000 1.134722
v 4.205500 0.946000 1.134722
v 4.192750 0.952000 1.127361
v 4.192750 0.946000 1.127361
v 4.192750 0.952000 1.112639
v 4.192750 0.946000 1.112639
v 4.205500 0.952000 1.105278
v 4.205500 0.955000 0.000000
v 4.205500 0.946000 -0.014722
v 4.205500 0.943000 0.000000
v 4.218250 0.952000 -0.007361
v 4.218250 0.946000 -0.007361
v 4.218250 0.952000 0.007361
v 4.218250 0.946000 0.007361
v 4.205500 0.952000 0.014722
v 4.205500 0.946000 0.014722
v 4.192750 0.952000 0.007361
v 4.192750 0.946000 0.007361
v 4.192750 0.952000 -0.007361
v 4.192750 0.946000 -0.007361
v 4.205500 0.952000 -0.014722
v 4.205500 0.955000 -1.120000
v 4.205500 0.946000 -1.134722
v 4.205500 0.943000 -1.120000
v 4.218250 0.952000 -1.127361
v 4.218250 0.946000 -1.127361
v 4.218250 0.952000 -1.112639
v 4.218250 0.946000 -1.112639
v 4.205500 0.952000 -1.105278
v 4.205500 0.946000 -1.105278
v 4.192750 0.952000 -1.112639
v 4.192750 0.946000 -1.112639
v 4.192750 0.952000 -1.127361
v 4.192750 0.946000 -1.127361
v 4.205500 0.952000 -1.134722
v 4.428941 0.949000 1.142748
v 4.431537 0.944500 1.142838
v 4.426344 0.944500 1.142658
v 4.436941 0.949000 0.912748
v 4.439538 0.944500 0.912716
v 4.434343 0.944500 0.912780
v 4.422941 0.949000 0.652748
v 4.425535 0.944500 0.652608
v 4.420346 0.944500 0.652888
v 4.594842 0.949000 0.108253
v 4.597439 0.944500 0.108343
v 4.592246 0.944500 0.108163
v 4.602842 0.949000 -0.121747
v 4.605440 0.944500 -0.121779
v 4.600245 0.944500 -0.121715
v 4.588842 0.949000 -0.381747
v 4.591436 0.944500 -0.381887
v 4.586248 0.944500 -0.381607
v 4.542500 0.955000 1.120000
v 4.542500 0.946000 1.105278
v 4.542500 0.943000 1.120000
v 4.555250 0.952000 1.112639
v 4.555250 0.946000 1.112639
v 4.555250 0.952000 1.127361
v 4.555250 0.946000 1.127361
v 4.542500 0.952000 1.134722
v 4.542500 0.946000 1.134722
v 4.529750 0.952000 1.127361
v 4.529750 0.946000 1.127361
v 4.529750 0.952000 1.112639
v 4.529750 0.946000 1.112639
v 4.542500 0.952000 1.105278
v 4.542500 0.955000 0.000000
v 4.542500 0.946000 -0.014722
v 4.542500 0.943000 0.000000
v 4.555250 0.952000 -0.007361
v 4.555250 0.946000 -0.007361
v 4.555250 0.952000 0.007361
v 4.555250 0.946000 0.007361
v 4.542500 0.952000 0.014722
v 4.542500 0.946000 0.014722
v 4.529750 0.952000 0.007361
v 4.529750 0.946000 0.007361
v 4.529750 0.952000 -0.007361
v 4.529750 0.946000 -0.007361
v 4.542500 0.952000 -0.014722
v 4.542500 0.955000 -1.120000
v 4.542500 0.946000 -1.134722
v 4.542500 0.943000 -1.120000
v 4.555250 0.952000 -1.127361
v 4.555250 0.946000 -1.127361
v 4.555250 0.952000 -1.112639
v 4.555250 0.946000 -1.112639
v 4.542500 0.952000 -1.105278
v 4.542500 0.946000 -1.105278
v 4.529750 0.952000 -1.112639
v 4.529750 0.946000 -1.112639
v 4.529750 0.952000 -1.127361
v 4.529750 0.946000 -1.127361
v 4.542500 0.952000 -1.134722
v 4.733000 0.814000 1.379848
v 4.733000 0.829000 1.394847
v 4.718000 0.829000 1.379848
v 4.733000 0.929000 1.394847
v 4.733000 0.944000 1.379848
v 4.718000 0.929000 1.379848
v 4.733000 0.814000 -1.379560
v 4.718000 0.829000 -1.379560
v 4.733000 0.829000 -1.394560
v 4.733000 0.944000 -1.379560
v 4.733000 0.929000 -1.394560
v 4.718000 0.929000 -1.379560
v 5.026000 0.814000 1.379848
v 5.041000 0.829000 1.379848
v 5.026000 0.829000 1.394847
v 5.026000 0.944000 1.379848
v 5.026000 0.929000 1.394847
v 5.041000 0.929000 1.379848
v 5.026000 0.814000 -1.379560
v 5.026000 0.829000 -1.394560
v 5.041000 0.829000 -1.379560
v 5.026000 0.944000 -1.379560
v 5.041000 0.929000 -1.379560
v 5.026000 0.929000 -1.394560
v 4.891603 0.949000 0.389598
v 4.894200 0.944500 0.389688
v 4.889007 0.944500 0.389507
v 4.899603 0.949000 0.159598
v 4.902202 0.944500 0.159566
v 4.897006 0.944500 0.159629
v 4.885603 0.949000 -0.100402
v 4.888198 0.944500 -0.100542
v 4.883009 0.944500 -0.100263
v 4.812788 0.949000 0.549763
v 4.815384 0.944500 0.549854
v 4.810192 0.944500 0.549673
v 4.820788 0.949000 0.319763
v 4.823386 0.944500 0.319732
v 4.818190 0.944500 0.319795
v 4.806788 0.949000 0.059763
v 4.809382 0.944500 0.059624
v 4.804193 0.944500 0.059903
v 4.879500 0.955000 1.120000
v 4.879500 0.946000 1.105278
v 4.879500 0.943000 1.120000
v 4.892250 0.952000 1.112639
v 4.892250 0.946000 1.112639
v 4.892250 0.952000 1.127361
v 4.892250 0.946000 1.127361
v 4.879500 0.952000 1.134722
v 4.879500 0.946000 1.134722
v 4.866750 0.952000 1.127361
v 4.866750 0.946000 1.127361
v 4.866750 0.952000 1.112639
v 4.866750 0.946000 1.112639
v 4.879500 0.952000 1.105278
v 4.879500 0.955000 0.000000
v 4.879500 0.946000 -0.014722
v 4.879500 0.943000 0.000000
v 4.892250 0.952000 -0.007361
v 4.892250 0.946000 -0.007361
v 4.892250 0.952000 0.007361
v 4.892250 0.946000 0.007361
v 4.879500 0.952000 0.014722
v 4.879500 0.946000 0.014722
v 4.866750 0.952000 0.007361
v 4.866750 0.946000 0.007361
v 4.866750 0.952000 -0.007361
v 4.866750 0.946000 -0.007361
v 4.879500 0.952000 -0.014722
v 4.879500 0.955000 -1.120000
v 4.879500 0.946000 -1.134722
v 4.879500 0.943000 -1.120000
v 4.892250 0.952000 -1.127361
v 4.892250 0.946000 -1.127361
v 4.892250 0.952000 -1.112639
v 4.892250 0.946000 -1.112639
v 4.879500 0.952000 -1.105278
v 4.879500 0.946000 -1.105278
v 4.866750 0.952000 -1.112639
v 4.866750 0.946000 -1.112639
v 4.866750 0.952000 -1.127361
v 4.866750 0.946000 -1.127361
v 4.879500 0.952000 -1.134722
vn -0.5773 -0.5774 0.5773
vn -0.5773 0.5774 0.5773
vn -0.5773 -0.5774 -0.5773
vn -0.5773 0.5774 -0.5773
vn 0.5773 -0.5774 0.5773
vn 0.5773 0.5774 0.5773
vn 0.5773 -0.5774 -0.5773
vn 0.5773 0.5774 -0.5773
vn -0.7071 -0.7071 -0.0000
vn -0.7071 -0.0000 0.7071
vn -0.7071 0.7071 -0.0000
vn -0.7071 -0.0000 -0.7071
vn -0.0000 -0.7071 -0.7071
vn -0.0000 0.7071 -0.7071
vn 0.7071 -0.0000 -0.7071
vn 0.7071 -0.7071 -0.0000
vn 0.7071 0.7071 -0.0000
vn 0.7071 -0.0000 0.7071
vn -0.0000 -0.7071 0.7071
vn -0.0000 0.7071 0.7071
vn -0.0000 -1.0000 -0.0000
vn -1.0000 -0.0000 -0.0000
vn -0.0000 -0.0000 1.0000
vn -0.0000 1.0000 -0.0000
vn -0.0000 -0.0000 -1.0000
vn 1.0000 -0.0000 -0.0000
vn -0.5487 -0.1470 -0.8230
vn -0.4017 -0.4017 -0.8230
vn -0.1470 -0.5487 -0.8230
vn 0.1470 -0.5487 -0.8230
vn 0.4017 -0.4017 -0.8230
vn 0.5487 -0.1470 -0.8230
vn 0.5487 0.1470 -0.8230
vn 0.4017 0.4017 -0.8230
vn 0.1470 0.5487 -0.8230
vn -0.1470 0.5487 -0.8230
vn -0.4017 0.4017 -0.8230
vn -0.5487 0.1470 -0.8230
vn -0.8961 -0.2401 -0.3734
vn -0.6560 -0.6560 -0.3734
vn -0.2401 -0.8961 -0.3734
vn 0.2401 -0.8961 -0.3734
vn 0.6560 -0.6560 -0.3734
vn 0.8961 -0.2401 -0.3734
vn 0.8961 0.2401 -0.3734
vn 0.6560 0.6560 -0.3734
vn 0.2401 0.8961 -0.3734
vn -0.2401 0.8961 -0.3734
vn -0.6560 0.6560 -0.3734
vn -0.8961 0.2401 -0.3734
vn -0.9578 -0.2566 -0.1296
vn -0.7011 -0.7011 -0.1296
vn -0.2566 -0.9578 -0.1296
vn 0.2566 -0.9578 -0.1296
vn 0.7011 -0.7011 -0.1296
vn 0.9578 -0.2566 -0.1296
vn 0.9578 0.2566 -0.1296
vn 0.7011 0.7011 -0.1296
vn 0.2566 0.9578 -0.1296
vn -0.2566 0.9578 -0.1296
vn -0.7011 0.7011 -0.1296
vn -0.9578 0.2566 -0.1296
vn -0.9659 -0.2588 -0.0000
vn -0.2588 -0.9659 -0.0000
vn 0.2588 -0.9659 -0.0000
vn 0.9659 -0.2588 -0.0000
vn 0.9659 0.2588 -0.0000
vn 0.2588 0.9659 -0.0000
vn -0.2588 0.9659 -0.0000
vn -0.9659 0.2588 -0.0000
vn -0.9578 -0.2566 0.1296
vn -0.7011 -0.7011 0.1296
vn -0.2566 -0.9578 0.1296
vn 0.2566 -0.9578 0.1296
vn 0.7011 -0.7011 0.1296
vn 0.9578 -0.2566 0.1296
vn 0.9578 0.2566 0.1296
vn 0.7011 0.7011 0.1296
vn 0.2566 0.9578 0.1296
vn -0.2566 0.9578 0.1296
vn -0.7011 0.7011 0.1296
vn -0.9578 0.2566 0.1296
vn -0.8961 -0.2401 0.3734
vn -0.6560 -0.6560 0.3734
vn -0.2401 -0.8961 0.3734
vn 0.2401 -0.8961 0.3734
vn 0.6560 -0.6560 0.3734
vn 0.8961 -0.2401 0.3734
vn 0.8961 0.2401 0.3734
vn 0.6560 0.6560 0.3734
vn 0.2401 0.8961 0.3734
vn -0.2401 0.8961 0.3734
vn -0.6560 0.6560 0.3734
vn -0.8961 0.2401 0.3734
vn -0.5487 -0.1470 0.8230
vn -0.4017 -0.4017 0.8230
vn -0.1470 -0.5487 0.8230
vn 0.1470 -0.5487 0.8230
vn 0.4017 -0.4017 0.8230
vn 0.5487 -0.1470 0.8230
vn 0.5487 0.1470 0.8230
vn 0.4017 0.4017 0.8230
vn 0.1470 0.5487 0.8230
vn -0.1470 0.5487 0.8230
vn -0.4017 0.4017 0.8230
vn -0.5487 0.1470 0.8230
vn -0.7907 -0.2119 0.5744
vn 0.3080 0.0825 0.9478
vn 0.3080 0.0825 -0.9478
vn -0.7907 -0.2119 -0.5744
vn -0.5788 -0.5788 0.5744
vn 0.2254 0.2254 0.9478
vn 0.2254 0.2254 -0.9478
vn -0.5788 -0.5788 -0.5744
vn -0.2119 -0.7907 0.5744
vn 0.0825 0.3080 0.9478
vn 0.0825 0.3080 -0.9478
vn -0.2119 -0.7907 -0.5744
vn 0.2119 -0.7907 0.5744
vn -0.0825 0.3080 0.9478
vn -0.0825 0.3080 -0.9478
vn 0.2119 -0.7907 -0.5744
vn 0.5788 -0.5788 0.5744
vn -0.2254 0.2254 0.9478
vn -0.2254 0.2254 -0.9478
vn 0.5788 -0.5788 -0.5744
vn 0.7906 -0.2119 0.5745
vn -0.3080 0.0825 0.9478
vn -0.3080 0.0825 -0.9478
vn 0.7906 -0.2119 -0.5745
vn 0.7906 0.2119 0.5745
vn -0.3080 -0.0825 0.9478
vn -0.3080 -0.0825 -0.9478
vn 0.7906 0.2119 -0.5745
vn 0.5788 0.5788 0.5744
vn -0.2254 -0.2254 0.9478
vn -0.2254 -0.2254 -0.9478
vn 0.5788 0.5788 -0.5744
vn 0.2119 0.7907 0.5744
vn -0.0825 -0.3080 0.9478
vn -0.0825 -0.3080 -0.9478
vn 0.2119 0.7907 -0.5744
vn -0.2119 0.7907 0.5744
vn 0.0825 -0.3080 0.9478
vn 0.0825 -0.3080 -0.9478
vn -0.2119 0.7907 -0.5744
vn -0.5788 0.5788 0.5744
vn 0.2254 -0.2254 0.9478
vn 0.2254 -0.2254 -0.9478
vn -0.5788 0.5788 -0.5744
vn -0.7907 0.2119 0.5744
vn 0.3080 -0.0825 0.9478
vn 0.3080 -0.0825 -0.9478
vn -0.7907 0.2119 -0.5744
vn -0.8436 -0.2260 0.4871
vn 0.8436 0.2260 0.4871
vn 0.8436 0.2260 -0.4871
vn -0.8436 -0.2260 -0.4871
vn -0.6176 -0.6176 0.4871
vn 0.6176 0.6176 0.4871
vn 0.6176 0.6176 -0.4871
vn -0.6176 -0.6176 -0.4871
vn -0.2260 -0.8436 0.4871
vn 0.2260 0.8436 0.4871
vn 0.2260 0.8436 -0.4871
vn -0.2260 -0.8436 -0.4871
vn 0.2260 -0.8436 0.4871
vn -0.2260 0.8436 0.4871
vn -0.2260 0.8436 -0.4871
vn 0.2260 -0.8436 -0.4871
vn 0.6176 -0.6176 0.4871
vn -0.6176 0.6176 0.4871
vn -0.6176 0.6176 -0.4871
vn 0.6176 -0.6176 -0.4871
vn 0.8436 -0.2260 0.4871
vn -0.8436 0.2260 0.4871
vn -0.8436 0.2260 -0.4871
vn 0.8436 -0.2260 -0.4871
vn 0.1316 -0.9020 0.4111
vn -0.1804 0.8896 0.4196
vn -0.1804 0.8896 -0.4196
vn 0.1316 -0.9020 -0.4111
vn 0.8785 -0.0048 0.4777
vn -0.8783 0.0100 0.4780
vn -0.8783 0.0100 -0.4780
vn 0.8785 -0.0048 -0.4777
vn 0.8285 0.3397 0.4452
vn -0.8209 -0.3555 0.4469
vn -0.8209 -0.3555 -0.4469
vn 0.8285 0.3397 -0.4452
vn -0.0000 0.8873 0.4611
vn -0.0000 -0.8873 0.4611
vn -0.0000 -0.8873 -0.4611
vn -0.0000 0.8873 -0.4611
vn -0.8285 0.3397 0.4452
vn 0.8209 -0.3555 0.4470
vn 0.8209 -0.3555 -0.4470
vn -0.8285 0.3397 -0.4452
vn -0.8785 -0.0048 0.4777
vn 0.8783 0.0100 0.4780
vn 0.8783 0.0100 -0.4780
vn -0.8785 -0.0048 -0.4777
vn -0.1316 -0.9020 0.4111
vn 0.1804 0.8896 0.4196
vn 0.1804 0.8896 -0.4196
vn -0.1316 -0.9020 -0.4111
vn -0.0000 -0.8665 0.4991
vn -0.0000 0.8665 0.4991
vn -0.0000 0.8665 -0.4991
vn -0.0000 -0.8665 -0.4991
vn 0.1805 0.8896 0.4196
vn 0.7907 -0.2119 0.5744
vn 0.7906 -0.2119 -0.5744
vn 0.7907 0.2119 0.5744
vn 0.7907 0.2119 -0.5744
vn 0.7907 -0.2119 -0.5744
vn -0.8436 0.2260 0.4870
vn -0.8436 0.2260 -0.4870
vn -0.8209 -0.3555 0.4470
vn -0.8209 -0.3555 -0.4470
vn -0.5774 -0.5773 0.5774
vn -0.5774 0.5773 0.5774
vn -0.5774 -0.5773 -0.5773
vn -0.5774 0.5773 -0.5773
vn 0.5773 -0.5774 0.5774
vn 0.5773 0.5774 0.5774
vn 0.5773 -0.5773 -0.5774
vn 0.5773 0.5773 -0.5774
vn -0.5774 -0.5774 0.5773
vn -0.5774 0.5774 0.5773
vn 0.5773 -0.5774 -0.5774
vn 0.5773 0.5774 -0.5774
vn -0.5774 -0.5773 0.5773
vn -0.5774 0.5773 0.5773
vn -0.5773 -0.5774 0.5774
vn -0.5773 0.5774 0.5774
vn -0.5774 -0.5773 -0.5774
vn -0.5774 0.5773 -0.5774
vn 0.8656 0.4998 0.0301
vn -0.8656 0.4998 -0.0301
vn 0.8649 0.4998 -0.0466
vn -0.8649 0.4998 0.0466
vn -0.0348 -0.0000 0.9994
vn -0.0538 -0.0000 -0.9986
vn 0.1145 -0.9734 -0.1984
vn 0.5000 -0.0000 -0.8660
vn 0.1145 0.9734 -0.1984
vn 0.2290 -0.9734 -0.0000
vn 0.2290 0.9734 -0.0000
vn 0.1145 -0.9734 0.1984
vn 0.5000 -0.0000 0.8660
vn 0.1145 0.9734 0.1984
vn -0.1145 -0.9734 0.1984
vn -0.5000 -0.0000 0.8660
vn -0.1145 0.9734 0.1984
vn -0.2290 -0.9734 -0.0000
vn -0.2290 0.9734 -0.0000
vn -0.1145 -0.9734 -0.1984
vn -0.5000 -0.0000 -0.8660
vn -0.1145 0.9734 -0.1984
vn -0.5773 -0.5773 0.5774
vn -0.5773 0.5773 0.5774
vn -0.5773 -0.5773 -0.5774
vn -0.5773 0.5773 -0.5774
vn 0.5773 -0.5773 0.5774
vn 0.5773 0.5773 0.5774
vn -0.5773 -0.5774 -0.5774
vn -0.5773 0.5774 -0.5774
vn 0.5774 -0.5774 0.5773
vn 0.5774 0.5774 0.5773
vn 0.5774 -0.5774 -0.5773
vn 0.5774 0.5774 -0.5773
vn 0.5774 -0.5773 0.5774
vn 0.5774 0.5773 0.5774
vn 0.5774 -0.5773 -0.5774
vn 0.5774 0.5773 -0.5774
vt 0.112452 0.007606
vt 0.112452 0.002238
vt 0.117819 0.007606
vt 0.127663 0.002238
vt 0.127663 0.007606
vt 0.122296 0.007606
vt 0.112452 0.992394
vt 0.117819 0.992394
vt 0.112452 0.997762
vt 0.127663 0.992394
vt 0.127663 0.997762
vt 0.122296 0.992394
vt 0.282613 0.788589
vt 0.287981 0.784793
vt 0.287981 0.792384
vt 0.329132 0.788589
vt 0.323765 0.792384
vt 0.323765 0.784793
vt 0.282613 0.080171
vt 0.287981 0.076376
vt 0.287981 0.083966
vt 0.329132 0.080171
vt 0.323765 0.083966
vt 0.323765 0.076376
vt 0.278137 0.997762
vt 0.242353 0.997762
vt 0.242353 0.992394
vt 0.278137 0.992394
vt 0.242353 0.002238
vt 0.278137 0.002238
vt 0.278137 0.007606
vt 0.242353 0.007606
vt 0.007606 0.992394
vt 0.007606 0.997762
vt 0.232509 0.992394
vt 0.232509 0.997762
vt 0.007606 0.007606
vt 0.002238 0.992394
vt 0.002238 0.007606
vt 0.232509 0.007606
vt 0.237877 0.007606
vt 0.237877 0.992394
vt 0.007606 0.002238
vt 0.232509 0.002238
vt 0.323765 0.866521
vt 0.287981 0.866521
vt 0.287981 0.002238
vt 0.323765 0.002238
vt 0.323765 0.780317
vt 0.287981 0.780317
vt 0.251986 0.610340
vt 0.192793 0.576165
vt 0.200117 0.548835
vt 0.271994 0.590333
vt 0.124443 0.576165
vt 0.117120 0.548835
vt 0.065251 0.610340
vt 0.045243 0.590333
vt 0.031076 0.669533
vt 0.003745 0.662210
vt 0.031076 0.737883
vt 0.003745 0.745206
vt 0.065251 0.797076
vt 0.045243 0.817083
vt 0.124443 0.831251
vt 0.117120 0.858581
vt 0.192793 0.831251
vt 0.200117 0.858581
vt 0.251986 0.797076
vt 0.271994 0.817083
vt 0.286161 0.737883
vt 0.313492 0.745206
vt 0.286161 0.669533
vt 0.313492 0.662210
vt 0.150372 0.541345
vt 0.078496 0.541345
vt 0.061823 0.484755
vt 0.144270 0.484755
vt 0.036997 0.541345
vt 0.014222 0.484755
vt 0.745162 0.003745
vt 0.817039 0.003745
vt 0.810937 0.060335
vt 0.728489 0.060335
vt 0.900036 0.003745
vt 0.906138 0.060335
vt 0.971913 0.003745
vt 0.988585 0.060335
vt 0.411829 0.003745
vt 0.483706 0.003745
vt 0.477603 0.060335
vt 0.395156 0.060335
vt 0.566702 0.003745
vt 0.572805 0.060335
vt 0.638579 0.003745
vt 0.655252 0.060335
vt 0.680077 0.003745
vt 0.702853 0.060335
vt 0.346744 0.541345
vt 0.305246 0.541345
vt 0.321919 0.484755
vt 0.369519 0.484755
vt 0.233369 0.541345
vt 0.239471 0.484755
vt 0.054153 0.404587
vt 0.141463 0.404587
vt 0.003745 0.404587
vt 0.808129 0.140503
vt 0.720820 0.140503
vt 0.908946 0.140503
vt 0.996255 0.140503
vt 0.474796 0.140503
vt 0.387487 0.140503
vt 0.575612 0.140503
vt 0.662921 0.140503
vt 0.713330 0.140503
vt 0.329588 0.404587
vt 0.379996 0.404587
vt 0.242279 0.404587
vt 0.054153 0.140503
vt 0.141463 0.140503
vt 0.003745 0.140503
vt 0.808129 0.404587
vt 0.720820 0.404587
vt 0.908946 0.404587
vt 0.996255 0.404587
vt 0.474796 0.404587
vt 0.387487 0.404587
vt 0.575612 0.404587
vt 0.662921 0.404587
vt 0.713329 0.404587
vt 0.329588 0.140503
vt 0.379996 0.140503
vt 0.242279 0.140503
vt 0.061823 0.060335
vt 0.144270 0.060335
vt 0.014222 0.060335
vt 0.810937 0.484755
vt 0.728489 0.484755
vt 0.906138 0.484755
vt 0.988585 0.484755
vt 0.477603 0.484755
vt 0.395156 0.484755
vt 0.572805 0.484755
vt 0.655252 0.484755
vt 0.702853 0.484755
vt 0.321919 0.060335
vt 0.369519 0.060335
vt 0.239472 0.060335
vt 0.078496 0.003745
vt 0.150373 0.003745
vt 0.036997 0.003745
vt 0.817039 0.541345
vt 0.745162 0.541345
vt 0.900036 0.541345
vt 0.971912 0.541345
vt 0.483706 0.541345
vt 0.411829 0.541345
vt 0.566702 0.541345
vt 0.638579 0.541345
vt 0.680077 0.541345
vt 0.305246 0.003745
vt 0.346744 0.003745
vt 0.233369 0.003745
vt 0.320982 0.745206
vt 0.320982 0.662210
vt 0.348313 0.669533
vt 0.348313 0.737883
vt 0.362480 0.590333
vt 0.382488 0.610340
vt 0.434357 0.548835
vt 0.441680 0.576165
vt 0.517354 0.548835
vt 0.510030 0.576165
vt 0.589230 0.590333
vt 0.569223 0.610340
vt 0.630729 0.662210
vt 0.603398 0.669533
vt 0.630729 0.745206
vt 0.603398 0.737883
vt 0.589230 0.817083
vt 0.569223 0.797076
vt 0.517354 0.858582
vt 0.510030 0.831251
vt 0.434357 0.858582
vt 0.441680 0.831251
vt 0.362480 0.817083
vt 0.382488 0.797076
vt 0.012690 0.741230
vt 0.003155 0.743023
vt 0.003155 0.615854
vt 0.012690 0.617647
vt 0.514296 0.314868
vt 0.503155 0.317770
vt 0.503155 0.184798
vt 0.514296 0.187699
vt 0.152651 0.753851
vt 0.140865 0.753851
vt 0.140865 0.620879
vt 0.152651 0.620879
vt 0.496845 0.317770
vt 0.485704 0.314868
vt 0.485704 0.187699
vt 0.496845 0.184798
vt 0.022225 0.743023
vt 0.022225 0.615854
vt 0.003155 0.505722
vt 0.012690 0.510620
vt 0.569297 0.069641
vt 0.577552 0.077567
vt 0.140865 0.505722
vt 0.152651 0.505722
vt 0.422448 0.077567
vt 0.430703 0.069640
vt 0.022225 0.505722
vt 0.088829 0.510620
vt 0.098365 0.505722
vt 0.098365 0.615854
vt 0.088829 0.617647
vt 0.683858 0.003155
vt 0.687114 0.013982
vt 0.122769 0.505722
vt 0.134556 0.505722
vt 0.134556 0.620879
vt 0.122769 0.620879
vt 0.312886 0.013982
vt 0.316142 0.003155
vt 0.079294 0.505722
vt 0.079294 0.615854
vt 0.098365 0.743023
vt 0.088829 0.741230
vt 0.816142 0.003155
vt 0.813626 0.013982
vt 0.134556 0.753851
vt 0.122769 0.753851
vt 0.186374 0.013982
vt 0.183858 0.003155
vt 0.079294 0.743023
vt 0.098365 0.853155
vt 0.088829 0.848257
vt 0.930703 0.069641
vt 0.923188 0.077567
vt 0.134556 0.869008
vt 0.122769 0.869008
vt 0.076812 0.077567
vt 0.069297 0.069641
vt 0.079294 0.853155
vt 0.038070 0.510621
vt 0.047605 0.505722
vt 0.047605 0.615854
vt 0.038070 0.617647
vt 0.996845 0.184798
vt 0.986444 0.187699
vt 0.158960 0.505722
vt 0.170746 0.505722
vt 0.170746 0.620879
vt 0.158960 0.620879
vt 0.013556 0.187699
vt 0.003155 0.184798
vt 0.028534 0.505722
vt 0.028534 0.615854
vt 0.047605 0.743023
vt 0.038070 0.741230
vt 0.996845 0.317770
vt 0.986444 0.314868
vt 0.170746 0.753851
vt 0.158960 0.753851
vt 0.013556 0.314868
vt 0.003155 0.317770
vt 0.028534 0.743023
vt 0.047605 0.853155
vt 0.038070 0.848257
vt 0.930704 0.432927
vt 0.923188 0.425000
vt 0.170746 0.869008
vt 0.158960 0.869008
vt 0.076812 0.425000
vt 0.069297 0.432927
vt 0.028534 0.853155
vt 0.063450 0.848257
vt 0.053914 0.853155
vt 0.053914 0.743023
vt 0.063450 0.741230
vt 0.816142 0.499413
vt 0.813626 0.488585
vt 0.116460 0.869008
vt 0.104674 0.869008
vt 0.104674 0.753851
vt 0.116460 0.753851
vt 0.186374 0.488585
vt 0.183858 0.499413
vt 0.072985 0.853155
vt 0.072985 0.743023
vt 0.053914 0.615854
vt 0.063450 0.617647
vt 0.683858 0.499413
vt 0.687114 0.488585
vt 0.104674 0.620879
vt 0.116460 0.620879
vt 0.312886 0.488585
vt 0.316142 0.499413
vt 0.072985 0.615854
vt 0.053914 0.505722
vt 0.063450 0.510621
vt 0.569297 0.432927
vt 0.577552 0.425000
vt 0.104674 0.505722
vt 0.116460 0.505722
vt 0.422448 0.425000
vt 0.430703 0.432927
vt 0.072985 0.505722
vt 0.012690 0.848257
vt 0.003155 0.853155
vt 0.152651 0.869008
vt 0.140865 0.869008
vt 0.022225 0.853155
vt 0.096346 0.489322
vt 0.089543 0.495027
vt 0.015878 0.366773
vt 0.024759 0.364685
vt 0.080791 0.504258
vt 0.003765 0.370151
vt 0.774775 0.504258
vt 0.763903 0.504258
vt 0.811164 0.370151
vt 0.822036 0.370151
vt 0.754909 0.495027
vt 0.800107 0.366773
vt 0.081049 0.993820
vt 0.068772 0.988115
vt 0.112696 0.863477
vt 0.126248 0.865565
vt 0.015878 0.218677
vt 0.024759 0.220765
vt 0.003765 0.215298
vt 0.811164 0.215298
vt 0.822036 0.215298
vt 0.800107 0.218677
vt 0.112696 0.719557
vt 0.126248 0.717469
vt 0.089543 0.090422
vt 0.096346 0.096127
vt 0.080791 0.081192
vt 0.763903 0.081192
vt 0.774775 0.081192
vt 0.754909 0.090422
vt 0.068772 0.594919
vt 0.081049 0.589214
vt 0.174621 0.594919
vt 0.185726 0.589214
vt 0.185726 0.717469
vt 0.174621 0.719557
vt 0.214204 0.003765
vt 0.217134 0.016374
vt 0.982509 0.434361
vt 0.996235 0.434361
vt 0.996235 0.568468
vt 0.982509 0.568468
vt 0.676622 0.016374
vt 0.682044 0.003765
vt 0.163517 0.589214
vt 0.163517 0.717469
vt 0.185726 0.865565
vt 0.174621 0.863477
vt 0.368256 0.003765
vt 0.364464 0.016374
vt 0.996235 0.723321
vt 0.982509 0.723321
vt 0.586225 0.016374
vt 0.587522 0.003765
vt 0.163517 0.865565
vt 0.185726 0.993819
vt 0.174621 0.988115
vt 0.501669 0.081191
vt 0.492055 0.090422
vt 0.996235 0.857427
vt 0.982509 0.857427
vt 0.969558 0.003765
vt 0.974980 0.016374
vt 0.896693 0.090422
vt 0.887699 0.081191
vt 0.163517 0.993819
vt 0.487508 0.096127
vt 0.565720 0.218677
vt 0.559095 0.220765
vt 0.578695 0.215298
vt 0.876827 0.081191
vt 0.840438 0.215298
vt 0.829566 0.215298
vt 0.851494 0.218677
vt 0.048964 0.589214
vt 0.061242 0.594919
vt 0.017317 0.719557
vt 0.003765 0.717469
vt 0.565720 0.366772
vt 0.559095 0.364684
vt 0.578695 0.370151
vt 0.840438 0.370151
vt 0.829566 0.370151
vt 0.851494 0.366773
vt 0.017317 0.863477
vt 0.003765 0.865565
vt 0.492055 0.495027
vt 0.487508 0.489322
vt 0.501669 0.504258
vt 0.887699 0.504258
vt 0.876827 0.504258
vt 0.896693 0.495027
vt 0.061242 0.988115
vt 0.048964 0.993819
vt 0.144883 0.988115
vt 0.133778 0.993819
vt 0.133778 0.865565
vt 0.144883 0.863477
vt 0.368256 0.581684
vt 0.364464 0.569075
vt 0.996235 0.426831
vt 0.982509 0.426831
vt 0.982509 0.292725
vt 0.996235 0.292725
vt 0.974980 0.569075
vt 0.969558 0.581684
vt 0.155987 0.993819
vt 0.155987 0.865565
vt 0.133778 0.717469
vt 0.144883 0.719557
vt 0.214204 0.581684
vt 0.217134 0.569075
vt 0.982509 0.137872
vt 0.996235 0.137872
vt 0.587522 0.581684
vt 0.586225 0.569075
vt 0.676622 0.569075
vt 0.682044 0.581684
vt 0.155987 0.717469
vt 0.133778 0.589214
vt 0.144883 0.594919
vt 0.982509 0.003765
vt 0.996235 0.003765
vt 0.155987 0.589214
vt 0.025991 0.220213
vt 0.011861 0.218367
vt 0.048761 0.095987
vt 0.061926 0.101029
vt 0.004667 0.214676
vt 0.043494 0.085902
vt 0.888198 0.413808
vt 0.874460 0.416977
vt 0.853342 0.280766
vt 0.867591 0.280896
vt 0.621878 0.212831
vt 0.607748 0.214676
vt 0.568921 0.085903
vt 0.582087 0.080861
vt 0.600554 0.218367
vt 0.563655 0.095987
vt 0.706620 0.461399
vt 0.693455 0.456357
vt 0.729390 0.337173
vt 0.743520 0.339018
vt 0.112672 0.025330
vt 0.124168 0.032217
vt 0.110745 0.011555
vt 0.874460 0.129850
vt 0.888197 0.133636
vt 0.501671 0.011555
vt 0.513167 0.004667
vt 0.499744 0.025330
vt 0.729390 0.199550
vt 0.743520 0.197705
vt 0.004667 0.587757
vt 0.017833 0.582715
vt 0.054732 0.705096
vt 0.040603 0.706942
vt 0.188399 0.011555
vt 0.186471 0.025330
vt 0.932156 0.004667
vt 0.944496 0.011485
vt 0.982167 0.511321
vt 0.995333 0.516363
vt 0.956506 0.645137
vt 0.942376 0.643291
vt 0.425945 0.025330
vt 0.424017 0.011555
vt 0.693455 0.080366
vt 0.706620 0.075324
vt 0.054732 0.846409
vt 0.040603 0.844564
vt 0.255649 0.085903
vt 0.250383 0.095986
vt 0.199895 0.004667
vt 0.268814 0.080860
vt 0.956506 0.793832
vt 0.942377 0.795677
vt 0.362033 0.095986
vt 0.356767 0.085902
vt 0.631213 0.011555
vt 0.642709 0.004667
vt 0.017833 0.968790
vt 0.004667 0.963748
vt 0.294476 0.214676
vt 0.287282 0.218367
vt 0.308605 0.212831
vt 0.995333 0.922606
vt 0.982167 0.927648
vt 0.325134 0.218367
vt 0.317940 0.214676
vt 0.375199 0.101029
vt 0.339263 0.220213
vt 0.752854 0.516549
vt 0.765194 0.511321
vt 0.818697 0.590153
vt 0.804960 0.593322
vt 0.294476 0.363372
vt 0.287282 0.359681
vt 0.308605 0.365217
vt 0.831668 0.004667
vt 0.844007 0.009895
vt 0.787710 0.092845
vt 0.773972 0.089676
vt 0.325134 0.359681
vt 0.317940 0.363372
vt 0.339263 0.357835
vt 0.838281 0.716466
vt 0.824032 0.716336
vt 0.255649 0.492145
vt 0.250383 0.482061
vt 0.268814 0.497187
vt 0.767103 0.225757
vt 0.752854 0.225887
vt 0.362033 0.482061
vt 0.356767 0.492145
vt 0.375199 0.477019
vt 0.818697 0.856416
vt 0.804960 0.852630
vt 0.188399 0.566493
vt 0.186471 0.552718
vt 0.199895 0.573381
vt 0.787710 0.373018
vt 0.773972 0.376803
vt 0.425945 0.552718
vt 0.424017 0.566493
vt 0.859955 0.972502
vt 0.847615 0.967275
vt 0.899721 0.890502
vt 0.913458 0.893670
vt 0.765194 0.972502
vt 0.752854 0.965684
vt 0.110745 0.566493
vt 0.112672 0.552718
vt 0.684169 0.952675
vt 0.671003 0.957717
vt 0.631212 0.825747
vt 0.645342 0.823901
vt 0.844007 0.495168
vt 0.831668 0.501986
vt 0.499743 0.552718
vt 0.501671 0.566493
vt 0.918793 0.767487
vt 0.933042 0.767357
vt 0.124169 0.545831
vt 0.048761 0.482061
vt 0.061926 0.477019
vt 0.043494 0.492145
vt 0.631212 0.673360
vt 0.645342 0.675206
vt 0.513167 0.573381
vt 0.568921 0.492146
vt 0.582087 0.497188
vt 0.563655 0.482061
vt 0.899721 0.631193
vt 0.913458 0.627407
vt 0.011861 0.359681
vt 0.025991 0.357835
vt 0.004667 0.363372
vt 0.671003 0.541390
vt 0.684169 0.546432
vt 0.607748 0.363372
vt 0.621878 0.365217
vt 0.600554 0.359681
vt 0.847615 0.518139
vt 0.859955 0.511321
vt 0.944496 0.496758
vt 0.932156 0.501986
vt 0.642709 0.532056
vt 0.631213 0.525168
vt 0.804080 0.607114
vt 0.790015 0.603870
vt 0.844794 0.523157
vt 0.857429 0.528509
vt 0.346992 0.368141
vt 0.339627 0.371921
vt 0.339627 0.219677
vt 0.346992 0.223456
vt 0.325160 0.373810
vt 0.325160 0.217788
vt 0.841670 0.091694
vt 0.827605 0.094939
vt 0.769964 0.010010
vt 0.782598 0.004657
vt 0.315846 0.371921
vt 0.308481 0.368142
vt 0.308481 0.223456
vt 0.315846 0.219677
vt 0.294014 0.366252
vt 0.294014 0.225346
vt 0.760650 0.944069
vt 0.747170 0.949231
vt 0.709391 0.823930
vt 0.723857 0.822041
vt 0.379380 0.087830
vt 0.384772 0.098155
vt 0.365900 0.082668
vt 0.880222 0.949418
vt 0.866743 0.944256
vt 0.906496 0.812409
vt 0.920962 0.814299
vt 0.270701 0.098155
vt 0.276093 0.087831
vt 0.257221 0.103318
vt 0.709391 0.679245
vt 0.723857 0.681134
vt 0.448235 0.011709
vt 0.450208 0.025813
vt 0.436464 0.004657
vt 0.906496 0.660166
vt 0.920962 0.658276
vt 0.205265 0.025813
vt 0.207238 0.011709
vt 0.748879 0.004657
vt 0.760650 0.011709
vt 0.696923 0.082162
vt 0.683443 0.077000
vt 0.747170 0.553944
vt 0.760650 0.559106
vt 0.527741 0.011709
vt 0.525768 0.025812
vt 0.872606 0.011638
vt 0.885240 0.004657
vt 0.944312 0.132827
vt 0.930247 0.136703
vt 0.866742 0.528319
vt 0.880222 0.523157
vt 0.129705 0.025813
vt 0.127732 0.011709
vt 0.660130 0.204190
vt 0.645663 0.202301
vt 0.513997 0.032864
vt 0.591204 0.098155
vt 0.577725 0.103317
vt 0.596596 0.087830
vt 0.965934 0.287344
vt 0.951346 0.287477
vt 0.115961 0.004657
vt 0.058877 0.087831
vt 0.045397 0.082668
vt 0.064269 0.098155
vt 0.660130 0.345096
vt 0.645663 0.346986
vt 0.628984 0.223456
vt 0.614517 0.225346
vt 0.636349 0.219677
vt 0.944312 0.426805
vt 0.930247 0.423561
vt 0.019124 0.219677
vt 0.004657 0.217788
vt 0.026489 0.223456
vt 0.696923 0.467125
vt 0.683443 0.472287
vt 0.628984 0.368141
vt 0.614517 0.366252
vt 0.636349 0.371921
vt 0.885240 0.513843
vt 0.872606 0.508490
vt 0.019123 0.371921
vt 0.004657 0.373810
vt 0.026489 0.368142
vt 0.760650 0.537578
vt 0.748879 0.544630
vt 0.591204 0.493443
vt 0.577724 0.488280
vt 0.596596 0.503767
vt 0.645663 0.559106
vt 0.659143 0.553944
vt 0.699883 0.689063
vt 0.685416 0.690953
vt 0.058877 0.503767
vt 0.045397 0.508930
vt 0.064269 0.493443
vt 0.968056 0.523157
vt 0.981536 0.528319
vt 0.944743 0.650348
vt 0.930276 0.648458
vt 0.525768 0.565785
vt 0.513997 0.558733
vt 0.527741 0.579889
vt 0.699883 0.845086
vt 0.685416 0.843196
vt 0.127732 0.579889
vt 0.115961 0.586941
vt 0.129705 0.565785
vt 0.944743 0.791254
vt 0.930276 0.793143
vt 0.857429 0.988362
vt 0.844794 0.995343
vt 0.790015 0.876487
vt 0.804080 0.872610
vt 0.448235 0.579889
vt 0.450208 0.565785
vt 0.659143 0.980205
vt 0.645663 0.975043
vt 0.782598 0.513843
vt 0.769964 0.506862
vt 0.827605 0.381797
vt 0.841670 0.385673
vt 0.205265 0.565785
vt 0.207238 0.579889
vt 0.981536 0.913282
vt 0.968056 0.918444
vt 0.769964 0.733197
vt 0.784553 0.733064
vt 0.379380 0.503767
vt 0.384772 0.493443
vt 0.436464 0.586941
vt 0.365900 0.508930
vt 0.848703 0.231022
vt 0.863292 0.231156
vt 0.270701 0.493443
vt 0.276093 0.503767
vt 0.193494 0.558734
vt 0.257221 0.488280
vt 0.941180 0.201335
vt 0.930795 0.200699
vt 0.916994 0.003605
vt 0.929733 0.012069
vt 0.440958 0.226089
vt 0.432421 0.224816
vt 0.451174 0.012069
vt 0.454941 0.028996
vt 0.413604 0.224180
vt 0.434742 0.003605
vt 0.403324 0.224816
vt 0.422076 0.012069
vt 0.137879 0.036536
vt 0.138393 0.055090
vt 0.044242 0.105410
vt 0.036211 0.098860
vt 0.959990 0.200699
vt 0.946189 0.003605
vt 0.899011 0.009190
vt 0.909784 0.004167
vt 0.877281 0.382638
vt 0.867364 0.382027
vt 0.630139 0.007974
vt 0.628633 0.026533
vt 0.007510 0.096905
vt 0.017844 0.094608
vt 0.013521 0.492517
vt 0.003605 0.488963
vt 0.032305 0.490919
vt 0.041173 0.485767
vt 0.881023 0.003605
vt 0.848520 0.382076
vt 0.909784 0.689131
vt 0.898014 0.681033
vt 0.769017 0.139377
vt 0.761316 0.147592
vt 0.077108 0.789554
vt 0.064758 0.779739
vt 0.093459 0.781694
vt 0.097460 0.764019
vt 0.881023 0.688569
vt 0.742916 0.151699
vt 0.761315 0.631187
vt 0.742916 0.627080
vt 0.769017 0.639402
vt 0.967200 0.007712
vt 0.977997 0.003605
vt 0.977997 0.511843
vt 0.967200 0.507736
vt 0.996395 0.007712
vt 0.996395 0.507736
vt 0.328096 0.715636
vt 0.331930 0.731667
vt 0.732218 0.147592
vt 0.732218 0.631187
vt 0.311829 0.706642
vt 0.299396 0.713680
vt 0.358579 0.411204
vt 0.368512 0.411462
vt 0.630139 0.770805
vt 0.628633 0.752246
vt 0.804663 0.690260
vt 0.793177 0.701073
vt 0.831725 0.399762
vt 0.841310 0.395392
vt 0.776226 0.694607
vt 0.812873 0.399739
vt 0.387279 0.413159
vt 0.396114 0.414598
vt 0.359299 0.031340
vt 0.369592 0.037286
vt 0.451174 0.766710
vt 0.454941 0.749783
vt 0.794173 0.003605
vt 0.804663 0.005031
vt 0.776226 0.009377
vt 0.388000 0.033296
vt 0.396114 0.023358
vt 0.929733 0.715929
vt 0.916994 0.724392
vt 0.930795 0.527299
vt 0.941180 0.526662
vt 0.432421 0.553963
vt 0.440957 0.552689
vt 0.434742 0.775174
vt 0.413604 0.554599
vt 0.422076 0.766710
vt 0.403324 0.553963
vt 0.294154 0.022414
vt 0.294855 0.003605
vt 0.946189 0.724392
vt 0.959990 0.527299
vt 0.941180 0.201335
vt 0.930796 0.200699
vt 0.916994 0.003605
vt 0.929733 0.012069
vt 0.440958 0.226090
vt 0.432421 0.224816
vt 0.451174 0.012069
vt 0.454941 0.028996
vt 0.413604 0.224180
vt 0.434742 0.003605
vt 0.403324 0.224816
vt 0.422077 0.012069
vt 0.137879 0.036536
vt 0.138393 0.055090
vt 0.044243 0.105410
vt 0.036211 0.098860
vt 0.959990 0.200699
vt 0.946189 0.003605
vt 0.899011 0.009190
vt 0.909785 0.004167
vt 0.877281 0.382638
vt 0.867364 0.382027
vt 0.630139 0.007974
vt 0.628633 0.026533
vt 0.007510 0.096905
vt 0.017845 0.094608
vt 0.013522 0.492517
vt 0.003605 0.488963
vt 0.032305 0.490919
vt 0.041173 0.485767
vt 0.881023 0.003605
vt 0.848520 0.382076
vt 0.909785 0.689131
vt 0.898014 0.681033
vt 0.769017 0.139378
vt 0.761316 0.147592
vt 0.077108 0.789554
vt 0.064758 0.779739
vt 0.093459 0.781694
vt 0.097460 0.764019
vt 0.881023 0.688569
vt 0.742916 0.151699
vt 0.761316 0.631187
vt 0.742916 0.627080
vt 0.769017 0.639402
vt 0.967200 0.007712
vt 0.977997 0.003605
vt 0.977997 0.511844
vt 0.967200 0.507736
vt 0.996395 0.007712
vt 0.996395 0.507736
vt 0.328096 0.715636
vt 0.331930 0.731667
vt 0.732218 0.147592
vt 0.732218 0.631187
vt 0.311829 0.706642
vt 0.299396 0.713680
vt 0.358579 0.411204
vt 0.368512 0.411462
vt 0.630139 0.770805
vt 0.628633 0.752246
vt 0.804663 0.690260
vt 0.793177 0.701073
vt 0.831725 0.399762
vt 0.841310 0.395392
vt 0.776227 0.694607
vt 0.812873 0.399739
vt 0.387279 0.413159
vt 0.396114 0.414598
vt 0.359299 0.031340
vt 0.369593 0.037286
vt 0.451174 0.766711
vt 0.454941 0.749783
vt 0.794173 0.003605
vt 0.804663 0.005031
vt 0.776227 0.009377
vt 0.388000 0.033296
vt 0.396114 0.023358
vt 0.929733 0.715929
vt 0.916994 0.724393
vt 0.930796 0.527299
vt 0.941180 0.526662
vt 0.432421 0.553963
vt 0.440957 0.552690
vt 0.434742 0.775174
vt 0.413604 0.554599
vt 0.422076 0.766711
vt 0.403324 0.553963
vt 0.294155 0.022414
vt 0.294855 0.003605
vt 0.946189 0.724393
vt 0.959990 0.527299
vt 0.782515 0.176999
vt 0.782515 0.114434
vt 0.807532 0.107731
vt 0.807532 0.183702
vt 0.751233 0.060252
vt 0.769547 0.041938
vt 0.697050 0.028969
vt 0.703753 0.003952
vt 0.634485 0.028969
vt 0.627782 0.003952
vt 0.580303 0.060252
vt 0.561989 0.041938
vt 0.549020 0.114434
vt 0.524003 0.107731
vt 0.549020 0.176999
vt 0.524003 0.183702
vt 0.580303 0.231181
vt 0.561989 0.249495
vt 0.634485 0.262464
vt 0.627782 0.287481
vt 0.697050 0.262464
vt 0.703753 0.287481
vt 0.751233 0.231181
vt 0.769547 0.249495
vt 0.233792 0.496048
vt 0.167998 0.496048
vt 0.173585 0.444248
vt 0.249053 0.444248
vt 0.092027 0.496048
vt 0.086441 0.444248
vt 0.026234 0.496048
vt 0.010972 0.444248
vt 0.026234 0.503952
vt 0.092027 0.503952
vt 0.086441 0.555752
vt 0.010972 0.555752
vt 0.167999 0.503952
vt 0.173585 0.555752
vt 0.233792 0.503952
vt 0.249053 0.555752
vt 0.286260 0.003952
vt 0.352053 0.003952
vt 0.346467 0.055752
vt 0.270998 0.055752
vt 0.428024 0.003952
vt 0.433610 0.055752
vt 0.493817 0.003952
vt 0.509079 0.055752
vt 0.493817 0.996048
vt 0.428024 0.996048
vt 0.433610 0.944248
vt 0.509079 0.944248
vt 0.352053 0.996048
vt 0.346466 0.944248
vt 0.286259 0.996048
vt 0.270998 0.944248
vt 0.176154 0.370866
vt 0.256074 0.370866
vt 0.083871 0.370866
vt 0.003952 0.370866
vt 0.083871 0.629134
vt 0.003952 0.629134
vt 0.176154 0.629134
vt 0.256074 0.629134
vt 0.343897 0.129134
vt 0.263978 0.129134
vt 0.436180 0.129134
vt 0.516099 0.129134
vt 0.436180 0.870866
vt 0.516099 0.870866
vt 0.343897 0.870866
vt 0.263978 0.870866
vt 0.176154 0.129134
vt 0.256074 0.129134
vt 0.083871 0.129134
vt 0.003952 0.129134
vt 0.083871 0.870866
vt 0.003952 0.870866
vt 0.176154 0.870866
vt 0.256074 0.870866
vt 0.343897 0.370866
vt 0.263978 0.370866
vt 0.436180 0.370866
vt 0.516099 0.370866
vt 0.436180 0.629134
vt 0.516099 0.629134
vt 0.343897 0.629134
vt 0.263978 0.629134
vt 0.173585 0.055752
vt 0.249053 0.055752
vt 0.086441 0.055752
vt 0.010972 0.055752
vt 0.086441 0.944248
vt 0.010972 0.944248
vt 0.173585 0.944248
vt 0.249053 0.944248
vt 0.346467 0.444248
vt 0.270998 0.444248
vt 0.433610 0.444248
vt 0.509079 0.444248
vt 0.433610 0.555752
vt 0.509079 0.555752
vt 0.346466 0.555752
vt 0.270998 0.555752
vt 0.167999 0.003952
vt 0.233792 0.003952
vt 0.092027 0.003952
vt 0.026234 0.003952
vt 0.092027 0.996048
vt 0.026234 0.996048
vt 0.167998 0.996048
vt 0.233792 0.996048
vt 0.352053 0.496048
vt 0.286259 0.496048
vt 0.428024 0.496048
vt 0.493817 0.496048
vt 0.428024 0.503952
vt 0.493817 0.503952
vt 0.352053 0.503952
vt 0.286259 0.503952
vt 0.524003 0.475135
vt 0.524003 0.399164
vt 0.549020 0.405867
vt 0.549020 0.468432
vt 0.561989 0.333371
vt 0.580303 0.351685
vt 0.627782 0.295385
vt 0.634485 0.320402
vt 0.703753 0.295385
vt 0.697050 0.320402
vt 0.769547 0.333371
vt 0.751233 0.351685
vt 0.807532 0.399164
vt 0.782515 0.405867
vt 0.807532 0.475135
vt 0.782515 0.468432
vt 0.769547 0.540929
vt 0.751233 0.522615
vt 0.703753 0.578914
vt 0.697050 0.553897
vt 0.627782 0.578914
vt 0.634485 0.553897
vt 0.561989 0.540929
vt 0.580303 0.522615
vt 0.151481 0.848163
vt 0.141955 0.853057
vt 0.141955 0.743030
vt 0.151481 0.741238
vt 0.576976 0.077730
vt 0.569468 0.069812
vt 0.683921 0.003389
vt 0.686435 0.014206
vt 0.205390 0.868895
vt 0.193615 0.868895
vt 0.193615 0.753847
vt 0.205390 0.753847
vt 0.430532 0.069812
vt 0.422284 0.077731
vt 0.312826 0.014206
vt 0.316079 0.003389
vt 0.161007 0.853057
vt 0.161007 0.743030
vt 0.141955 0.615981
vt 0.151481 0.617772
vt 0.816079 0.003389
vt 0.812826 0.014206
vt 0.193615 0.621001
vt 0.205390 0.621001
vt 0.186435 0.014206
vt 0.183921 0.003389
vt 0.161007 0.615981
vt 0.141955 0.505954
vt 0.151481 0.510848
vt 0.930532 0.069812
vt 0.922284 0.077731
vt 0.193615 0.505954
vt 0.205390 0.505954
vt 0.076976 0.077730
vt 0.069468 0.069812
vt 0.161007 0.505954
vt 0.060038 0.510848
vt 0.070571 0.505954
vt 0.109346 0.615981
vt 0.097720 0.617772
vt 0.996611 0.184860
vt 0.985480 0.187758
vt 0.230721 0.505954
vt 0.242496 0.505954
vt 0.242496 0.621001
vt 0.230721 0.621001
vt 0.013781 0.187758
vt 0.003389 0.184859
vt 0.082813 0.082624
vt 0.021399 0.189549
vt 0.109346 0.743030
vt 0.097720 0.741238
vt 0.996611 0.317705
vt 0.985480 0.314807
vt 0.242496 0.753847
vt 0.230721 0.753847
vt 0.013781 0.314807
vt 0.003389 0.317705
vt 0.021399 0.313015
vt 0.070571 0.853057
vt 0.060038 0.848163
vt 0.930532 0.432753
vt 0.922284 0.424834
vt 0.242496 0.868895
vt 0.230721 0.868895
vt 0.076976 0.424834
vt 0.069468 0.432753
vt 0.082813 0.419940
vt 0.177311 0.510848
vt 0.186837 0.505954
vt 0.186837 0.615981
vt 0.177311 0.617772
vt 0.816079 0.499176
vt 0.812826 0.488359
vt 0.212168 0.505954
vt 0.223943 0.505954
vt 0.223943 0.621001
vt 0.212168 0.621001
vt 0.186435 0.488358
vt 0.183921 0.499176
vt 0.167785 0.505954
vt 0.167785 0.615981
vt 0.186837 0.743030
vt 0.177311 0.741238
vt 0.683921 0.499176
vt 0.686435 0.488359
vt 0.223943 0.753847
vt 0.212168 0.753847
vt 0.312826 0.488358
vt 0.316079 0.499176
vt 0.167785 0.743030
vt 0.186837 0.853057
vt 0.177311 0.848163
vt 0.569468 0.432753
vt 0.576976 0.424834
vt 0.223943 0.868895
vt 0.212168 0.868895
vt 0.422284 0.424834
vt 0.430532 0.432753
vt 0.167785 0.853057
vt 0.125650 0.848163
vt 0.116124 0.853057
vt 0.116124 0.743030
vt 0.125650 0.741238
vt 0.503389 0.317705
vt 0.513781 0.314807
vt 0.053260 0.868895
vt 0.043933 0.868895
vt 0.003389 0.753847
vt 0.012716 0.753847
vt 0.485480 0.314807
vt 0.496611 0.317705
vt 0.135177 0.853057
vt 0.135177 0.743030
vt 0.116124 0.615981
vt 0.125650 0.617772
vt 0.503389 0.184859
vt 0.513781 0.187758
vt 0.003389 0.621001
vt 0.012716 0.621001
vt 0.485480 0.187758
vt 0.496611 0.184859
vt 0.135177 0.615981
vt 0.116124 0.505954
vt 0.125650 0.510848
vt 0.043933 0.505954
vt 0.053260 0.505954
vt 0.135177 0.505954
vt 0.014296 0.314868
vt 0.003155 0.317770
vt 0.003155 0.184798
vt 0.014296 0.187699
vt 0.152651 0.753851
vt 0.140865 0.753851
vt 0.140865 0.620879
vt 0.152651 0.620879
vt 0.996845 0.317770
vt 0.985704 0.314868
vt 0.985704 0.187699
vt 0.996845 0.184798
vt 0.069297 0.069641
vt 0.077552 0.077567
vt 0.140865 0.505722
vt 0.152651 0.505722
vt 0.922448 0.077567
vt 0.930703 0.069641
vt 0.088829 0.510621
vt 0.098365 0.505722
vt 0.098365 0.615854
vt 0.088829 0.617647
vt 0.183858 0.003155
vt 0.187114 0.013982
vt 0.122769 0.505722
vt 0.134556 0.505722
vt 0.134556 0.620879
vt 0.122769 0.620879
vt 0.812886 0.013982
vt 0.816142 0.003155
vt 0.079294 0.505722
vt 0.079294 0.615854
vt 0.098365 0.743023
vt 0.088829 0.741230
vt 0.316142 0.003155
vt 0.313626 0.013982
vt 0.134556 0.753851
vt 0.122769 0.753851
vt 0.686374 0.013982
vt 0.683858 0.003155
vt 0.079294 0.743023
vt 0.098365 0.853155
vt 0.088829 0.848257
vt 0.430703 0.069641
vt 0.423188 0.077567
vt 0.134556 0.869008
vt 0.122769 0.869008
vt 0.576812 0.077567
vt 0.569297 0.069641
vt 0.079294 0.853155
vt 0.496845 0.184798
vt 0.486444 0.187699
vt 0.513556 0.187699
vt 0.503155 0.184798
vt 0.496845 0.317770
vt 0.486444 0.314868
vt 0.513556 0.314868
vt 0.503155 0.317770
vt 0.430703 0.432927
vt 0.423188 0.425000
vt 0.576812 0.425000
vt 0.569297 0.432927
vt 0.316142 0.499413
vt 0.313626 0.488585
vt 0.116460 0.869008
vt 0.104674 0.869008
vt 0.104674 0.753851
vt 0.116460 0.753851
vt 0.686374 0.488585
vt 0.683858 0.499413
vt 0.183858 0.499413
vt 0.187114 0.488585
vt 0.104674 0.620879
vt 0.116460 0.620879
vt 0.812886 0.488585
vt 0.816142 0.499413
vt 0.069297 0.432927
vt 0.077552 0.425000
vt 0.104674 0.505722
vt 0.116460 0.505722
vt 0.922448 0.425000
vt 0.930703 0.432927
vt 0.152651 0.869008
vt 0.140865 0.869008
vt 0.339263 0.357836
vt 0.325134 0.359682
vt 0.325134 0.218368
vt 0.339263 0.220214
vt 0.317940 0.363373
vt 0.317940 0.214677
vt 0.787709 0.092845
vt 0.773972 0.089677
vt 0.831668 0.004667
vt 0.844007 0.009895
vt 0.308605 0.365218
vt 0.294476 0.363373
vt 0.294476 0.214677
vt 0.308605 0.212832
vt 0.287282 0.359682
vt 0.287282 0.218368
vt 0.913458 0.590155
vt 0.899721 0.593323
vt 0.847615 0.516550
vt 0.859955 0.511322
vt 0.362033 0.095987
vt 0.375198 0.101029
vt 0.356767 0.085903
vt 0.684168 0.952678
vt 0.671003 0.957720
vt 0.631212 0.825749
vt 0.645341 0.823904
vt 0.255649 0.085903
vt 0.268814 0.080861
vt 0.250382 0.095987
vt 0.017833 0.968794
vt 0.004667 0.963751
vt 0.040603 0.844567
vt 0.054732 0.846412
vt 0.631212 0.011555
vt 0.642708 0.004667
vt 0.706620 0.075324
vt 0.693454 0.080366
vt 0.424017 0.011555
vt 0.425944 0.025330
vt 0.631212 0.673363
vt 0.645341 0.675208
vt 0.188398 0.011555
vt 0.199895 0.004667
vt 0.186471 0.025330
vt 0.040603 0.706944
vt 0.054732 0.705099
vt 0.743519 0.197705
vt 0.729390 0.199551
vt 0.501671 0.011555
vt 0.499743 0.025330
vt 0.671003 0.541392
vt 0.684168 0.546434
vt 0.932156 0.004667
vt 0.944495 0.011485
vt 0.888197 0.133636
vt 0.874460 0.129851
vt 0.112672 0.025330
vt 0.110744 0.011555
vt 0.004667 0.587759
vt 0.017833 0.582717
vt 0.743519 0.339019
vt 0.729390 0.337174
vt 0.568921 0.085903
vt 0.563655 0.095987
vt 0.513167 0.004667
vt 0.582087 0.080861
vt 0.867591 0.280897
vt 0.853342 0.280767
vt 0.048760 0.095987
vt 0.043494 0.085903
vt 0.124168 0.032218
vt 0.061926 0.101029
vt 0.706620 0.461400
vt 0.693454 0.456358
vt 0.607748 0.214677
vt 0.600554 0.218368
vt 0.621877 0.212832
vt 0.888197 0.413810
vt 0.874460 0.416979
vt 0.011861 0.218368
vt 0.004667 0.214677
vt 0.025991 0.220214
vt 0.642708 0.532057
vt 0.631212 0.525170
vt 0.607748 0.363373
vt 0.600554 0.359682
vt 0.621877 0.365218
vt 0.944495 0.496760
vt 0.932156 0.501988
vt 0.011861 0.359682
vt 0.004667 0.363373
vt 0.025990 0.357836
vt 0.752854 0.518141
vt 0.765194 0.511323
vt 0.818697 0.627409
vt 0.804960 0.631195
vt 0.568921 0.492147
vt 0.563655 0.482063
vt 0.582087 0.497189
vt 0.982167 0.511323
vt 0.995333 0.516365
vt 0.956506 0.645139
vt 0.942376 0.643293
vt 0.048761 0.482063
vt 0.043494 0.492147
vt 0.061926 0.477021
vt 0.838280 0.767360
vt 0.824032 0.767490
vt 0.501671 0.566495
vt 0.499743 0.552720
vt 0.513167 0.573383
vt 0.956506 0.793835
vt 0.942376 0.795680
vt 0.112672 0.552720
vt 0.110745 0.566495
vt 0.124168 0.545832
vt 0.818697 0.893674
vt 0.804960 0.890505
vt 0.424017 0.566495
vt 0.425945 0.552720
vt 0.844007 0.495170
vt 0.831668 0.501988
vt 0.773972 0.376805
vt 0.787709 0.373019
vt 0.995333 0.922609
vt 0.982167 0.927651
vt 0.186471 0.552720
vt 0.188398 0.566495
vt 0.859955 0.972505
vt 0.847615 0.965688
vt 0.899721 0.852633
vt 0.913458 0.856419
vt 0.765194 0.972506
vt 0.752854 0.967278
vt 0.356767 0.492147
vt 0.362033 0.482063
vt 0.752854 0.225888
vt 0.767103 0.225758
vt 0.199895 0.573383
vt 0.255649 0.492147
vt 0.268814 0.497189
vt 0.250382 0.482063
vt 0.918793 0.716338
vt 0.933042 0.716469
vt 0.375199 0.477021
vt 0.681277 0.456357
vt 0.668112 0.461399
vt 0.631212 0.339018
vt 0.645342 0.337173
vt 0.339263 0.218367
vt 0.332069 0.214676
vt 0.370896 0.085903
vt 0.376162 0.095987
vt 0.317940 0.212831
vt 0.357731 0.080861
vt 0.923378 0.416977
vt 0.909641 0.413808
vt 0.930247 0.280896
vt 0.944496 0.280766
vt 0.308605 0.214676
vt 0.301411 0.218367
vt 0.264512 0.095987
vt 0.269778 0.085903
vt 0.287282 0.220213
vt 0.251346 0.101029
vt 0.631212 0.197705
vt 0.645342 0.199550
vt 0.438146 0.011555
vt 0.440074 0.025330
vt 0.426650 0.004667
vt 0.909641 0.133636
vt 0.923378 0.129850
vt 0.200600 0.025330
vt 0.202528 0.011555
vt 0.189104 0.032217
vt 0.668112 0.075324
vt 0.681277 0.080366
vt 0.515800 0.011555
vt 0.513873 0.025330
vt 0.631212 0.546432
vt 0.644378 0.541390
vt 0.684169 0.673361
vt 0.670039 0.675206
vt 0.853342 0.011485
vt 0.865682 0.004667
vt 0.126802 0.025330
vt 0.124874 0.011555
vt 0.041566 0.582715
vt 0.054732 0.587757
vt 0.018796 0.706942
vt 0.004667 0.705096
vt 0.732023 0.004667
vt 0.743519 0.011555
vt 0.583051 0.085903
vt 0.577784 0.095986
vt 0.684169 0.825747
vt 0.670039 0.823902
vt 0.113378 0.004667
vt 0.057624 0.085903
vt 0.044458 0.080860
vt 0.062890 0.095986
vt 0.018796 0.844564
vt 0.004667 0.846410
vt 0.564619 0.101029
vt 0.614684 0.218367
vt 0.600555 0.220213
vt 0.621878 0.214676
vt 0.644378 0.957717
vt 0.631212 0.952675
vt 0.018797 0.214676
vt 0.004667 0.212831
vt 0.025991 0.218367
vt 0.054732 0.963748
vt 0.041567 0.968790
vt 0.614684 0.359681
vt 0.600554 0.357835
vt 0.621878 0.363372
vt 0.752854 0.009895
vt 0.765194 0.004667
vt 0.822889 0.089676
vt 0.809152 0.092845
vt 0.018797 0.363372
vt 0.004667 0.365217
vt 0.025991 0.359681
vt 0.920702 0.511321
vt 0.933042 0.516549
vt 0.880936 0.593322
vt 0.867199 0.590153
vt 0.577784 0.482062
vt 0.564619 0.477019
vt 0.583051 0.492146
vt 0.844007 0.225888
vt 0.829759 0.225757
vt 0.057624 0.492146
vt 0.044458 0.497188
vt 0.062890 0.482062
vt 0.861864 0.716336
vt 0.847615 0.716466
vt 0.838281 0.967275
vt 0.825941 0.972503
vt 0.772438 0.893671
vt 0.786175 0.890502
vt 0.515800 0.566493
vt 0.513873 0.552718
vt 0.822889 0.376804
vt 0.809152 0.373018
vt 0.124874 0.566493
vt 0.113378 0.573381
vt 0.126802 0.552718
vt 0.880936 0.852630
vt 0.867199 0.856416
vt 0.752854 0.767357
vt 0.767103 0.767488
vt 0.438147 0.566493
vt 0.440074 0.552718
vt 0.765194 0.501986
vt 0.752854 0.495168
vt 0.955542 0.927648
vt 0.942376 0.922606
vt 0.981203 0.793832
vt 0.995333 0.795678
vt 0.200600 0.552718
vt 0.202528 0.566493
vt 0.933042 0.965685
vt 0.920702 0.972503
vt 0.772438 0.627407
vt 0.786175 0.631193
vt 0.370896 0.492146
vt 0.376162 0.482062
vt 0.426650 0.573381
vt 0.357731 0.497188
vt 0.981203 0.645137
vt 0.995333 0.643291
vt 0.264512 0.482062
vt 0.269778 0.492146
vt 0.189104 0.545831
vt 0.251346 0.477020
vt 0.825941 0.511321
vt 0.838281 0.518139
vt 0.332069 0.363372
vt 0.339263 0.359681
vt 0.317940 0.365217
vt 0.942376 0.516363
vt 0.955542 0.511321
vt 0.301411 0.359681
vt 0.308605 0.363372
vt 0.287282 0.357835
vt 0.743519 0.525168
vt 0.732023 0.532056
vt 0.865682 0.501986
vt 0.853343 0.496758
vt 0.941180 0.526662
vt 0.959991 0.527299
vt 0.946189 0.724392
vt 0.929733 0.715929
vt 0.261326 0.055090
vt 0.261840 0.036536
vt 0.363508 0.098860
vt 0.355476 0.105410
vt 0.403324 0.553963
vt 0.413604 0.554599
vt 0.434742 0.775174
vt 0.422077 0.766710
vt 0.432421 0.553963
vt 0.451174 0.766710
vt 0.440958 0.552689
vt 0.454941 0.749783
vt 0.930796 0.527299
vt 0.916995 0.724392
vt 0.859294 0.009190
vt 0.877281 0.003605
vt 0.909785 0.382076
vt 0.890941 0.382027
vt 0.367413 0.490919
vt 0.358546 0.485767
vt 0.381874 0.094608
vt 0.386197 0.492517
vt 0.392209 0.096905
vt 0.396114 0.488963
vt 0.628633 0.752246
vt 0.630139 0.770805
vt 0.848520 0.004167
vt 0.881023 0.382638
vt 0.877281 0.688569
vt 0.860290 0.681033
vt 0.306260 0.781694
vt 0.302258 0.764019
vt 0.322611 0.789554
vt 0.334960 0.779739
vt 0.761316 0.631187
vt 0.769017 0.639402
vt 0.848520 0.689131
vt 0.742916 0.627080
vt 0.732218 0.631187
vt 0.732218 0.147592
vt 0.742916 0.151699
vt 0.067789 0.731667
vt 0.071623 0.715636
vt 0.996395 0.507736
vt 0.977997 0.511844
vt 0.977997 0.003605
vt 0.996395 0.007712
vt 0.967200 0.507736
vt 0.967200 0.007712
vt 0.761316 0.147592
vt 0.769017 0.139377
vt 0.087890 0.706642
vt 0.012439 0.413159
vt 0.031207 0.411462
vt 0.003605 0.414598
vt 0.841310 0.694607
vt 0.824359 0.701073
vt 0.785812 0.399762
vt 0.804664 0.399739
vt 0.812873 0.690260
vt 0.776227 0.395392
vt 0.628633 0.026533
vt 0.630139 0.007974
vt 0.100323 0.713680
vt 0.041140 0.411204
vt 0.011719 0.033296
vt 0.030126 0.037286
vt 0.003605 0.023358
vt 0.823363 0.003605
vt 0.841310 0.009377
vt 0.812873 0.005031
vt 0.454941 0.028996
vt 0.451174 0.012069
vt 0.040419 0.031340
vt 0.929733 0.012069
vt 0.946189 0.003605
vt 0.959991 0.200699
vt 0.941180 0.201335
vt 0.104864 0.003605
vt 0.105564 0.022414
vt 0.422077 0.012069
vt 0.434742 0.003605
vt 0.413604 0.224180
vt 0.403324 0.224816
vt 0.432421 0.224816
vt 0.440958 0.226090
vt 0.916995 0.003605
vt 0.930796 0.200699
vt 0.261326 0.055090
vt 0.261840 0.036536
vt 0.363508 0.098860
vt 0.355476 0.105410
vt 0.413604 0.554599
vt 0.434742 0.775174
vt 0.422076 0.766710
vt 0.432421 0.553963
vt 0.451174 0.766710
vt 0.440958 0.552689
vt 0.454941 0.749783
vt 0.930796 0.527299
vt 0.916994 0.724392
vt 0.859294 0.009190
vt 0.877281 0.003605
vt 0.909785 0.382076
vt 0.890941 0.382027
vt 0.358546 0.485767
vt 0.381874 0.094608
vt 0.386197 0.492517
vt 0.628633 0.752246
vt 0.630139 0.770805
vt 0.848520 0.004167
vt 0.881023 0.382638
vt 0.877281 0.688569
vt 0.860290 0.681033
vt 0.306260 0.781694
vt 0.302258 0.764019
vt 0.334961 0.779739
vt 0.761316 0.631187
vt 0.769017 0.639402
vt 0.848520 0.689131
vt 0.742916 0.627080
vt 0.732218 0.631187
vt 0.732218 0.147592
vt 0.742916 0.151699
vt 0.067789 0.731667
vt 0.071623 0.715636
vt 0.996395 0.507736
vt 0.977997 0.511844
vt 0.977997 0.003605
vt 0.996395 0.007712
vt 0.967200 0.507736
vt 0.967200 0.007712
vt 0.761316 0.147592
vt 0.769017 0.139377
vt 0.087890 0.706642
vt 0.012439 0.413159
vt 0.031207 0.411462
vt 0.003605 0.414598
vt 0.841310 0.694607
vt 0.824359 0.701073
vt 0.785812 0.399762
vt 0.804663 0.399739
vt 0.812873 0.690261
vt 0.776227 0.395392
vt 0.628633 0.026533
vt 0.630139 0.007974
vt 0.041140 0.411204
vt 0.011719 0.033296
vt 0.030126 0.037286
vt 0.003605 0.023358
vt 0.823363 0.003605
vt 0.841310 0.009377
vt 0.812873 0.005031
vt 0.454941 0.028996
vt 0.451174 0.012069
vt 0.040420 0.031340
vt 0.104864 0.003605
vt 0.105564 0.022414
vt 0.422077 0.012069
vt 0.434742 0.003605
vt 0.413604 0.224180
vt 0.403324 0.224816
vt 0.432421 0.224816
vt 0.440958 0.226090
vt 0.916994 0.003605
vt 0.782515 0.114434
vt 0.751233 0.060252
vt 0.769547 0.041938
vt 0.807532 0.107731
vt 0.697050 0.028969
vt 0.703753 0.003952
vt 0.634485 0.028969
vt 0.627782 0.003952
vt 0.580303 0.060252
vt 0.561989 0.041938
vt 0.549020 0.114434
vt 0.524003 0.107731
vt 0.549020 0.176999
vt 0.524003 0.183702
vt 0.580303 0.231182
vt 0.561989 0.249495
vt 0.634485 0.262464
vt 0.627782 0.287481
vt 0.697050 0.262464
vt 0.703753 0.287481
vt 0.751233 0.231182
vt 0.769547 0.249495
vt 0.782515 0.176999
vt 0.807532 0.183702
vt 0.092027 0.496048
vt 0.026234 0.496048
vt 0.010972 0.444248
vt 0.493817 0.996048
vt 0.428024 0.996048
vt 0.433610 0.944248
vt 0.509079 0.944248
vt 0.352053 0.996048
vt 0.346467 0.944248
vt 0.286260 0.996048
vt 0.270998 0.944248
vt 0.286260 0.003952
vt 0.352053 0.003952
vt 0.346467 0.055752
vt 0.270998 0.055752
vt 0.428024 0.003952
vt 0.433610 0.055752
vt 0.493817 0.003952
vt 0.509079 0.055752
vt 0.233792 0.996048
vt 0.167999 0.996048
vt 0.173585 0.944248
vt 0.249053 0.944248
vt 0.092027 0.996048
vt 0.086441 0.944248
vt 0.026234 0.996048
vt 0.010972 0.944248
vt 0.233792 0.496048
vt 0.167998 0.496048
vt 0.173585 0.444248
vt 0.249053 0.444248
vt 0.003952 0.370866
vt 0.083871 0.370866
vt 0.436180 0.870866
vt 0.516099 0.870866
vt 0.343897 0.870866
vt 0.263978 0.870866
vt 0.343897 0.129134
vt 0.263978 0.129134
vt 0.436180 0.129134
vt 0.516099 0.129134
vt 0.176154 0.870866
vt 0.256074 0.870866
vt 0.083871 0.870866
vt 0.003952 0.870866
vt 0.176154 0.370866
vt 0.256074 0.370866
vt 0.003952 0.129134
vt 0.083871 0.129134
vt 0.436180 0.629134
vt 0.516099 0.629134
vt 0.343897 0.629134
vt 0.263978 0.629134
vt 0.343897 0.370866
vt 0.263978 0.370866
vt 0.436180 0.370866
vt 0.516099 0.370866
vt 0.176154 0.629134
vt 0.256074 0.629134
vt 0.083871 0.629134
vt 0.003952 0.629134
vt 0.176154 0.129134
vt 0.256074 0.129134
vt 0.010972 0.055752
vt 0.086441 0.055752
vt 0.433610 0.555752
vt 0.509079 0.555752
vt 0.346467 0.555752
vt 0.270998 0.555752
vt 0.346467 0.444248
vt 0.270998 0.444248
vt 0.433610 0.444248
vt 0.509079 0.444248
vt 0.173585 0.555752
vt 0.249053 0.555752
vt 0.086441 0.555752
vt 0.010972 0.555752
vt 0.173585 0.055752
vt 0.249053 0.055752
vt 0.026234 0.003952
vt 0.092027 0.003952
vt 0.428024 0.503952
vt 0.493817 0.503952
vt 0.352053 0.503952
vt 0.286260 0.503952
vt 0.352053 0.496048
vt 0.286260 0.496048
vt 0.428024 0.496048
vt 0.493817 0.496048
vt 0.167998 0.503952
vt 0.233792 0.503952
vt 0.092027 0.503952
vt 0.026234 0.503952
vt 0.167999 0.003952
vt 0.233792 0.003952
vt 0.627782 0.295385
vt 0.703753 0.295385
vt 0.697050 0.320402
vt 0.634485 0.320402
vt 0.769547 0.333371
vt 0.751233 0.351685
vt 0.807532 0.399164
vt 0.782515 0.405867
vt 0.807532 0.475135
vt 0.782515 0.468432
vt 0.769547 0.540929
vt 0.751233 0.522615
vt 0.703753 0.578914
vt 0.697050 0.553897
vt 0.627782 0.578914
vt 0.634485 0.553897
vt 0.561989 0.540929
vt 0.580303 0.522615
vt 0.524003 0.475135
vt 0.549020 0.468432
vt 0.524003 0.399164
vt 0.549020 0.405867
vt 0.561989 0.333371
vt 0.580303 0.351685
vt 0.003155 0.743023
vt 0.003155 0.615854
vt 0.012690 0.617647
vt 0.187114 0.013982
vt 0.183858 0.003155
vt 0.316142 0.003155
vt 0.313626 0.013982
vt 0.816142 0.003155
vt 0.812886 0.013982
vt 0.686374 0.013982
vt 0.683858 0.003155
vt 0.022225 0.743023
vt 0.022225 0.615854
vt 0.003155 0.505722
vt 0.430703 0.069640
vt 0.423188 0.077567
vt 0.576812 0.077567
vt 0.569297 0.069640
vt 0.022225 0.505722
vt 0.038070 0.510620
vt 0.047605 0.505722
vt 0.047605 0.615854
vt 0.038070 0.617647
vt 0.496845 0.184798
vt 0.486444 0.187699
vt 0.116460 0.620879
vt 0.104674 0.620879
vt 0.513556 0.187699
vt 0.503155 0.184798
vt 0.028534 0.505722
vt 0.028534 0.615854
vt 0.047605 0.743023
vt 0.038070 0.741230
vt 0.496845 0.317769
vt 0.486444 0.314868
vt 0.116460 0.753851
vt 0.104674 0.753851
vt 0.513556 0.314868
vt 0.503155 0.317770
vt 0.028534 0.743023
vt 0.047605 0.853155
vt 0.038070 0.848257
vt 0.430703 0.432927
vt 0.423188 0.425000
vt 0.116460 0.869008
vt 0.104674 0.869008
vt 0.576812 0.425000
vt 0.569297 0.432927
vt 0.028534 0.853155
vt 0.063450 0.510620
vt 0.063450 0.617647
vt 0.316142 0.499413
vt 0.313626 0.488585
vt 0.122769 0.505722
vt 0.134556 0.505722
vt 0.134556 0.620879
vt 0.122769 0.620879
vt 0.686374 0.488585
vt 0.683858 0.499413
vt 0.063450 0.741230
vt 0.183858 0.499413
vt 0.187114 0.488585
vt 0.134556 0.753851
vt 0.122769 0.753851
vt 0.812886 0.488585
vt 0.816142 0.499413
vt 0.072985 0.853155
vt 0.063450 0.848257
vt 0.069297 0.432927
vt 0.077552 0.425000
vt 0.134556 0.869008
vt 0.122769 0.869008
vt 0.922448 0.425000
vt 0.930703 0.432927
vt 0.053914 0.853155
vt 0.088829 0.848257
vt 0.079294 0.853155
vt 0.079294 0.743023
vt 0.088829 0.741230
vt 0.003155 0.317770
vt 0.014296 0.314868
vt 0.152651 0.869008
vt 0.140865 0.869008
vt 0.140865 0.753851
vt 0.152651 0.753851
vt 0.985704 0.314868
vt 0.996845 0.317770
vt 0.098365 0.853155
vt 0.098365 0.743023
vt 0.079294 0.615854
vt 0.003155 0.184798
vt 0.014296 0.187699
vt 0.140865 0.620879
vt 0.152651 0.620879
vt 0.985704 0.187699
vt 0.996845 0.184798
vt 0.098365 0.615854
vt 0.079294 0.505722
vt 0.088829 0.510620
vt 0.069297 0.069641
vt 0.077552 0.077567
vt 0.140865 0.505722
vt 0.152651 0.505722
vt 0.922448 0.077567
vt 0.930703 0.069641
vt 0.098365 0.505722
vt 0.012690 0.848257
vt 0.170746 0.869008
vt 0.158960 0.869008
vt 0.151481 0.617772
vt 0.141955 0.615981
vt 0.141955 0.505954
vt 0.151481 0.510848
vt 0.186435 0.488359
vt 0.183921 0.499176
vt 0.069468 0.432753
vt 0.076976 0.424834
vt 0.223943 0.621001
vt 0.212168 0.621001
vt 0.212168 0.505954
vt 0.223943 0.505954
vt 0.816079 0.499176
vt 0.812826 0.488359
vt 0.922284 0.424834
vt 0.930532 0.432753
vt 0.161007 0.615981
vt 0.161007 0.505954
vt 0.125651 0.848163
vt 0.116124 0.853057
vt 0.116124 0.743030
vt 0.125651 0.741239
vt 0.003389 0.317705
vt 0.013781 0.314807
vt 0.053260 0.868895
vt 0.043933 0.868895
vt 0.003389 0.753847
vt 0.012716 0.753847
vt 0.985480 0.314807
vt 0.996611 0.317705
vt 0.135177 0.853057
vt 0.135177 0.743030
vt 0.116124 0.615981
vt 0.125651 0.617773
vt 0.003389 0.184859
vt 0.013781 0.187758
vt 0.003389 0.621001
vt 0.012716 0.621001
vt 0.985480 0.187758
vt 0.996611 0.184859
vt 0.135177 0.615981
vt 0.116124 0.505954
vt 0.125651 0.510848
vt 0.069468 0.069812
vt 0.076976 0.077730
vt 0.043933 0.505954
vt 0.053260 0.505954
vt 0.922284 0.077730
vt 0.930532 0.069812
vt 0.135177 0.505954
vt 0.177311 0.510848
vt 0.186837 0.505954
vt 0.186837 0.615981
vt 0.177311 0.617772
vt 0.183921 0.003389
vt 0.186435 0.014206
vt 0.230721 0.505954
vt 0.242496 0.505954
vt 0.242496 0.621001
vt 0.230721 0.621001
vt 0.812826 0.014206
vt 0.816079 0.003389
vt 0.167785 0.505954
vt 0.167785 0.615981
vt 0.186837 0.743030
vt 0.177311 0.741238
vt 0.316079 0.003389
vt 0.312826 0.014206
vt 0.242496 0.753847
vt 0.230721 0.753847
vt 0.686434 0.014206
vt 0.683921 0.003389
vt 0.167785 0.743030
vt 0.186837 0.853057
vt 0.177311 0.848163
vt 0.430532 0.069812
vt 0.422284 0.077731
vt 0.242496 0.868895
vt 0.230721 0.868895
vt 0.576976 0.077731
vt 0.569468 0.069812
vt 0.167785 0.853057
vt 0.060038 0.510848
vt 0.070571 0.505954
vt 0.109346 0.615981
vt 0.097720 0.617772
vt 0.496611 0.184860
vt 0.485480 0.187758
vt 0.193615 0.505954
vt 0.205390 0.505954
vt 0.205390 0.621001
vt 0.193615 0.621001
vt 0.513780 0.187758
vt 0.503389 0.184860
vt 0.582813 0.082625
vt 0.521399 0.189549
vt 0.109346 0.743030
vt 0.097720 0.741239
vt 0.496611 0.317705
vt 0.485480 0.314807
vt 0.205390 0.753847
vt 0.193615 0.753847
vt 0.513780 0.314807
vt 0.503389 0.317705
vt 0.521399 0.313015
vt 0.070571 0.853057
vt 0.060038 0.848163
vt 0.430532 0.432753
vt 0.422284 0.424834
vt 0.205390 0.868895
vt 0.193615 0.868895
vt 0.576976 0.424834
vt 0.569468 0.432753
vt 0.582813 0.419940
vt 0.151481 0.848163
vt 0.141955 0.853057
vt 0.141955 0.743030
vt 0.151481 0.741238
vt 0.316079 0.499176
vt 0.312826 0.488359
vt 0.223943 0.868895
vt 0.212168 0.868895
vt 0.212168 0.753847
vt 0.223943 0.753847
vt 0.686435 0.488359
vt 0.161007 0.853057
vt 0.161007 0.743030
vt 0.751750 0.779294
vt 0.737284 0.779161
vt 0.757167 0.637078
vt 0.771113 0.640921
vt 0.128770 0.561181
vt 0.126813 0.575166
vt 0.058537 0.499684
vt 0.063883 0.489447
vt 0.115141 0.582158
vt 0.045171 0.504803
vt 0.814202 0.382583
vt 0.800255 0.378740
vt 0.821176 0.229234
vt 0.835642 0.229366
vt 0.523768 0.568173
vt 0.521811 0.554188
vt 0.586698 0.482454
vt 0.592044 0.492692
vt 0.510140 0.547195
vt 0.573331 0.477335
vt 0.811486 0.519221
vt 0.824013 0.526143
vt 0.019118 0.368947
vt 0.026421 0.365200
vt 0.004773 0.370821
vt 0.800255 0.094295
vt 0.814202 0.091078
vt 0.624159 0.358207
vt 0.631463 0.361954
vt 0.609815 0.356333
vt 0.845188 0.524529
vt 0.857716 0.519221
vt 0.912035 0.599255
vt 0.898088 0.602472
vt 0.019118 0.217984
vt 0.026421 0.221732
vt 0.004773 0.216111
vt 0.743099 0.010081
vt 0.755626 0.004773
vt 0.624159 0.214739
vt 0.631463 0.210992
vt 0.609815 0.216613
vt 0.931917 0.727495
vt 0.917451 0.727362
vt 0.058537 0.087247
vt 0.063883 0.097485
vt 0.045171 0.082128
vt 0.721025 0.004773
vt 0.733552 0.011695
vt 0.676396 0.135708
vt 0.662449 0.131864
vt 0.586697 0.090492
vt 0.592044 0.080254
vt 0.573331 0.095611
vt 0.912035 0.869578
vt 0.898088 0.865735
vt 0.126813 0.011766
vt 0.128769 0.025751
vt 0.115141 0.004773
vt 0.655475 0.285214
vt 0.641009 0.285082
vt 0.521811 0.018758
vt 0.523768 0.004773
vt 0.510140 0.025751
vt 0.857716 0.987435
vt 0.845188 0.980513
vt 0.205650 0.011766
vt 0.203693 0.025751
vt 0.941463 0.524340
vt 0.954829 0.519221
vt 0.995227 0.653204
vt 0.980882 0.655077
vt 0.676396 0.420153
vt 0.662449 0.423370
vt 0.446887 0.018758
vt 0.444930 0.004773
vt 0.715210 0.519221
vt 0.727738 0.526143
vt 0.674838 0.640921
vt 0.660891 0.637078
vt 0.192022 0.032743
vt 0.268580 0.097485
vt 0.255213 0.102604
vt 0.273926 0.087247
vt 0.995227 0.807914
vt 0.980882 0.806040
vt 0.733552 0.504367
vt 0.721024 0.509675
vt 0.382001 0.090492
vt 0.376655 0.080254
vt 0.655475 0.779294
vt 0.641009 0.779161
vt 0.306042 0.221732
vt 0.291697 0.223605
vt 0.313345 0.217984
vt 0.954829 0.941896
vt 0.941463 0.936777
vt 0.363289 0.075135
vt 0.337236 0.210992
vt 0.322891 0.209118
vt 0.344539 0.214739
vt 0.674838 0.904184
vt 0.660891 0.907401
vt 0.306042 0.365200
vt 0.291697 0.363326
vt 0.313345 0.368947
vt 0.937731 0.504367
vt 0.925203 0.509675
vt 0.866628 0.423370
vt 0.880575 0.420153
vt 0.337236 0.361954
vt 0.322891 0.363828
vt 0.344539 0.358207
vt 0.727738 0.982127
vt 0.715210 0.987435
vt 0.268580 0.489447
vt 0.255213 0.484328
vt 0.273926 0.499684
vt 0.845188 0.285082
vt 0.859654 0.285214
vt 0.376655 0.492692
vt 0.363289 0.497811
vt 0.382001 0.482454
vt 0.336258 0.976673
vt 0.322891 0.971555
vt 0.359375 0.850553
vt 0.373720 0.852427
vt 0.824013 0.982127
vt 0.811486 0.987435
vt 0.757167 0.907401
vt 0.771113 0.904184
vt 0.205651 0.575166
vt 0.203694 0.561181
vt 0.866628 0.131865
vt 0.880575 0.135708
vt 0.444930 0.568173
vt 0.433259 0.575166
vt 0.446887 0.554188
vt 0.359375 0.710832
vt 0.373720 0.708959
vt 0.925203 0.004773
vt 0.937731 0.011695
vt 0.755626 0.509675
vt 0.743099 0.502753
vt 0.322891 0.589831
vt 0.336258 0.584712
vt 0.370415 0.463876
vt 0.357428 0.468850
vt 0.321027 0.348123
vt 0.334965 0.346302
vt 0.352233 0.478798
vt 0.313930 0.351764
vt 0.018638 0.700344
vt 0.004700 0.698523
vt 0.043953 0.568335
vt 0.056941 0.573309
vt 0.265277 0.483772
vt 0.252290 0.478798
vt 0.290592 0.351764
vt 0.304530 0.353584
vt 0.247095 0.468850
vt 0.283495 0.348123
vt 0.835415 0.736737
vt 0.821358 0.736608
vt 0.802544 0.615256
vt 0.816096 0.612130
vt 0.321027 0.208718
vt 0.334965 0.210539
vt 0.313930 0.205077
vt 0.623160 0.011494
vt 0.634501 0.004700
vt 0.702490 0.079864
vt 0.689502 0.084838
vt 0.290592 0.205077
vt 0.304530 0.203257
vt 0.283495 0.208718
vt 0.751143 0.539520
vt 0.763316 0.534363
vt 0.357428 0.087991
vt 0.370415 0.092965
vt 0.352233 0.078043
vt 0.741743 0.210051
vt 0.727804 0.211872
vt 0.252290 0.078043
vt 0.265277 0.073069
vt 0.247095 0.087991
vt 0.102741 0.568336
vt 0.115729 0.573309
vt 0.080279 0.690884
vt 0.066341 0.689063
vt 0.420476 0.018289
vt 0.431816 0.025083
vt 0.418574 0.004700
vt 0.741743 0.360379
vt 0.727804 0.358558
vt 0.949080 0.504700
vt 0.961253 0.509857
vt 0.905716 0.591687
vt 0.892165 0.588561
vt 0.184047 0.018289
vt 0.185948 0.004700
vt 0.080279 0.826647
vt 0.066341 0.828467
vt 0.125129 0.573309
vt 0.138116 0.568336
vt 0.174517 0.689063
vt 0.160579 0.690884
vt 0.495178 0.004700
vt 0.493277 0.018289
vt 0.702490 0.490566
vt 0.689502 0.485592
vt 0.885388 0.722803
vt 0.871332 0.722932
vt 0.111245 0.018289
vt 0.109344 0.004700
vt 0.115729 0.944221
vt 0.102741 0.949195
vt 0.174517 0.828467
vt 0.160579 0.826647
vt 0.561520 0.078043
vt 0.556325 0.087991
vt 0.634501 0.565730
vt 0.623160 0.558936
vt 0.905716 0.868074
vt 0.892165 0.871809
vt 0.048197 0.087991
vt 0.043002 0.078043
vt 0.122586 0.025083
vt 0.061185 0.092965
vt 0.138116 0.949195
vt 0.125129 0.944221
vt 0.599822 0.205077
vt 0.592726 0.208718
vt 0.574508 0.073069
vt 0.613761 0.203257
vt 0.961253 0.988575
vt 0.949080 0.995300
vt 0.011797 0.208718
vt 0.004700 0.205077
vt 0.025735 0.210539
vt 0.861932 0.518169
vt 0.850591 0.524963
vt 0.787543 0.455261
vt 0.800531 0.450287
vt 0.599822 0.351764
vt 0.592726 0.348123
vt 0.613761 0.353584
vt 0.883505 0.495300
vt 0.871332 0.490143
vt 0.926869 0.408314
vt 0.940421 0.411440
vt 0.011797 0.348123
vt 0.004700 0.351764
vt 0.025735 0.346302
vt 0.751143 0.334534
vt 0.765081 0.332713
vt 0.561520 0.478798
vt 0.556325 0.468850
vt 0.574508 0.483772
vt 0.947197 0.277197
vt 0.961254 0.277069
vt 0.048197 0.468850
vt 0.043002 0.478798
vt 0.061185 0.463876
vt 0.751143 0.195129
vt 0.765081 0.196950
vt 0.495178 0.552141
vt 0.493277 0.538552
vt 0.506519 0.558936
vt 0.926869 0.131926
vt 0.940421 0.128192
vt 0.111245 0.538552
vt 0.109344 0.552141
vt 0.122586 0.531758
vt 0.787543 0.074402
vt 0.800531 0.079376
vt 0.418574 0.552141
vt 0.420476 0.538552
vt 0.056941 0.974064
vt 0.043953 0.979038
vt 0.004700 0.848851
vt 0.018638 0.847030
vt 0.871332 0.011426
vt 0.883505 0.004700
vt 0.184047 0.538552
vt 0.185948 0.552141
vt 0.763316 0.989314
vt 0.751143 0.982588
vt 0.802544 0.871061
vt 0.816096 0.874796
vt 0.850591 0.004700
vt 0.861932 0.011494
vt 0.197289 0.558936
vt 0.935805 0.526662
vt 0.946189 0.527299
vt 0.959991 0.724393
vt 0.947252 0.715929
vt 0.440957 0.226090
vt 0.432421 0.224816
vt 0.451174 0.012068
vt 0.454941 0.028996
vt 0.413604 0.224180
vt 0.434742 0.003605
vt 0.403323 0.224816
vt 0.422076 0.012068
vt 0.137879 0.036536
vt 0.138393 0.055090
vt 0.044243 0.105410
vt 0.036211 0.098860
vt 0.916994 0.527299
vt 0.930796 0.724393
vt 0.899011 0.009190
vt 0.909785 0.004167
vt 0.877281 0.382638
vt 0.867364 0.382027
vt 0.630139 0.007974
vt 0.628633 0.026533
vt 0.007510 0.096905
vt 0.017845 0.094608
vt 0.013522 0.492517
vt 0.003605 0.488964
vt 0.032305 0.490919
vt 0.041173 0.485767
vt 0.881023 0.003605
vt 0.848520 0.382076
vt 0.909785 0.689132
vt 0.898014 0.681033
vt 0.769017 0.139377
vt 0.761316 0.147592
vt 0.077108 0.789555
vt 0.064758 0.779739
vt 0.093459 0.781695
vt 0.097460 0.764020
vt 0.881023 0.688570
vt 0.742916 0.151699
vt 0.761316 0.631187
vt 0.742916 0.627080
vt 0.769017 0.639402
vt 0.996395 0.507737
vt 0.985598 0.511844
vt 0.985598 0.003605
vt 0.996395 0.007712
vt 0.967200 0.507737
vt 0.967200 0.007712
vt 0.328096 0.715636
vt 0.331930 0.731667
vt 0.732218 0.147592
vt 0.732218 0.631187
vt 0.311829 0.706642
vt 0.299396 0.713680
vt 0.358579 0.411204
vt 0.368512 0.411462
vt 0.630139 0.770805
vt 0.628633 0.752247
vt 0.804663 0.690261
vt 0.793177 0.701074
vt 0.831725 0.399762
vt 0.841310 0.395393
vt 0.776227 0.694607
vt 0.812873 0.399739
vt 0.387279 0.413159
vt 0.396114 0.414598
vt 0.359299 0.031340
vt 0.369592 0.037286
vt 0.451174 0.766711
vt 0.454941 0.749784
vt 0.794173 0.003605
vt 0.804663 0.005031
vt 0.776227 0.009377
vt 0.388000 0.033296
vt 0.396114 0.023358
vt 0.947252 0.012069
vt 0.959991 0.003605
vt 0.946189 0.200699
vt 0.935805 0.201335
vt 0.432421 0.553963
vt 0.440957 0.552690
vt 0.434742 0.775174
vt 0.413604 0.554600
vt 0.422076 0.766711
vt 0.403323 0.553963
vt 0.294154 0.022414
vt 0.294855 0.003605
vt 0.930796 0.003605
vt 0.916994 0.200699
vt 0.935804 0.526662
vt 0.946189 0.527299
vt 0.959990 0.724393
vt 0.947252 0.715929
vt 0.731383 0.552690
vt 0.739919 0.553963
vt 0.721167 0.766711
vt 0.717400 0.749784
vt 0.758736 0.554600
vt 0.737599 0.775174
vt 0.769017 0.553963
vt 0.750264 0.766711
vt 0.137879 0.036536
vt 0.138393 0.055090
vt 0.044243 0.105410
vt 0.036211 0.098860
vt 0.916994 0.527299
vt 0.930796 0.724393
vt 0.899011 0.009190
vt 0.909785 0.004167
vt 0.877281 0.382638
vt 0.867364 0.382027
vt 0.542202 0.770805
vt 0.543707 0.752247
vt 0.007510 0.096905
vt 0.017845 0.094608
vt 0.013521 0.492518
vt 0.003605 0.488964
vt 0.032305 0.490919
vt 0.041173 0.485767
vt 0.881023 0.003605
vt 0.848520 0.382076
vt 0.909785 0.689132
vt 0.898014 0.681033
vt 0.403323 0.639402
vt 0.411024 0.631187
vt 0.077108 0.789555
vt 0.064758 0.779739
vt 0.093459 0.781695
vt 0.097460 0.764020
vt 0.881023 0.688570
vt 0.429424 0.627080
vt 0.411024 0.147592
vt 0.429424 0.151699
vt 0.403323 0.139377
vt 0.967200 0.507737
vt 0.967200 0.007712
vt 0.328096 0.715636
vt 0.331930 0.731667
vt 0.440122 0.631187
vt 0.440122 0.147592
vt 0.311829 0.706643
vt 0.299395 0.713681
vt 0.358579 0.411204
vt 0.368512 0.411462
vt 0.542201 0.007974
vt 0.543707 0.026533
vt 0.804663 0.690261
vt 0.793177 0.701073
vt 0.831725 0.399762
vt 0.841310 0.395393
vt 0.776227 0.694607
vt 0.812873 0.399739
vt 0.387279 0.413159
vt 0.396114 0.414598
vt 0.359299 0.031340
vt 0.369592 0.037286
vt 0.721166 0.012069
vt 0.717399 0.028996
vt 0.794173 0.003605
vt 0.804663 0.005031
vt 0.776227 0.009377
vt 0.388000 0.033296
vt 0.396114 0.023358
vt 0.947252 0.012069
vt 0.959990 0.003605
vt 0.946189 0.200699
vt 0.935804 0.201335
vt 0.739919 0.224816
vt 0.731383 0.226090
vt 0.737599 0.003605
vt 0.758736 0.224180
vt 0.750264 0.012069
vt 0.769017 0.224816
vt 0.294154 0.022414
vt 0.294855 0.003605
vt 0.930796 0.003605
vt 0.916994 0.200699
vt 0.751233 0.231182
vt 0.769547 0.249495
vt 0.703753 0.287481
vt 0.782515 0.176999
vt 0.782515 0.114434
vt 0.807532 0.107731
vt 0.751233 0.060252
vt 0.769547 0.041938
vt 0.697050 0.028969
vt 0.703753 0.003952
vt 0.634485 0.028969
vt 0.627782 0.003952
vt 0.580303 0.060252
vt 0.561989 0.041938
vt 0.524003 0.107731
vt 0.549020 0.176999
vt 0.524003 0.183702
vt 0.580303 0.231182
vt 0.627782 0.287481
vt 0.233792 0.996048
vt 0.167999 0.996048
vt 0.173585 0.944248
vt 0.249053 0.944248
vt 0.092027 0.996048
vt 0.086441 0.944248
vt 0.026234 0.996048
vt 0.010972 0.944248
vt 0.352053 0.503952
vt 0.346467 0.555752
vt 0.428024 0.503952
vt 0.433610 0.555752
vt 0.493817 0.503952
vt 0.509079 0.555752
vt 0.176154 0.870866
vt 0.256074 0.870866
vt 0.003952 0.870866
vt 0.343897 0.629134
vt 0.263978 0.629134
vt 0.436180 0.629134
vt 0.516099 0.629134
vt 0.176154 0.629134
vt 0.256074 0.629134
vt 0.083871 0.629134
vt 0.003952 0.629134
vt 0.343897 0.870866
vt 0.263978 0.870866
vt 0.436180 0.870866
vt 0.516099 0.870866
vt 0.173585 0.555752
vt 0.249053 0.555752
vt 0.086441 0.555752
vt 0.010972 0.555752
vt 0.346467 0.944248
vt 0.270998 0.944248
vt 0.433610 0.944248
vt 0.509079 0.944248
vt 0.167998 0.503952
vt 0.233792 0.503952
vt 0.092027 0.503952
vt 0.026234 0.503952
vt 0.352053 0.996048
vt 0.286260 0.996048
vt 0.428024 0.996048
vt 0.493817 0.996048
vt 0.561989 0.540929
vt 0.524003 0.475135
vt 0.549020 0.468432
vt 0.580303 0.522615
vt 0.524003 0.399164
vt 0.549020 0.405867
vt 0.561989 0.333371
vt 0.580303 0.351685
vt 0.627782 0.295385
vt 0.634485 0.320402
vt 0.703753 0.295385
vt 0.697050 0.320402
vt 0.769547 0.333371
vt 0.751233 0.351685
vt 0.807532 0.399164
vt 0.782515 0.405867
vt 0.807532 0.475135
vt 0.782515 0.468432
vt 0.769547 0.540929
vt 0.751233 0.522615
vt 0.703753 0.578914
vt 0.697050 0.553897
vt 0.627782 0.578914
vt 0.634485 0.553897
vt 0.151481 0.617772
vt 0.141955 0.615981
vt 0.141955 0.505954
vt 0.151481 0.510848
vt 0.686434 0.488358
vt 0.683921 0.499176
vt 0.569468 0.432753
vt 0.576976 0.424834
vt 0.223943 0.621001
vt 0.212168 0.621001
vt 0.212168 0.505954
vt 0.223943 0.505954
vt 0.316079 0.499176
vt 0.312826 0.488359
vt 0.422284 0.424834
vt 0.430532 0.432753
vt 0.161007 0.615981
vt 0.161007 0.505954
vt 0.125651 0.848163
vt 0.116124 0.853057
vt 0.116124 0.743030
vt 0.125651 0.741238
vt 0.503389 0.317705
vt 0.513781 0.314807
vt 0.053260 0.868895
vt 0.043933 0.868895
vt 0.003389 0.753847
vt 0.012716 0.753847
vt 0.485480 0.314807
vt 0.496611 0.317705
vt 0.135177 0.853057
vt 0.135177 0.743030
vt 0.116124 0.615981
vt 0.125651 0.617772
vt 0.503389 0.184859
vt 0.513781 0.187758
vt 0.003389 0.621001
vt 0.012716 0.621001
vt 0.485480 0.187758
vt 0.496611 0.184859
vt 0.135177 0.615981
vt 0.116124 0.505954
vt 0.125651 0.510848
vt 0.569468 0.069812
vt 0.576976 0.077730
vt 0.043933 0.505954
vt 0.053260 0.505954
vt 0.422284 0.077730
vt 0.430532 0.069812
vt 0.135177 0.505954
vt 0.177311 0.510848
vt 0.186838 0.505954
vt 0.186838 0.615981
vt 0.177311 0.617772
vt 0.683921 0.003389
vt 0.686435 0.014206
vt 0.230721 0.505954
vt 0.242496 0.505954
vt 0.242496 0.621001
vt 0.230721 0.621001
vt 0.312826 0.014206
vt 0.316079 0.003389
vt 0.167785 0.505954
vt 0.167785 0.615981
vt 0.186838 0.743030
vt 0.177311 0.741239
vt 0.816079 0.003389
vt 0.812826 0.014206
vt 0.242496 0.753847
vt 0.230721 0.753847
vt 0.186435 0.014206
vt 0.183921 0.003389
vt 0.167785 0.743030
vt 0.186838 0.853057
vt 0.177311 0.848163
vt 0.930532 0.069812
vt 0.922284 0.077731
vt 0.242496 0.868895
vt 0.230721 0.868895
vt 0.076976 0.077731
vt 0.069468 0.069812
vt 0.167785 0.853057
vt 0.060038 0.510848
vt 0.070571 0.505954
vt 0.109347 0.615981
vt 0.097720 0.617772
vt 0.996611 0.184860
vt 0.985480 0.187758
vt 0.193615 0.505954
vt 0.205390 0.505954
vt 0.205390 0.621001
vt 0.193615 0.621001
vt 0.013781 0.187758
vt 0.003389 0.184860
vt 0.082813 0.082625
vt 0.021399 0.189549
vt 0.109346 0.743030
vt 0.097720 0.741238
vt 0.996611 0.317705
vt 0.985480 0.314807
vt 0.205390 0.753847
vt 0.193615 0.753847
vt 0.013781 0.314807
vt 0.003389 0.317705
vt 0.021399 0.313015
vt 0.070571 0.853057
vt 0.060038 0.848163
vt 0.930532 0.432753
vt 0.922284 0.424834
vt 0.205390 0.868895
vt 0.193615 0.868895
vt 0.076976 0.424834
vt 0.069468 0.432753
vt 0.082813 0.419940
vt 0.151481 0.848163
vt 0.141955 0.853057
vt 0.141955 0.743030
vt 0.151481 0.741238
vt 0.816079 0.499176
vt 0.812826 0.488358
vt 0.223943 0.868895
vt 0.212168 0.868895
vt 0.212168 0.753847
vt 0.223943 0.753847
vt 0.186435 0.488359
vt 0.183921 0.499176
vt 0.161007 0.853057
vt 0.161007 0.743030
vt 0.687114 0.013982
vt 0.683858 0.003155
vt 0.816142 0.003155
vt 0.813626 0.013982
vt 0.316142 0.003155
vt 0.312886 0.013982
vt 0.186374 0.013982
vt 0.183858 0.003155
vt 0.930703 0.069641
vt 0.923188 0.077567
vt 0.076812 0.077567
vt 0.069297 0.069641
vt 0.996845 0.184798
vt 0.986444 0.187699
vt 0.104674 0.505722
vt 0.116460 0.505722
vt 0.013556 0.187699
vt 0.003155 0.184798
vt 0.996845 0.317770
vt 0.986444 0.314868
vt 0.013556 0.314868
vt 0.003155 0.317770
vt 0.930703 0.432927
vt 0.923188 0.425000
vt 0.116460 0.869008
vt 0.104674 0.869008
vt 0.076812 0.425000
vt 0.069297 0.432927
vt 0.122769 0.505722
vt 0.134556 0.505722
vt 0.134556 0.620879
vt 0.122769 0.620879
vt 0.186374 0.488585
vt 0.183858 0.499413
vt 0.683858 0.499413
vt 0.687114 0.488585
vt 0.134556 0.753851
vt 0.122769 0.753851
vt 0.316142 0.499413
vt 0.577552 0.425000
vt 0.134556 0.869008
vt 0.122769 0.869008
vt 0.422448 0.425000
vt 0.430703 0.432927
vt 0.503155 0.317770
vt 0.514296 0.314868
vt 0.152651 0.869008
vt 0.140865 0.869008
vt 0.140865 0.753851
vt 0.152651 0.753851
vt 0.485704 0.314868
vt 0.496845 0.317770
vt 0.503155 0.184798
vt 0.514296 0.187699
vt 0.140865 0.620879
vt 0.152651 0.620879
vt 0.485704 0.187699
vt 0.496846 0.184798
vt 0.569297 0.069641
vt 0.577552 0.077567
vt 0.140865 0.505722
vt 0.152651 0.505722
vt 0.422448 0.077567
vt 0.430703 0.069641
vt 0.765199 0.736608
vt 0.751143 0.736737
vt 0.770461 0.612130
vt 0.784013 0.615256
vt 0.062136 0.468850
vt 0.056941 0.478798
vt 0.018638 0.351764
vt 0.025735 0.348123
vt 0.043953 0.483772
vt 0.004700 0.353584
vt 0.056941 0.698523
vt 0.043002 0.700344
vt 0.004700 0.573310
vt 0.017688 0.568336
vt 0.575458 0.478798
vt 0.570263 0.468850
vt 0.606664 0.348123
vt 0.613761 0.351764
vt 0.557276 0.463876
vt 0.592726 0.346302
vt 0.823242 0.534363
vt 0.835415 0.539520
vt 0.018638 0.205077
vt 0.025735 0.208718
vt 0.004700 0.203257
vt 0.730402 0.004700
vt 0.741743 0.011494
vt 0.675401 0.084838
vt 0.662414 0.079864
vt 0.606664 0.208718
vt 0.613761 0.205077
vt 0.592726 0.210539
vt 0.066340 0.573309
vt 0.079328 0.568336
vt 0.115729 0.689063
vt 0.101790 0.690884
vt 0.056941 0.078043
vt 0.062136 0.087991
vt 0.043953 0.073069
vt 0.637099 0.211872
vt 0.623161 0.210051
vt 0.570263 0.087991
vt 0.575458 0.078043
vt 0.557276 0.092965
vt 0.115729 0.828467
vt 0.101790 0.826647
vt 0.123282 0.004700
vt 0.125184 0.018289
vt 0.871332 0.009857
vt 0.883505 0.004700
vt 0.940421 0.088560
vt 0.926869 0.091687
vt 0.637099 0.358558
vt 0.623161 0.360379
vt 0.507215 0.018289
vt 0.509117 0.004700
vt 0.495874 0.025083
vt 0.079328 0.949195
vt 0.066340 0.944221
vt 0.199887 0.004700
vt 0.197985 0.018289
vt 0.961254 0.222932
vt 0.947197 0.222803
vt 0.675401 0.485592
vt 0.662414 0.490566
vt 0.434414 0.018289
vt 0.432512 0.004700
vt 0.161529 0.568336
vt 0.174517 0.573310
vt 0.139067 0.690884
vt 0.125129 0.689063
vt 0.186644 0.025083
vt 0.261033 0.087991
vt 0.248045 0.092965
vt 0.266228 0.078043
vt 0.940421 0.371809
vt 0.926869 0.368074
vt 0.741743 0.558936
vt 0.730402 0.565730
vt 0.371366 0.087991
vt 0.366171 0.078043
vt 0.139067 0.826647
vt 0.125129 0.828467
vt 0.297434 0.208718
vt 0.283495 0.210539
vt 0.304530 0.205077
vt 0.883505 0.495300
vt 0.871332 0.488574
vt 0.353183 0.073069
vt 0.327869 0.205077
vt 0.313930 0.203257
vt 0.334965 0.208718
vt 0.174517 0.944221
vt 0.161529 0.949195
vt 0.297434 0.348123
vt 0.283495 0.346302
vt 0.304530 0.351764
vt 0.961253 0.990143
vt 0.949080 0.995300
vt 0.892165 0.911440
vt 0.905716 0.908314
vt 0.327869 0.351764
vt 0.313930 0.353584
vt 0.334965 0.348123
vt 0.762483 0.524963
vt 0.751143 0.518169
vt 0.812544 0.450287
vt 0.825531 0.455261
vt 0.261033 0.468850
vt 0.248045 0.463876
vt 0.266228 0.478798
vt 0.871332 0.777069
vt 0.885388 0.777197
vt 0.366171 0.478798
vt 0.353183 0.483772
vt 0.371366 0.468850
vt 0.847994 0.332713
vt 0.861932 0.334534
vt 0.197985 0.538552
vt 0.186644 0.531758
vt 0.199887 0.552141
vt 0.892165 0.628191
vt 0.905716 0.631926
vt 0.432512 0.552141
vt 0.421171 0.558936
vt 0.434414 0.538552
vt 0.847994 0.196950
vt 0.861932 0.195130
vt 0.835415 0.982588
vt 0.823242 0.989314
vt 0.770461 0.874796
vt 0.784013 0.871061
vt 0.123282 0.552141
vt 0.125184 0.538552
vt 0.949080 0.504700
vt 0.961254 0.511426
vt 0.017688 0.979038
vt 0.004700 0.974064
vt 0.043002 0.847030
vt 0.056941 0.848851
vt 0.507215 0.538552
vt 0.509117 0.552141
vt 0.812544 0.079376
vt 0.825531 0.074402
vt 0.111941 0.558936
vt 0.751143 0.011494
vt 0.762484 0.004700
vt 0.447703 0.551493
vt 0.435940 0.558540
vt 0.370544 0.486243
vt 0.384015 0.481084
vt 0.433967 0.572635
vt 0.365156 0.496561
vt 0.681708 0.381714
vt 0.667652 0.385588
vt 0.646043 0.231168
vt 0.660623 0.231034
vt 0.204571 0.586730
vt 0.192808 0.579683
vt 0.261620 0.503609
vt 0.275091 0.508768
vt 0.190835 0.565588
vt 0.256231 0.493290
vt 0.927516 0.785280
vt 0.912936 0.785414
vt 0.893421 0.645955
vt 0.907478 0.642081
vt 0.332788 0.361020
vt 0.347245 0.359132
vt 0.325427 0.364797
vt 0.667652 0.091794
vt 0.681708 0.095036
vt 0.301348 0.371844
vt 0.315806 0.373733
vt 0.293987 0.368068
vt 0.840106 0.530275
vt 0.852732 0.523299
vt 0.332788 0.216426
vt 0.347245 0.218314
vt 0.325427 0.212649
vt 0.726687 0.004811
vt 0.739313 0.010160
vt 0.301348 0.219696
vt 0.315806 0.217808
vt 0.293987 0.223473
vt 0.817858 0.523299
vt 0.830485 0.528648
vt 0.777169 0.607204
vt 0.763113 0.603961
vt 0.370544 0.091203
vt 0.384015 0.096362
vt 0.365155 0.080885
vt 0.748935 0.011787
vt 0.761561 0.004811
vt 0.820596 0.132900
vt 0.806540 0.136774
vt 0.261620 0.087932
vt 0.275091 0.082773
vt 0.256231 0.098250
vt 0.757654 0.733075
vt 0.743075 0.733208
vt 0.435940 0.018906
vt 0.447703 0.025953
vt 0.433967 0.004811
vt 0.842204 0.287321
vt 0.827625 0.287454
vt 0.192808 0.011858
vt 0.204571 0.004811
vt 0.190836 0.025953
vt 0.777169 0.872534
vt 0.763113 0.876407
vt 0.646043 0.530275
vt 0.658670 0.523299
vt 0.713415 0.642081
vt 0.699359 0.645955
vt 0.513424 0.004811
vt 0.511452 0.018905
vt 0.820596 0.426695
vt 0.806540 0.423452
vt 0.932469 0.004811
vt 0.945096 0.011787
vt 0.887490 0.136774
vt 0.873434 0.132900
vt 0.115323 0.025953
vt 0.113351 0.011858
vt 0.830485 0.988213
vt 0.817859 0.995189
vt 0.733453 0.785280
vt 0.718874 0.785414
vt 0.582236 0.080885
vt 0.576848 0.091203
vt 0.761561 0.513678
vt 0.748935 0.508328
vt 0.866405 0.287454
vt 0.851826 0.287320
vt 0.049928 0.098250
vt 0.044539 0.087932
vt 0.127086 0.033000
vt 0.063399 0.103409
vt 0.713415 0.914527
vt 0.699359 0.911285
vt 0.621965 0.212649
vt 0.614604 0.216425
vt 0.595707 0.075725
vt 0.636422 0.210760
vt 0.887490 0.423452
vt 0.873434 0.426695
vt 0.012171 0.223473
vt 0.004810 0.219696
vt 0.026629 0.225361
vt 0.658670 0.995189
vt 0.646043 0.989840
vt 0.621965 0.364797
vt 0.614604 0.361020
vt 0.636422 0.366685
vt 0.945096 0.508328
vt 0.932469 0.513678
vt 0.012171 0.368068
vt 0.004810 0.371844
vt 0.026629 0.366179
vt 0.376654 0.979185
vt 0.363183 0.984344
vt 0.325427 0.859121
vt 0.339884 0.857233
vt 0.582236 0.496561
vt 0.576848 0.486243
vt 0.595708 0.501720
vt 0.950608 0.949293
vt 0.937137 0.944134
vt 0.976866 0.812370
vt 0.991323 0.814258
vt 0.049928 0.493290
vt 0.044539 0.503609
vt 0.063399 0.488131
vt 0.325427 0.714526
vt 0.339884 0.716415
vt 0.513425 0.572635
vt 0.511452 0.558540
vt 0.525188 0.579683
vt 0.976866 0.660222
vt 0.991323 0.658334
vt 0.115323 0.565588
vt 0.113351 0.579683
vt 0.852732 0.995189
vt 0.840106 0.989840
vt 0.893421 0.911285
vt 0.907478 0.914527
vt 0.363183 0.589304
vt 0.376654 0.594463
vt 0.739313 0.506702
vt 0.726687 0.513678
vt 0.937137 0.528458
vt 0.950608 0.523299
vt 0.935804 0.201335
vt 0.916994 0.200699
vt 0.930796 0.003605
vt 0.947252 0.012069
vt 0.261326 0.055090
vt 0.261840 0.036536
vt 0.363508 0.098860
vt 0.355476 0.105410
vt 0.769017 0.224816
vt 0.758736 0.224180
vt 0.737599 0.003605
vt 0.750264 0.012069
vt 0.739919 0.224816
vt 0.721166 0.012069
vt 0.731383 0.226090
vt 0.717400 0.028996
vt 0.946189 0.200699
vt 0.959990 0.003605
vt 0.859293 0.009190
vt 0.877281 0.003605
vt 0.909784 0.382076
vt 0.890940 0.382027
vt 0.367413 0.490919
vt 0.358546 0.485767
vt 0.381874 0.094608
vt 0.386197 0.492517
vt 0.392208 0.096905
vt 0.396114 0.488964
vt 0.543707 0.026533
vt 0.542202 0.007974
vt 0.848520 0.004167
vt 0.881023 0.382638
vt 0.877281 0.688570
vt 0.860290 0.681033
vt 0.306260 0.781695
vt 0.302258 0.764020
vt 0.322611 0.789555
vt 0.334960 0.779739
vt 0.411024 0.147592
vt 0.403323 0.139377
vt 0.848520 0.689132
vt 0.429424 0.151699
vt 0.440122 0.147592
vt 0.440122 0.631188
vt 0.429424 0.627080
vt 0.067789 0.731667
vt 0.071622 0.715636
vt 0.967200 0.007712
vt 0.985598 0.003605
vt 0.985598 0.511844
vt 0.996395 0.007712
vt 0.996395 0.507737
vt 0.411025 0.631188
vt 0.403323 0.639402
vt 0.087889 0.706642
vt 0.012439 0.413159
vt 0.031207 0.411462
vt 0.003605 0.414598
vt 0.841310 0.694607
vt 0.824359 0.701074
vt 0.785812 0.399762
vt 0.804664 0.399739
vt 0.812873 0.690261
vt 0.776227 0.395393
vt 0.543707 0.752247
vt 0.542202 0.770805
vt 0.100323 0.713680
vt 0.041140 0.411204
vt 0.011719 0.033295
vt 0.030126 0.037286
vt 0.003605 0.023358
vt 0.823363 0.003605
vt 0.841310 0.009377
vt 0.812873 0.005031
vt 0.717400 0.749784
vt 0.721166 0.766711
vt 0.040419 0.031340
vt 0.947252 0.715929
vt 0.930795 0.724393
vt 0.916994 0.527299
vt 0.935804 0.526662
vt 0.104864 0.003605
vt 0.105564 0.022414
vt 0.750264 0.766711
vt 0.737599 0.775174
vt 0.758736 0.554600
vt 0.769017 0.553963
vt 0.739919 0.553963
vt 0.731383 0.552690
vt 0.959990 0.724393
vt 0.946189 0.527299
vt 0.916994 0.200699
vt 0.930796 0.003605
vt 0.947252 0.012069
vt 0.261326 0.055090
vt 0.261840 0.036536
vt 0.363508 0.098860
vt 0.355476 0.105410
vt 0.403323 0.553963
vt 0.413604 0.554600
vt 0.434741 0.775174
vt 0.422076 0.766711
vt 0.432421 0.553963
vt 0.451174 0.766711
vt 0.440957 0.552690
vt 0.454940 0.749784
vt 0.946189 0.200699
vt 0.959991 0.003605
vt 0.859294 0.009190
vt 0.877281 0.003605
vt 0.909785 0.382076
vt 0.890941 0.382027
vt 0.367413 0.490919
vt 0.358546 0.485767
vt 0.381874 0.094608
vt 0.386197 0.492517
vt 0.392208 0.096905
vt 0.396114 0.488964
vt 0.628633 0.752247
vt 0.630139 0.770805
vt 0.848520 0.004167
vt 0.881023 0.382638
vt 0.877281 0.688570
vt 0.860290 0.681033
vt 0.306260 0.781695
vt 0.302258 0.764020
vt 0.322611 0.789555
vt 0.334960 0.779739
vt 0.761316 0.631187
vt 0.769017 0.639402
vt 0.848520 0.689132
vt 0.742916 0.627080
vt 0.732218 0.631187
vt 0.732218 0.147592
vt 0.742916 0.151699
vt 0.067789 0.731667
vt 0.071622 0.715636
vt 0.967200 0.007712
vt 0.985598 0.003605
vt 0.985598 0.511844
vt 0.967200 0.507737
vt 0.996395 0.007712
vt 0.996395 0.507737
vt 0.761316 0.147592
vt 0.769017 0.139377
vt 0.087890 0.706642
vt 0.012439 0.413159
vt 0.031207 0.411462
vt 0.003605 0.414598
vt 0.841310 0.694607
vt 0.824359 0.701073
vt 0.785812 0.399762
vt 0.804663 0.399739
vt 0.812873 0.690261
vt 0.776227 0.395393
vt 0.628633 0.026533
vt 0.630139 0.007974
vt 0.100323 0.713680
vt 0.041140 0.411204
vt 0.011719 0.033296
vt 0.030126 0.037286
vt 0.003605 0.023358
vt 0.823363 0.003605
vt 0.841310 0.009377
vt 0.812873 0.005031
vt 0.454941 0.028996
vt 0.451174 0.012069
vt 0.040420 0.031340
vt 0.947252 0.715929
vt 0.930796 0.724393
vt 0.916994 0.527299
vt 0.935804 0.526662
vt 0.104864 0.003605
vt 0.105564 0.022414
vt 0.422076 0.012069
vt 0.434742 0.003605
vt 0.413604 0.224180
vt 0.403323 0.224816
vt 0.432421 0.224816
vt 0.440957 0.226090
vt 0.959990 0.724393
vt 0.946189 0.527299
vt 0.192793 0.831251
vt 0.251986 0.797076
vt 0.271994 0.817083
vt 0.200117 0.858582
vt 0.286161 0.737883
vt 0.313492 0.745206
vt 0.286161 0.669533
vt 0.313492 0.662210
vt 0.251986 0.610340
vt 0.271994 0.590333
vt 0.192793 0.576165
vt 0.200117 0.548835
vt 0.124443 0.576165
vt 0.065251 0.610340
vt 0.045243 0.590333
vt 0.031076 0.669533
vt 0.031076 0.737883
vt 0.003745 0.745206
vt 0.065251 0.797076
vt 0.045243 0.817083
vt 0.124443 0.831251
vt 0.117120 0.858581
vt 0.233369 0.541345
vt 0.150373 0.541345
vt 0.144270 0.484755
vt 0.239472 0.484755
vt 0.078496 0.541345
vt 0.061823 0.484755
vt 0.036997 0.541345
vt 0.014222 0.484755
vt 0.420739 0.003745
vt 0.462237 0.003745
vt 0.445564 0.060335
vt 0.397963 0.060335
vt 0.534114 0.003745
vt 0.528011 0.060335
vt 0.617110 0.003745
vt 0.623213 0.060335
vt 0.688987 0.003745
vt 0.705660 0.060335
vt 0.810937 0.060335
vt 0.728489 0.060335
vt 0.346744 0.541345
vt 0.321919 0.484755
vt 0.369519 0.484755
vt 0.141463 0.404587
vt 0.242279 0.404587
vt 0.054153 0.404587
vt 0.003745 0.404587
vt 0.437895 0.140503
vt 0.387487 0.140503
vt 0.525204 0.140503
vt 0.626020 0.140503
vt 0.713330 0.140503
vt 0.908945 0.140503
vt 0.996255 0.140503
vt 0.379996 0.404587
vt 0.141463 0.140503
vt 0.242279 0.140503
vt 0.054153 0.140503
vt 0.003745 0.140503
vt 0.437895 0.404587
vt 0.387487 0.404587
vt 0.525204 0.404587
vt 0.626020 0.404587
vt 0.713330 0.404587
vt 0.808129 0.404587
vt 0.908945 0.404587
vt 0.329588 0.140503
vt 0.379996 0.140503
vt 0.144270 0.060335
vt 0.239472 0.060335
vt 0.061823 0.060335
vt 0.014222 0.060335
vt 0.445564 0.484755
vt 0.397963 0.484755
vt 0.528011 0.484755
vt 0.623213 0.484755
vt 0.705660 0.484755
vt 0.906138 0.484755
vt 0.988585 0.484755
vt 0.321919 0.060335
vt 0.369520 0.060335
vt 0.150373 0.003745
vt 0.233369 0.003745
vt 0.078496 0.003745
vt 0.036997 0.003745
vt 0.462237 0.541345
vt 0.420739 0.541345
vt 0.534114 0.541345
vt 0.617110 0.541345
vt 0.688987 0.541345
vt 0.817039 0.541345
vt 0.305246 0.003745
vt 0.346744 0.003745
vt 0.320982 0.662210
vt 0.362480 0.590333
vt 0.382488 0.610340
vt 0.348313 0.669533
vt 0.434357 0.548835
vt 0.441680 0.576165
vt 0.517354 0.548835
vt 0.510030 0.576165
vt 0.589231 0.590333
vt 0.569223 0.610340
vt 0.630729 0.662210
vt 0.603398 0.669533
vt 0.630729 0.745206
vt 0.589231 0.817083
vt 0.569223 0.797076
vt 0.517354 0.858581
vt 0.510030 0.831251
vt 0.434357 0.858581
vt 0.441680 0.831251
vt 0.362480 0.817083
vt 0.382488 0.797076
vt 0.320982 0.745206
vt 0.348313 0.737883
vt 0.024759 0.364685
vt 0.015878 0.366773
vt 0.015878 0.218677
vt 0.024759 0.220765
vt 0.003765 0.370151
vt 0.003765 0.215298
vt 0.822036 0.370151
vt 0.811164 0.370151
vt 0.811164 0.215298
vt 0.822036 0.215298
vt 0.800108 0.366773
vt 0.800108 0.218677
vt 0.126248 0.865565
vt 0.112696 0.863477
vt 0.112696 0.719557
vt 0.126248 0.717469
vt 0.089543 0.090422
vt 0.096346 0.096127
vt 0.080791 0.081192
vt 0.763903 0.081192
vt 0.774775 0.081192
vt 0.754909 0.090422
vt 0.068771 0.594919
vt 0.081049 0.589214
vt 0.144882 0.594919
vt 0.155987 0.589215
vt 0.155987 0.717469
vt 0.144882 0.719557
vt 0.214204 0.003765
vt 0.217134 0.016374
vt 0.982509 0.003765
vt 0.996235 0.003765
vt 0.996235 0.137872
vt 0.982509 0.137872
vt 0.676622 0.016374
vt 0.682044 0.003765
vt 0.133778 0.589215
vt 0.133778 0.717469
vt 0.155987 0.865565
vt 0.144882 0.863477
vt 0.368256 0.003765
vt 0.364464 0.016374
vt 0.996235 0.292725
vt 0.982509 0.292725
vt 0.586225 0.016374
vt 0.587522 0.003765
vt 0.133778 0.865565
vt 0.155987 0.993820
vt 0.144882 0.988115
vt 0.501669 0.081191
vt 0.492055 0.090422
vt 0.996235 0.426832
vt 0.982509 0.426832
vt 0.969557 0.003765
vt 0.974979 0.016374
vt 0.896693 0.090422
vt 0.887699 0.081192
vt 0.133778 0.993820
vt 0.487508 0.096127
vt 0.565720 0.218677
vt 0.559096 0.220765
vt 0.578695 0.215298
vt 0.876827 0.081191
vt 0.840438 0.215298
vt 0.829566 0.215298
vt 0.851494 0.218677
vt 0.048964 0.589215
vt 0.061242 0.594919
vt 0.017318 0.719557
vt 0.003765 0.717469
vt 0.565720 0.366773
vt 0.559096 0.364685
vt 0.578695 0.370151
vt 0.840438 0.370151
vt 0.829566 0.370151
vt 0.851494 0.366773
vt 0.017318 0.863477
vt 0.003765 0.865565
vt 0.492055 0.495028
vt 0.487508 0.489323
vt 0.501669 0.504258
vt 0.887699 0.504258
vt 0.876827 0.504258
vt 0.896693 0.495027
vt 0.061242 0.988115
vt 0.048964 0.993820
vt 0.174621 0.988115
vt 0.163517 0.993820
vt 0.163517 0.865565
vt 0.174621 0.863477
vt 0.368256 0.581685
vt 0.364464 0.569075
vt 0.996235 0.857428
vt 0.982509 0.857428
vt 0.982509 0.723321
vt 0.996235 0.723321
vt 0.974979 0.569075
vt 0.969557 0.581685
vt 0.185726 0.993820
vt 0.185726 0.865565
vt 0.163517 0.717469
vt 0.174621 0.719557
vt 0.214204 0.581685
vt 0.217134 0.569075
vt 0.982509 0.568468
vt 0.996235 0.568468
vt 0.587522 0.581685
vt 0.586225 0.569075
vt 0.676622 0.569075
vt 0.682044 0.581685
vt 0.185726 0.717469
vt 0.163517 0.589215
vt 0.174621 0.594919
vt 0.080791 0.504258
vt 0.089543 0.495028
vt 0.982509 0.434361
vt 0.996235 0.434361
vt 0.754909 0.495028
vt 0.763903 0.504258
vt 0.185726 0.589215
vt 0.096346 0.489323
vt 0.774775 0.504258
vt 0.081049 0.993820
vt 0.068771 0.988115
vt 0.660035 0.618973
vt 0.646403 0.615828
vt 0.699497 0.537600
vt 0.711742 0.542787
vt 0.025910 0.357045
vt 0.018771 0.360708
vt 0.018771 0.213151
vt 0.025910 0.216814
vt 0.004750 0.362539
vt 0.004750 0.211319
vt 0.817416 0.089108
vt 0.803784 0.092252
vt 0.747917 0.009937
vt 0.760162 0.004750
vt 0.617470 0.360708
vt 0.610332 0.357045
vt 0.610332 0.216814
vt 0.617470 0.213151
vt 0.596311 0.355214
vt 0.596311 0.218645
vt 0.926961 0.958645
vt 0.914715 0.965411
vt 0.861622 0.850213
vt 0.875254 0.846457
vt 0.057301 0.085363
vt 0.062527 0.095370
vt 0.044236 0.080359
vt 0.017814 0.991748
vt 0.004750 0.986745
vt 0.043279 0.858957
vt 0.057301 0.860788
vt 0.573715 0.095370
vt 0.578941 0.085363
vt 0.560650 0.100373
vt 0.842188 0.711335
vt 0.856328 0.711206
vt 0.124036 0.011584
vt 0.125949 0.025254
vt 0.112628 0.004750
vt 0.043279 0.711400
vt 0.057301 0.709568
vt 0.510292 0.025254
vt 0.512205 0.011584
vt 0.727009 0.004750
vt 0.738417 0.011584
vt 0.676651 0.079869
vt 0.663587 0.074865
vt 0.861622 0.585989
vt 0.875254 0.589133
vt 0.201096 0.011584
vt 0.199183 0.025254
vt 0.847871 0.011515
vt 0.860116 0.004750
vt 0.917370 0.128974
vt 0.903738 0.132731
vt 0.004750 0.583612
vt 0.017815 0.578608
vt 0.437059 0.025254
vt 0.435146 0.011584
vt 0.640991 0.198141
vt 0.626970 0.196309
vt 0.914715 0.507760
vt 0.926961 0.512948
vt 0.267831 0.085363
vt 0.262605 0.095370
vt 0.938327 0.278734
vt 0.924187 0.278864
vt 0.423738 0.004750
vt 0.368410 0.085363
vt 0.355346 0.080359
vt 0.373636 0.095370
vt 0.640991 0.334709
vt 0.626970 0.336541
vt 0.249540 0.100373
vt 0.299222 0.216814
vt 0.285201 0.218645
vt 0.306361 0.213151
vt 0.917370 0.413903
vt 0.903738 0.410758
vt 0.329881 0.213151
vt 0.315860 0.211320
vt 0.337020 0.216814
vt 0.676652 0.452981
vt 0.663587 0.457985
vt 0.299222 0.357045
vt 0.285201 0.355214
vt 0.306361 0.360708
vt 0.860116 0.498261
vt 0.847871 0.493073
vt 0.329881 0.360708
vt 0.315860 0.362539
vt 0.337020 0.357045
vt 0.738417 0.521265
vt 0.727009 0.528100
vt 0.262605 0.478489
vt 0.249540 0.473485
vt 0.267831 0.488496
vt 0.936460 0.512764
vt 0.949525 0.507760
vt 0.989011 0.638720
vt 0.974990 0.640552
vt 0.368411 0.488496
vt 0.355346 0.493499
vt 0.373636 0.478489
vt 0.820444 0.507760
vt 0.832689 0.514526
vt 0.780982 0.626715
vt 0.767350 0.622958
vt 0.199183 0.548605
vt 0.187774 0.541770
vt 0.201095 0.562274
vt 0.989011 0.789940
vt 0.974990 0.788108
vt 0.435146 0.562274
vt 0.423738 0.569109
vt 0.437059 0.548605
vt 0.762056 0.761966
vt 0.747917 0.761836
vt 0.711742 0.988485
vt 0.699497 0.995250
vt 0.646403 0.880053
vt 0.660035 0.876296
vt 0.124036 0.562274
vt 0.125949 0.548605
vt 0.949525 0.920900
vt 0.936460 0.915896
vt 0.760162 0.498261
vt 0.747917 0.491495
vt 0.803784 0.370280
vt 0.817416 0.374037
vt 0.510293 0.548605
vt 0.512205 0.562274
vt 0.780982 0.884038
vt 0.767350 0.887183
vt 0.626970 0.741175
vt 0.641109 0.741045
vt 0.057301 0.488496
vt 0.062527 0.478489
vt 0.112628 0.569109
vt 0.044236 0.493499
vt 0.824233 0.224147
vt 0.838372 0.224276
vt 0.573715 0.478489
vt 0.578941 0.488496
vt 0.832689 0.960223
vt 0.820444 0.965411
vt 0.560650 0.473485
vt 0.025834 0.217348
vt 0.011901 0.215528
vt 0.048286 0.094854
vt 0.061268 0.099825
vt 0.004808 0.211889
vt 0.043093 0.084910
vt 0.898520 0.908244
vt 0.884974 0.911369
vt 0.864151 0.777057
vt 0.878201 0.777185
vt 0.613821 0.210069
vt 0.599889 0.211888
vt 0.561603 0.084910
vt 0.574585 0.079939
vt 0.592795 0.215528
vt 0.556411 0.094854
vt 0.818150 0.455171
vt 0.805168 0.450199
vt 0.840603 0.332677
vt 0.854535 0.334496
vt 0.717288 0.539613
vt 0.729456 0.534458
vt 0.782213 0.612191
vt 0.768667 0.615315
vt 0.109406 0.011600
vt 0.111306 0.025182
vt 0.884974 0.628245
vt 0.898520 0.631978
vt 0.495291 0.011599
vt 0.506627 0.004808
vt 0.493390 0.025182
vt 0.840602 0.196974
vt 0.854535 0.195154
vt 0.801523 0.736743
vt 0.787473 0.736614
vt 0.185976 0.011599
vt 0.184076 0.025183
vt 0.941865 0.504808
vt 0.954033 0.511531
vt 0.044044 0.575207
vt 0.057026 0.580179
vt 0.018740 0.707157
vt 0.004808 0.705337
vt 0.420621 0.025182
vt 0.418720 0.011599
vt 0.805168 0.079451
vt 0.818150 0.074479
vt 0.782213 0.874741
vt 0.768667 0.871008
vt 0.252289 0.084910
vt 0.247096 0.094854
vt 0.197312 0.004808
vt 0.265271 0.079939
vt 0.018740 0.853779
vt 0.004808 0.855598
vt 0.357601 0.094854
vt 0.352408 0.084910
vt 0.743794 0.011600
vt 0.755130 0.004808
vt 0.729456 0.989209
vt 0.717288 0.982486
vt 0.290574 0.211889
vt 0.283481 0.215528
vt 0.304506 0.210069
vt 0.057026 0.980757
vt 0.044044 0.985728
vt 0.321216 0.215528
vt 0.314123 0.211889
vt 0.370583 0.099825
vt 0.335148 0.217348
vt 0.623437 0.011599
vt 0.634773 0.004808
vt 0.697793 0.074479
vt 0.684811 0.079451
vt 0.290574 0.358510
vt 0.283481 0.354871
vt 0.304506 0.360330
vt 0.941865 0.004808
vt 0.954033 0.009963
vt 0.898520 0.091756
vt 0.884974 0.088632
vt 0.321216 0.354871
vt 0.314123 0.358510
vt 0.335148 0.353051
vt 0.734178 0.195154
vt 0.720246 0.196973
vt 0.252289 0.485489
vt 0.247096 0.475545
vt 0.265271 0.490460
vt 0.878201 0.222815
vt 0.864151 0.222943
vt 0.357601 0.475545
vt 0.352408 0.485488
vt 0.370583 0.470573
vt 0.734178 0.334496
vt 0.720246 0.332677
vt 0.185977 0.558799
vt 0.184076 0.545216
vt 0.197313 0.565591
vt 0.898520 0.368022
vt 0.884974 0.371755
vt 0.420621 0.545216
vt 0.418720 0.558799
vt 0.635605 0.989209
vt 0.623437 0.984054
vt 0.674816 0.908351
vt 0.688362 0.911476
vt 0.697793 0.455171
vt 0.684811 0.450199
vt 0.109406 0.558799
vt 0.111306 0.545216
vt 0.118860 0.980757
vt 0.105878 0.985729
vt 0.066642 0.855598
vt 0.080574 0.853779
vt 0.954033 0.488469
vt 0.941865 0.495192
vt 0.493390 0.545216
vt 0.495291 0.558799
vt 0.693622 0.787052
vt 0.707672 0.786924
vt 0.634773 0.524842
vt 0.623437 0.518051
vt 0.043093 0.485489
vt 0.048286 0.475545
vt 0.066642 0.705337
vt 0.080574 0.707157
vt 0.506627 0.565591
vt 0.561603 0.485488
vt 0.574585 0.490460
vt 0.556411 0.475545
vt 0.674816 0.652659
vt 0.688362 0.648926
vt 0.061268 0.470573
vt 0.011901 0.354871
vt 0.025834 0.353051
vt 0.004808 0.358510
vt 0.105878 0.575207
vt 0.118859 0.580179
vt 0.599889 0.358510
vt 0.613821 0.360330
vt 0.592795 0.354871
vt 0.623437 0.541181
vt 0.635605 0.534458
vt 0.954033 0.990037
vt 0.941865 0.995192
vt 0.755130 0.524842
vt 0.743794 0.518051
vt 0.941180 0.201335
vt 0.930796 0.200699
vt 0.916994 0.003605
vt 0.929733 0.012069
vt 0.440957 0.226089
vt 0.432421 0.224816
vt 0.451174 0.012068
vt 0.454941 0.028996
vt 0.413604 0.224179
vt 0.434742 0.003605
vt 0.403324 0.224816
vt 0.422076 0.012068
vt 0.104864 0.003605
vt 0.105564 0.022414
vt 0.011719 0.033296
vt 0.003605 0.023358
vt 0.959990 0.200699
vt 0.946189 0.003605
vt 0.030126 0.037286
vt 0.040420 0.031340
vt 0.041140 0.411204
vt 0.031207 0.411462
vt 0.630139 0.007974
vt 0.628633 0.026533
vt 0.812873 0.005031
vt 0.823363 0.003605
vt 0.785811 0.399762
vt 0.776226 0.395392
vt 0.841310 0.009377
vt 0.804663 0.399739
vt 0.012439 0.413159
vt 0.003605 0.414598
vt 0.100323 0.713680
vt 0.087890 0.706642
vt 0.769017 0.139377
vt 0.761316 0.147592
vt 0.824359 0.701073
vt 0.812873 0.690260
vt 0.841310 0.694607
vt 0.071623 0.715636
vt 0.067789 0.731667
vt 0.742916 0.151699
vt 0.761315 0.631187
vt 0.742916 0.627080
vt 0.769017 0.639401
vt 0.967200 0.007712
vt 0.977997 0.003605
vt 0.977997 0.511843
vt 0.967200 0.507736
vt 0.996395 0.007712
vt 0.996395 0.507736
vt 0.302258 0.764019
vt 0.306260 0.781694
vt 0.732218 0.147592
vt 0.732218 0.631187
vt 0.860290 0.681033
vt 0.848520 0.689131
vt 0.881023 0.382638
vt 0.890940 0.382027
vt 0.630139 0.770805
vt 0.628633 0.752246
vt 0.334960 0.779739
vt 0.322611 0.789554
vt 0.386197 0.492517
vt 0.396114 0.488963
vt 0.367413 0.490919
vt 0.358546 0.485767
vt 0.877281 0.688569
vt 0.909784 0.382076
vt 0.848520 0.004167
vt 0.859294 0.009190
vt 0.451174 0.766710
vt 0.454941 0.749783
vt 0.381874 0.094608
vt 0.392209 0.096905
vt 0.363508 0.098860
vt 0.355476 0.105410
vt 0.877281 0.003605
vt 0.929733 0.715929
vt 0.916994 0.724392
vt 0.930796 0.527299
vt 0.941180 0.526662
vt 0.432421 0.553963
vt 0.440957 0.552689
vt 0.434742 0.775174
vt 0.413604 0.554599
vt 0.422076 0.766710
vt 0.403324 0.553963
vt 0.261326 0.055090
vt 0.261840 0.036536
vt 0.946189 0.724392
vt 0.959990 0.527299
vt 0.941181 0.201335
vt 0.930796 0.200699
vt 0.929733 0.012069
vt 0.731383 0.552690
vt 0.739919 0.553963
vt 0.721167 0.766711
vt 0.717400 0.749783
vt 0.758736 0.554600
vt 0.737599 0.775174
vt 0.769017 0.553963
vt 0.750264 0.766711
vt 0.104864 0.003605
vt 0.105564 0.022414
vt 0.003605 0.023358
vt 0.959991 0.200699
vt 0.946189 0.003605
vt 0.030126 0.037286
vt 0.031207 0.411462
vt 0.542202 0.770805
vt 0.543708 0.752246
vt 0.812873 0.005031
vt 0.823363 0.003605
vt 0.785812 0.399762
vt 0.776227 0.395392
vt 0.841310 0.009377
vt 0.804664 0.399739
vt 0.012439 0.413159
vt 0.003605 0.414598
vt 0.100323 0.713680
vt 0.087890 0.706642
vt 0.403324 0.639402
vt 0.411025 0.631187
vt 0.824359 0.701073
vt 0.812873 0.690261
vt 0.841310 0.694607
vt 0.071622 0.715636
vt 0.067789 0.731667
vt 0.429424 0.627080
vt 0.411025 0.147592
vt 0.429424 0.151699
vt 0.403324 0.139378
vt 0.967200 0.007712
vt 0.967200 0.507736
vt 0.996395 0.007712
vt 0.996395 0.507736
vt 0.302258 0.764019
vt 0.306260 0.781695
vt 0.440122 0.631187
vt 0.440122 0.147592
vt 0.860290 0.681033
vt 0.848520 0.689132
vt 0.881023 0.382638
vt 0.890941 0.382027
vt 0.542202 0.007974
vt 0.543707 0.026533
vt 0.334960 0.779739
vt 0.322611 0.789554
vt 0.386197 0.492517
vt 0.396114 0.488964
vt 0.367413 0.490919
vt 0.358546 0.485767
vt 0.877281 0.688570
vt 0.909785 0.382076
vt 0.848520 0.004167
vt 0.859294 0.009190
vt 0.721167 0.012069
vt 0.717400 0.028996
vt 0.381874 0.094608
vt 0.392209 0.096905
vt 0.363508 0.098860
vt 0.355476 0.105410
vt 0.877282 0.003605
vt 0.929733 0.715929
vt 0.916995 0.724392
vt 0.930796 0.527299
vt 0.941181 0.526662
vt 0.739919 0.224816
vt 0.731383 0.226090
vt 0.737599 0.003605
vt 0.758736 0.224180
vt 0.750264 0.012069
vt 0.769017 0.224816
vt 0.261326 0.055090
vt 0.261840 0.036536
vt 0.959991 0.527299
vt 0.782515 0.405867
vt 0.751233 0.351685
vt 0.807532 0.399164
vt 0.703753 0.295385
vt 0.580303 0.351685
vt 0.549020 0.468432
vt 0.580303 0.522615
vt 0.561989 0.540928
vt 0.634485 0.553897
vt 0.697050 0.553897
vt 0.751233 0.522615
vt 0.769547 0.540928
vt 0.782515 0.468432
vt 0.807532 0.475135
vt 0.092027 0.996048
vt 0.026234 0.996048
vt 0.010972 0.944248
vt 0.086441 0.944248
vt 0.233792 0.496048
vt 0.167998 0.496048
vt 0.173585 0.444248
vt 0.092027 0.496048
vt 0.086441 0.444248
vt 0.026234 0.496048
vt 0.010972 0.444248
vt 0.286260 0.503952
vt 0.352053 0.503952
vt 0.346467 0.555752
vt 0.270998 0.555752
vt 0.428024 0.503952
vt 0.433610 0.555752
vt 0.493817 0.503952
vt 0.509079 0.555752
vt 0.286260 0.003952
vt 0.352053 0.003952
vt 0.346467 0.055752
vt 0.270998 0.055752
vt 0.428024 0.003952
vt 0.433610 0.055752
vt 0.493817 0.003952
vt 0.509079 0.055752
vt 0.233792 0.996048
vt 0.167998 0.996048
vt 0.173585 0.944248
vt 0.249053 0.944248
vt 0.003952 0.870866
vt 0.083871 0.870866
vt 0.176154 0.370866
vt 0.083871 0.370866
vt 0.003952 0.370866
vt 0.343897 0.629134
vt 0.263978 0.629134
vt 0.436180 0.629134
vt 0.516099 0.629134
vt 0.343897 0.129134
vt 0.436180 0.129134
vt 0.516099 0.129134
vt 0.176154 0.870866
vt 0.256074 0.870866
vt 0.003952 0.629134
vt 0.083871 0.629134
vt 0.176154 0.129134
vt 0.256074 0.129134
vt 0.083871 0.129134
vt 0.003952 0.129134
vt 0.343897 0.870866
vt 0.436180 0.870866
vt 0.516099 0.870866
vt 0.436180 0.370866
vt 0.176154 0.629134
vt 0.256074 0.629134
vt 0.010972 0.555752
vt 0.086441 0.555752
vt 0.173585 0.055752
vt 0.249053 0.055752
vt 0.086441 0.055752
vt 0.010972 0.055752
vt 0.346467 0.944248
vt 0.270998 0.944248
vt 0.433610 0.944248
vt 0.509079 0.944248
vt 0.346467 0.444248
vt 0.270998 0.444248
vt 0.433610 0.444248
vt 0.509079 0.444248
vt 0.173585 0.555752
vt 0.249053 0.555752
vt 0.026234 0.503952
vt 0.092027 0.503952
vt 0.167998 0.003952
vt 0.233792 0.003952
vt 0.092027 0.003952
vt 0.026234 0.003952
vt 0.352053 0.996048
vt 0.428024 0.996048
vt 0.493817 0.996048
vt 0.352053 0.496048
vt 0.428024 0.496048
vt 0.493817 0.496048
vt 0.167999 0.503952
vt 0.233792 0.503952
vt 0.524003 0.107731
vt 0.549020 0.114434
vt 0.549020 0.176999
vt 0.561989 0.041938
vt 0.580303 0.060252
vt 0.627782 0.003952
vt 0.634485 0.028969
vt 0.703753 0.003952
vt 0.697050 0.028969
vt 0.769547 0.041938
vt 0.751233 0.060252
vt 0.807532 0.107731
vt 0.782515 0.114434
vt 0.807532 0.183702
vt 0.782515 0.176999
vt 0.769547 0.249495
vt 0.697050 0.262464
vt 0.627782 0.287481
vt 0.561989 0.249495
vt 0.822036 0.215298
vt 0.811164 0.370151
vt 0.003765 0.370151
vt 0.754909 0.495027
vt 0.089543 0.495027
vt 0.682044 0.581684
vt 0.676622 0.569075
vt 0.217134 0.569075
vt 0.587522 0.581684
vt 0.586225 0.569075
vt 0.061242 0.988115
vt 0.048964 0.993819
vt 0.003765 0.865565
vt 0.003765 0.717469
vt 0.017317 0.719557
vt 0.578695 0.215298
vt 0.048964 0.589214
vt 0.061242 0.594919
vt 0.487508 0.096127
vt 0.012690 0.617647
vt 0.012690 0.510621
vt 0.986444 0.187699
vt 0.923188 0.077567
vt 0.183858 0.003155
vt 0.816142 0.003155
vt 0.038070 0.617647
vt 0.038070 0.848257
vt 0.930703 0.432927
vt 0.012690 0.848257
vt 0.003155 0.853155
vt 0.012690 0.741230
vt 0.986444 0.314868
vt 0.022225 0.853155
vt 0.672804 0.450199
vt 0.659822 0.455171
vt 0.623437 0.334496
vt 0.637370 0.332677
vt 0.025834 0.215528
vt 0.018740 0.211889
vt 0.057026 0.084910
vt 0.062219 0.094854
vt 0.004808 0.210069
vt 0.044044 0.079939
vt 0.933210 0.911369
vt 0.919664 0.908244
vt 0.939983 0.777185
vt 0.954033 0.777057
vt 0.613821 0.211889
vt 0.606728 0.215528
vt 0.570343 0.094854
vt 0.575536 0.084910
vt 0.592795 0.217348
vt 0.557361 0.099825
vt 0.623437 0.195154
vt 0.637370 0.196973
vt 0.123338 0.011599
vt 0.125239 0.025182
vt 0.112002 0.004808
vt 0.919664 0.631978
vt 0.933210 0.628245
vt 0.507323 0.025182
vt 0.509224 0.011600
vt 0.789355 0.534458
vt 0.801523 0.539613
vt 0.750144 0.615315
vt 0.736599 0.612191
vt 0.659822 0.074479
vt 0.672804 0.079451
vt 0.199909 0.011599
vt 0.198008 0.025182
vt 0.004808 0.580179
vt 0.017790 0.575207
vt 0.057026 0.705337
vt 0.043094 0.707157
vt 0.864151 0.511531
vt 0.876319 0.504808
vt 0.434554 0.025183
vt 0.432653 0.011599
vt 0.731338 0.736614
vt 0.717288 0.736743
vt 0.722842 0.004808
vt 0.734178 0.011600
vt 0.266221 0.084910
vt 0.261028 0.094854
vt 0.057026 0.855598
vt 0.043094 0.853779
vt 0.421317 0.004808
vt 0.366341 0.084910
vt 0.353359 0.079939
vt 0.371533 0.094854
vt 0.750144 0.871008
vt 0.736598 0.874741
vt 0.248046 0.099826
vt 0.297413 0.215528
vt 0.283481 0.217348
vt 0.304507 0.211889
vt 0.017790 0.985728
vt 0.004808 0.980757
vt 0.328055 0.211889
vt 0.314123 0.210069
vt 0.335149 0.215528
vt 0.801523 0.982486
vt 0.789355 0.989209
vt 0.297413 0.354871
vt 0.283481 0.353051
vt 0.304507 0.358510
vt 0.864151 0.009963
vt 0.876319 0.004808
vt 0.933210 0.088632
vt 0.919664 0.091756
vt 0.328055 0.358510
vt 0.314123 0.360330
vt 0.335149 0.354871
vt 0.843199 0.004808
vt 0.854535 0.011599
vt 0.793161 0.079451
vt 0.780179 0.074479
vt 0.261028 0.475545
vt 0.248046 0.470573
vt 0.266221 0.485488
vt 0.954033 0.222943
vt 0.939983 0.222815
vt 0.366340 0.485489
vt 0.353358 0.490460
vt 0.371533 0.475545
vt 0.757727 0.196973
vt 0.743794 0.195154
vt 0.707672 0.984054
vt 0.695505 0.989209
vt 0.642748 0.911476
vt 0.656293 0.908351
vt 0.199909 0.558799
vt 0.198008 0.545216
vt 0.933210 0.371755
vt 0.919664 0.368022
vt 0.432653 0.558799
vt 0.421317 0.565591
vt 0.434553 0.545216
vt 0.757727 0.332677
vt 0.743794 0.334496
vt 0.623437 0.786924
vt 0.637487 0.787052
vt 0.123338 0.558799
vt 0.125239 0.545216
vt 0.876319 0.495192
vt 0.864151 0.488469
vt 0.079624 0.985728
vt 0.066642 0.980757
vt 0.104927 0.853778
vt 0.118860 0.855598
vt 0.507323 0.545216
vt 0.509223 0.558799
vt 0.793161 0.450199
vt 0.780179 0.455171
vt 0.642748 0.648926
vt 0.656293 0.652659
vt 0.057026 0.485488
vt 0.062219 0.475545
vt 0.112002 0.565591
vt 0.044044 0.490460
vt 0.104927 0.707157
vt 0.118860 0.705337
vt 0.570343 0.475545
vt 0.575536 0.485489
vt 0.854535 0.518051
vt 0.843199 0.524842
vt 0.695504 0.534458
vt 0.707672 0.541181
vt 0.018740 0.358510
vt 0.025834 0.354871
vt 0.004808 0.360330
vt 0.066642 0.580179
vt 0.079624 0.575207
vt 0.606728 0.354871
vt 0.613821 0.358510
vt 0.557361 0.470573
vt 0.592795 0.353051
vt 0.734178 0.518050
vt 0.722842 0.524842
vt 0.876319 0.995192
vt 0.864151 0.990037
vt 0.337020 0.355214
vt 0.322999 0.357045
vt 0.322999 0.216814
vt 0.337020 0.218645
vt 0.315860 0.360708
vt 0.315860 0.213151
vt 0.882460 0.092252
vt 0.868828 0.089108
vt 0.926082 0.004750
vt 0.938327 0.009937
vt 0.306361 0.362539
vt 0.292339 0.360708
vt 0.292339 0.213151
vt 0.306361 0.211319
vt 0.285201 0.357045
vt 0.285201 0.216814
vt 0.692309 0.615828
vt 0.678677 0.618973
vt 0.626970 0.542787
vt 0.639215 0.537600
vt 0.359616 0.095370
vt 0.372680 0.100373
vt 0.354390 0.085363
vt 0.057300 0.986745
vt 0.044236 0.991748
vt 0.004750 0.860788
vt 0.018771 0.858957
vt 0.253810 0.085363
vt 0.266874 0.080359
vt 0.248584 0.095370
vt 0.854434 0.965411
vt 0.842188 0.958645
vt 0.893895 0.846457
vt 0.907527 0.850213
vt 0.626970 0.011584
vt 0.638378 0.004750
vt 0.701800 0.074865
vt 0.688736 0.079869
vt 0.421125 0.011584
vt 0.423038 0.025254
vt 0.004750 0.709568
vt 0.018771 0.711400
vt 0.187074 0.011584
vt 0.198482 0.004750
vt 0.185161 0.025254
vt 0.912821 0.711206
vt 0.926961 0.711335
vt 0.738417 0.196309
vt 0.724396 0.198141
vt 0.498184 0.011585
vt 0.496272 0.025254
vt 0.044236 0.578608
vt 0.057300 0.583612
vt 0.826127 0.004750
vt 0.838372 0.011515
vt 0.782505 0.132731
vt 0.768873 0.128974
vt 0.111928 0.025254
vt 0.110015 0.011584
vt 0.893895 0.589133
vt 0.907527 0.585989
vt 0.738417 0.336541
vt 0.724396 0.334709
vt 0.564920 0.085363
vt 0.559694 0.095370
vt 0.509593 0.004750
vt 0.577985 0.080360
vt 0.762056 0.278864
vt 0.747917 0.278734
vt 0.048505 0.095370
vt 0.043279 0.085363
vt 0.842188 0.512948
vt 0.854434 0.507760
vt 0.701800 0.457985
vt 0.688736 0.452981
vt 0.603450 0.213151
vt 0.596311 0.216814
vt 0.617471 0.211320
vt 0.782505 0.410758
vt 0.768873 0.413903
vt 0.011888 0.216814
vt 0.004750 0.213151
vt 0.061570 0.100373
vt 0.025910 0.218645
vt 0.638378 0.528100
vt 0.626970 0.521266
vt 0.603449 0.360708
vt 0.596311 0.357045
vt 0.617471 0.362539
vt 0.838372 0.493073
vt 0.826127 0.498261
vt 0.011888 0.357045
vt 0.004750 0.360708
vt 0.025910 0.355214
vt 0.747917 0.514526
vt 0.760162 0.507760
vt 0.813255 0.622958
vt 0.799623 0.626715
vt 0.564920 0.488496
vt 0.559694 0.478489
vt 0.577984 0.493499
vt 0.975946 0.507760
vt 0.989011 0.512764
vt 0.950481 0.640552
vt 0.936460 0.638720
vt 0.048505 0.478489
vt 0.043279 0.488496
vt 0.061570 0.473485
vt 0.832689 0.761836
vt 0.818549 0.761966
vt 0.498184 0.562274
vt 0.496271 0.548605
vt 0.509592 0.569109
vt 0.950481 0.788109
vt 0.936460 0.789940
vt 0.111928 0.548605
vt 0.110015 0.562274
vt 0.123336 0.541770
vt 0.813255 0.887183
vt 0.799623 0.884038
vt 0.421125 0.562274
vt 0.423038 0.548605
vt 0.938327 0.491495
vt 0.926082 0.498261
vt 0.868828 0.374037
vt 0.882460 0.370280
vt 0.989011 0.915897
vt 0.975946 0.920900
vt 0.185161 0.548605
vt 0.187074 0.562274
vt 0.639215 0.995250
vt 0.626970 0.988485
vt 0.678677 0.876296
vt 0.692309 0.880053
vt 0.760162 0.965411
vt 0.747917 0.960223
vt 0.354389 0.488496
vt 0.359615 0.478489
vt 0.847871 0.224276
vt 0.862011 0.224147
vt 0.198483 0.569109
vt 0.253810 0.488496
vt 0.266874 0.493499
vt 0.248584 0.478489
vt 0.697603 0.741045
vt 0.711742 0.741175
vt 0.372680 0.473485
vt 0.941180 0.526662
vt 0.959990 0.527299
vt 0.946189 0.724393
vt 0.929733 0.715929
vt 0.294155 0.022414
vt 0.294855 0.003605
vt 0.396114 0.023358
vt 0.388000 0.033296
vt 0.769017 0.224816
vt 0.758736 0.224180
vt 0.737599 0.003605
vt 0.750264 0.012069
vt 0.739919 0.224816
vt 0.721167 0.012069
vt 0.731383 0.226089
vt 0.717400 0.028996
vt 0.930796 0.527299
vt 0.369592 0.037286
vt 0.387279 0.413159
vt 0.368512 0.411462
vt 0.396114 0.414598
vt 0.776227 0.009377
vt 0.831725 0.399762
vt 0.812873 0.399739
vt 0.804663 0.005031
vt 0.841310 0.395393
vt 0.543707 0.026533
vt 0.542202 0.007974
vt 0.359299 0.031340
vt 0.358579 0.411204
vt 0.328096 0.715636
vt 0.311829 0.706642
vt 0.331930 0.731667
vt 0.793177 0.701073
vt 0.776227 0.694607
vt 0.804663 0.690261
vt 0.411025 0.147592
vt 0.403324 0.139377
vt 0.299396 0.713680
vt 0.429424 0.151699
vt 0.440122 0.147592
vt 0.440122 0.631187
vt 0.429424 0.627080
vt 0.093459 0.781695
vt 0.097460 0.764019
vt 0.996395 0.507736
vt 0.977997 0.511844
vt 0.977997 0.003605
vt 0.967200 0.507736
vt 0.967200 0.007712
vt 0.411025 0.631187
vt 0.403324 0.639402
vt 0.898014 0.681033
vt 0.881023 0.688570
vt 0.848520 0.382076
vt 0.032305 0.490919
vt 0.041173 0.485767
vt 0.077108 0.789554
vt 0.013521 0.492517
vt 0.064758 0.779739
vt 0.003605 0.488964
vt 0.543707 0.752246
vt 0.542202 0.770805
vt 0.909784 0.689132
vt 0.877281 0.382638
vt 0.881023 0.003605
vt 0.899011 0.009190
vt 0.036211 0.098860
vt 0.044242 0.105410
vt 0.017845 0.094608
vt 0.007510 0.096905
vt 0.717400 0.749783
vt 0.721167 0.766710
vt 0.909784 0.004167
vt 0.929733 0.012069
vt 0.946189 0.003605
vt 0.959990 0.200699
vt 0.941180 0.201335
vt 0.137879 0.036536
vt 0.138393 0.055090
vt 0.750264 0.766710
vt 0.737599 0.775174
vt 0.758736 0.554599
vt 0.769017 0.553963
vt 0.739919 0.553963
vt 0.731383 0.552689
vt 0.930796 0.200699
vt 0.941180 0.526662
vt 0.959991 0.527299
vt 0.946189 0.724393
vt 0.929733 0.715929
vt 0.294155 0.022414
vt 0.294855 0.003605
vt 0.396114 0.023358
vt 0.388000 0.033296
vt 0.403324 0.553963
vt 0.413604 0.554600
vt 0.434742 0.775174
vt 0.422076 0.766711
vt 0.432421 0.553963
vt 0.451174 0.766711
vt 0.440957 0.552690
vt 0.454941 0.749783
vt 0.930796 0.527299
vt 0.916994 0.724393
vt 0.369592 0.037286
vt 0.387279 0.413159
vt 0.368512 0.411462
vt 0.396114 0.414598
vt 0.776227 0.009377
vt 0.794173 0.003605
vt 0.831725 0.399762
vt 0.812873 0.399739
vt 0.804663 0.005031
vt 0.841310 0.395393
vt 0.628633 0.752246
vt 0.630139 0.770805
vt 0.359299 0.031340
vt 0.358579 0.411204
vt 0.311829 0.706642
vt 0.331930 0.731667
vt 0.793177 0.701073
vt 0.776227 0.694607
vt 0.804664 0.690261
vt 0.761316 0.631187
vt 0.769017 0.639402
vt 0.299396 0.713680
vt 0.742916 0.627080
vt 0.732218 0.631187
vt 0.732218 0.147592
vt 0.742916 0.151699
vt 0.093459 0.781695
vt 0.097460 0.764019
vt 0.977997 0.003605
vt 0.996395 0.007712
vt 0.967200 0.007712
vt 0.761316 0.147592
vt 0.769017 0.139378
vt 0.898014 0.681033
vt 0.881023 0.688569
vt 0.848520 0.382076
vt 0.867364 0.382027
vt 0.032305 0.490919
vt 0.041173 0.485767
vt 0.077108 0.789554
vt 0.013521 0.492517
vt 0.064758 0.779739
vt 0.003605 0.488964
vt 0.628633 0.026533
vt 0.630139 0.007974
vt 0.909785 0.689131
vt 0.877281 0.382638
vt 0.881023 0.003605
vt 0.899011 0.009190
vt 0.036211 0.098860
vt 0.044242 0.105410
vt 0.017845 0.094608
vt 0.007510 0.096905
vt 0.454941 0.028996
vt 0.451174 0.012069
vt 0.909785 0.004167
vt 0.929733 0.012069
vt 0.946189 0.003605
vt 0.959990 0.200699
vt 0.941180 0.201335
vt 0.137879 0.036536
vt 0.138393 0.055090
vt 0.422077 0.012069
vt 0.434742 0.003605
vt 0.413604 0.224180
vt 0.403324 0.224816
vt 0.432421 0.224816
vt 0.440957 0.226090
vt 0.916994 0.003605
vt 0.930796 0.200699
vt 0.165934 0.009075
vt 0.160728 0.005393
vt 0.165934 0.001712
vt 0.112681 0.702718
vt 0.117887 0.699037
vt 0.117887 0.706399
vt 0.200145 0.009075
vt 0.200145 0.001712
vt 0.205351 0.005393
vt 0.152098 0.699037
vt 0.157304 0.702718
vt 0.152098 0.706399
vt 0.053772 0.993082
vt 0.048566 0.998288
vt 0.048566 0.993082
vt 0.001712 0.993082
vt 0.006918 0.993082
vt 0.006918 0.998288
vt 0.109256 0.006918
vt 0.104050 0.006918
vt 0.104050 0.001712
vt 0.057197 0.006918
vt 0.062403 0.001712
vt 0.062403 0.006918
vt 0.048566 0.006918
vt 0.006918 0.006918
vt 0.006918 0.001712
vt 0.048566 0.001712
vt 0.062402 0.993082
vt 0.104050 0.993082
vt 0.104050 0.998288
vt 0.062402 0.998288
vt 0.109256 0.993082
vt 0.057196 0.993082
vt 0.194939 0.761883
vt 0.160728 0.761883
vt 0.160728 0.756677
vt 0.194939 0.756677
vt 0.160728 0.709823
vt 0.194939 0.709823
vt 0.194939 0.715029
vt 0.160728 0.715029
vt 0.053772 0.006918
vt 0.001712 0.006918
vt 0.200145 0.706399
vt 0.165934 0.706399
vt 0.117887 0.735848
vt 0.152098 0.735848
vt 0.152098 0.001712
vt 0.117887 0.001712
vt 0.112613 0.007615
vt 0.112613 0.002240
vt 0.117989 0.007615
vt 0.127844 0.002240
vt 0.127844 0.007615
vt 0.122468 0.007615
vt 0.112613 0.992385
vt 0.117989 0.992385
vt 0.112613 0.997760
vt 0.127844 0.992385
vt 0.127844 0.997760
vt 0.122468 0.992385
vt 0.283012 0.788704
vt 0.288388 0.784903
vt 0.288388 0.792505
vt 0.329599 0.788704
vt 0.324223 0.792505
vt 0.324223 0.784903
vt 0.283012 0.080286
vt 0.288388 0.076485
vt 0.288388 0.084087
vt 0.329599 0.080286
vt 0.324223 0.084087
vt 0.324223 0.076485
vt 0.278533 0.997760
vt 0.242697 0.997760
vt 0.242697 0.992385
vt 0.278533 0.992385
vt 0.242697 0.002240
vt 0.278533 0.002240
vt 0.278533 0.007615
vt 0.242697 0.007615
vt 0.007615 0.992385
vt 0.007615 0.997760
vt 0.232842 0.992385
vt 0.232842 0.997760
vt 0.007615 0.007615
vt 0.002240 0.992385
vt 0.002240 0.007615
vt 0.232842 0.007615
vt 0.238217 0.007615
vt 0.238217 0.992385
vt 0.007615 0.002240
vt 0.232842 0.002240
vt 0.324223 0.866750
vt 0.288388 0.866750
vt 0.288388 0.002240
vt 0.324223 0.002240
vt 0.324223 0.780424
vt 0.288388 0.780424
vt 0.057141 0.998762
vt 0.046567 0.999010
vt 0.035551 0.530746
vt 0.046129 0.530746
vt 0.023010 0.000987
vt 0.033576 0.001484
vt 0.011565 0.469207
vt 0.000987 0.469207
vt 0.059116 0.001236
vt 0.069690 0.000987
vt 0.080703 0.469002
vt 0.070126 0.469002
vt 0.046566 0.000987
vt 0.057141 0.001207
vt 0.033576 0.998573
vt 0.023008 0.999013
vt 0.069691 0.998542
vt 0.059116 0.998322
vt 0.091838 0.024117
vt 0.082677 0.018828
vt 0.091838 0.013539
vt 0.082678 0.000987
vt 0.091839 0.006276
vt 0.082678 0.011565
vt 0.057142 0.998761
vt 0.046567 0.999010
vt 0.035551 0.530746
vt 0.046129 0.530746
vt 0.023011 0.000987
vt 0.033577 0.001484
vt 0.011565 0.469207
vt 0.000987 0.469207
vt 0.059116 0.001236
vt 0.069691 0.000987
vt 0.080704 0.469003
vt 0.070126 0.469003
vt 0.046566 0.000987
vt 0.057142 0.001207
vt 0.033577 0.998573
vt 0.023008 0.999013
vt 0.069691 0.998542
vt 0.059116 0.998322
vt 0.091838 0.011565
vt 0.082678 0.006276
vt 0.091838 0.000987
vt 0.082678 0.013539
vt 0.091839 0.018828
vt 0.082678 0.024117
vt 0.688165 0.292366
vt 0.656256 0.003362
vt 0.871646 0.105776
vt 0.598470 0.996638
vt 0.304278 0.996638
vt 0.304278 0.869249
vt 0.598470 0.869249
vt 0.218752 0.480359
vt 0.250661 0.191355
vt 0.434142 0.377945
vt 0.871646 0.344274
vt 0.304278 0.614471
vt 0.598470 0.614471
vt 0.434142 0.139446
vt 0.656256 0.480358
vt 0.304278 0.487082
vt 0.598470 0.487082
vt 0.218752 0.003362
vt 0.440866 0.377944
vt 0.297554 0.996638
vt 0.003362 0.996638
vt 0.003362 0.869249
vt 0.297554 0.869249
vt 0.003362 0.105776
vt 0.440866 0.139446
vt 0.003362 0.614471
vt 0.297554 0.614471
vt 0.003362 0.344274
vt 0.003362 0.487082
vt 0.297554 0.487082
vt 0.111260 0.007535
vt 0.111260 0.002225
vt 0.116570 0.007535
vt 0.126331 0.002225
vt 0.126331 0.007535
vt 0.121020 0.007535
vt 0.111260 0.992465
vt 0.116570 0.992465
vt 0.111260 0.997775
vt 0.126331 0.992465
vt 0.126331 0.997775
vt 0.121020 0.992465
vt 0.279667 0.787734
vt 0.284977 0.783980
vt 0.284977 0.791489
vt 0.325688 0.787734
vt 0.320378 0.791489
vt 0.320378 0.783980
vt 0.279667 0.079324
vt 0.284977 0.075570
vt 0.284977 0.083079
vt 0.325688 0.079324
vt 0.320378 0.083079
vt 0.320378 0.075570
vt 0.275216 0.997775
vt 0.239816 0.997775
vt 0.239816 0.992465
vt 0.275216 0.992465
vt 0.239816 0.002225
vt 0.275216 0.002225
vt 0.275216 0.007535
vt 0.239816 0.007535
vt 0.007535 0.992465
vt 0.007535 0.997775
vt 0.230055 0.992465
vt 0.230055 0.997775
vt 0.007535 0.007535
vt 0.002225 0.992465
vt 0.002225 0.007535
vt 0.230055 0.007535
vt 0.235365 0.007535
vt 0.235365 0.992465
vt 0.007535 0.002225
vt 0.230055 0.002225
vt 0.320378 0.864833
vt 0.284977 0.864833
vt 0.284977 0.002225
vt 0.320378 0.002225
vt 0.320378 0.779529
vt 0.284977 0.779529
vt 0.057141 0.998761
vt 0.046566 0.999010
vt 0.035551 0.530746
vt 0.046129 0.530746
vt 0.023011 0.000987
vt 0.033577 0.001484
vt 0.011565 0.469207
vt 0.000987 0.469207
vt 0.059115 0.001236
vt 0.069690 0.000987
vt 0.080703 0.469003
vt 0.070125 0.469003
vt 0.046566 0.000987
vt 0.057141 0.001207
vt 0.033577 0.998574
vt 0.023008 0.999013
vt 0.069691 0.998542
vt 0.059115 0.998322
vt 0.091838 0.006276
vt 0.082677 0.011565
vt 0.082677 0.000987
vt 0.082677 0.013539
vt 0.091838 0.018828
vt 0.082677 0.024117
vt 0.057141 0.998762
vt 0.046566 0.999010
vt 0.035551 0.530746
vt 0.046129 0.530746
vt 0.023011 0.000987
vt 0.033577 0.001484
vt 0.011565 0.469208
vt 0.000987 0.469207
vt 0.059116 0.001235
vt 0.069690 0.000987
vt 0.080703 0.469002
vt 0.070126 0.469002
vt 0.046566 0.000987
vt 0.057141 0.001207
vt 0.033577 0.998574
vt 0.023008 0.999013
vt 0.069691 0.998542
vt 0.059116 0.998322
vt 0.091838 0.011565
vt 0.082678 0.006276
vt 0.091838 0.000987
vt 0.091838 0.013539
vt 0.091838 0.024117
vt 0.082677 0.018828
vt 0.112178 0.007590
vt 0.112178 0.002235
vt 0.117533 0.007590
vt 0.127357 0.002235
vt 0.127357 0.007590
vt 0.122003 0.007590
vt 0.112178 0.992410
vt 0.117533 0.992410
vt 0.112178 0.997765
vt 0.127357 0.992410
vt 0.127357 0.997765
vt 0.122003 0.992410
vt 0.281937 0.788392
vt 0.287291 0.784606
vt 0.287291 0.792179
vt 0.328341 0.788392
vt 0.322987 0.792179
vt 0.322987 0.784606
vt 0.281937 0.079977
vt 0.287291 0.076191
vt 0.287291 0.083763
vt 0.328341 0.079977
vt 0.322987 0.083763
vt 0.322987 0.076191
vt 0.277466 0.997765
vt 0.241771 0.997765
vt 0.241771 0.992410
vt 0.277466 0.992410
vt 0.241771 0.002235
vt 0.277467 0.002235
vt 0.277467 0.007590
vt 0.241771 0.007590
vt 0.007590 0.992410
vt 0.007590 0.997765
vt 0.231946 0.992410
vt 0.231946 0.997765
vt 0.007590 0.007590
vt 0.002235 0.992410
vt 0.002235 0.007590
vt 0.231946 0.007590
vt 0.237300 0.007590
vt 0.237300 0.992410
vt 0.007590 0.002235
vt 0.231946 0.002235
vt 0.322987 0.866134
vt 0.287291 0.866134
vt 0.287291 0.002235
vt 0.322987 0.002235
vt 0.322987 0.780136
vt 0.287291 0.780136
vt 0.057141 0.998761
vt 0.046567 0.999010
vt 0.035551 0.530746
vt 0.046129 0.530746
vt 0.023011 0.000987
vt 0.033577 0.001485
vt 0.011565 0.469207
vt 0.000987 0.469207
vt 0.059115 0.001236
vt 0.069690 0.000987
vt 0.080703 0.469002
vt 0.070125 0.469002
vt 0.046566 0.000987
vt 0.057141 0.001207
vt 0.033577 0.998573
vt 0.023008 0.999013
vt 0.069691 0.998541
vt 0.059115 0.998322
vt 0.091838 0.011565
vt 0.082677 0.006276
vt 0.091838 0.000987
vt 0.091838 0.013539
vt 0.091838 0.024117
vt 0.082677 0.018828
vt 0.057141 0.998762
vt 0.046566 0.999010
vt 0.035551 0.530746
vt 0.046128 0.530746
vt 0.023011 0.000987
vt 0.033576 0.001484
vt 0.011565 0.469207
vt 0.000987 0.469207
vt 0.059115 0.001235
vt 0.069690 0.000987
vt 0.080703 0.469002
vt 0.070125 0.469002
vt 0.046565 0.000987
vt 0.057141 0.001207
vt 0.033576 0.998574
vt 0.023008 0.999013
vt 0.069691 0.998542
vt 0.059115 0.998322
vt 0.082677 0.024117
vt 0.082677 0.013539
vt 0.091837 0.018828
vt 0.082677 0.000987
vt 0.091838 0.006276
vt 0.082677 0.011565
vt 0.112952 0.007635
vt 0.112952 0.002244
vt 0.118344 0.007635
vt 0.128222 0.002244
vt 0.128222 0.007635
vt 0.122831 0.007635
vt 0.112952 0.992365
vt 0.118344 0.992365
vt 0.112952 0.997756
vt 0.128222 0.992365
vt 0.128222 0.997756
vt 0.122831 0.992365
vt 0.283849 0.788947
vt 0.289241 0.785134
vt 0.289241 0.792759
vt 0.330577 0.788947
vt 0.325185 0.792759
vt 0.325185 0.785134
vt 0.283849 0.080526
vt 0.289241 0.076714
vt 0.289241 0.084339
vt 0.330577 0.080526
vt 0.325185 0.084339
vt 0.325185 0.076714
vt 0.279362 0.997756
vt 0.243418 0.997756
vt 0.243418 0.992365
vt 0.279362 0.992365
vt 0.243418 0.002244
vt 0.279362 0.002244
vt 0.279362 0.007635
vt 0.243418 0.007635
vt 0.007635 0.992365
vt 0.007635 0.997756
vt 0.233539 0.992365
vt 0.233539 0.997756
vt 0.007635 0.007635
vt 0.002244 0.992365
vt 0.002244 0.007635
vt 0.233539 0.007635
vt 0.238931 0.007635
vt 0.238931 0.992365
vt 0.007635 0.002244
vt 0.233539 0.002244
vt 0.325185 0.867230
vt 0.289241 0.867230
vt 0.289241 0.002244
vt 0.325185 0.002244
vt 0.325185 0.780647
vt 0.289241 0.780647
vt 0.057141 0.998761
vt 0.046566 0.999010
vt 0.035551 0.530746
vt 0.046129 0.530746
vt 0.023011 0.000987
vt 0.033577 0.001484
vt 0.011565 0.469207
vt 0.000987 0.469207
vt 0.059115 0.001236
vt 0.069690 0.000987
vt 0.080703 0.469003
vt 0.070125 0.469003
vt 0.046566 0.000987
vt 0.057141 0.001207
vt 0.033577 0.998574
vt 0.023008 0.999013
vt 0.069691 0.998542
vt 0.059115 0.998322
vt 0.091838 0.011565
vt 0.082677 0.006276
vt 0.091838 0.000987
vt 0.091837 0.013539
vt 0.091837 0.024117
vt 0.082677 0.018828
vt 0.057141 0.998761
vt 0.046567 0.999010
vt 0.046129 0.530746
vt 0.023011 0.000987
vt 0.033577 0.001484
vt 0.011565 0.469207
vt 0.000987 0.469207
vt 0.069690 0.000987
vt 0.080703 0.469003
vt 0.070125 0.469003
vt 0.046566 0.000987
vt 0.057141 0.001207
vt 0.033577 0.998574
vt 0.023008 0.999013
vt 0.069691 0.998542
vt 0.059115 0.998322
vt 0.091838 0.024117
vt 0.082677 0.018828
vt 0.091838 0.013539
vt 0.091838 0.000987
vt 0.091838 0.011565
vt 0.082677 0.006276
vt 0.111500 0.007550
vt 0.111500 0.002228
vt 0.116822 0.007550
vt 0.126600 0.002228
vt 0.126600 0.007550
vt 0.121278 0.007550
vt 0.111500 0.992450
vt 0.116822 0.992450
vt 0.111500 0.997772
vt 0.126600 0.992450
vt 0.126600 0.997772
vt 0.121278 0.992450
vt 0.280262 0.787907
vt 0.285584 0.784144
vt 0.285584 0.791670
vt 0.326383 0.787907
vt 0.321062 0.791670
vt 0.321062 0.784144
vt 0.280262 0.079495
vt 0.285584 0.075732
vt 0.285584 0.083258
vt 0.326383 0.079495
vt 0.321062 0.083258
vt 0.321062 0.075732
vt 0.275806 0.997772
vt 0.240328 0.997772
vt 0.240328 0.992450
vt 0.275806 0.992450
vt 0.240328 0.002228
vt 0.275806 0.002228
vt 0.275806 0.007550
vt 0.240328 0.007550
vt 0.007550 0.992450
vt 0.007550 0.997772
vt 0.230550 0.992450
vt 0.230550 0.997772
vt 0.007550 0.007550
vt 0.002228 0.992450
vt 0.002228 0.007550
vt 0.230550 0.007550
vt 0.235872 0.007550
vt 0.235872 0.992450
vt 0.007550 0.002228
vt 0.230550 0.002228
vt 0.321062 0.865174
vt 0.285584 0.865174
vt 0.285584 0.002228
vt 0.321062 0.002228
vt 0.321062 0.779688
vt 0.285584 0.779688
vt 0.057141 0.998762
vt 0.046566 0.999010
vt 0.035551 0.530746
vt 0.046129 0.530746
vt 0.023011 0.000987
vt 0.033577 0.001484
vt 0.011565 0.469207
vt 0.000987 0.469207
vt 0.059116 0.001236
vt 0.069690 0.000987
vt 0.080703 0.469003
vt 0.070125 0.469003
vt 0.046566 0.000987
vt 0.057141 0.001207
vt 0.033577 0.998574
vt 0.023008 0.999013
vt 0.069691 0.998542
vt 0.059116 0.998322
vt 0.091838 0.011565
vt 0.082677 0.006276
vt 0.091838 0.000987
vt 0.082677 0.013539
vt 0.091838 0.018828
vt 0.082677 0.024117
vt 0.057141 0.998761
vt 0.046566 0.999010
vt 0.035551 0.530746
vt 0.046129 0.530746
vt 0.023010 0.000987
vt 0.033576 0.001484
vt 0.011565 0.469207
vt 0.000987 0.469207
vt 0.059116 0.001236
vt 0.069691 0.000987
vt 0.080703 0.469003
vt 0.070126 0.469003
vt 0.046566 0.000987
vt 0.057141 0.001207
vt 0.033576 0.998573
vt 0.023008 0.999013
vt 0.069691 0.998542
vt 0.059116 0.998322
vt 0.091838 0.024117
vt 0.082678 0.018828
vt 0.091838 0.013539
vt 0.091838 0.000987
vt 0.091838 0.011565
vt 0.082677 0.006276
vt 0.111068 0.007524
vt 0.111068 0.002223
vt 0.116369 0.007524
vt 0.126117 0.002223
vt 0.126117 0.007524
vt 0.120816 0.007524
vt 0.111068 0.992476
vt 0.116369 0.992476
vt 0.111068 0.997777
vt 0.126117 0.992476
vt 0.126117 0.997777
vt 0.120816 0.992476
vt 0.279194 0.787597
vt 0.284495 0.783849
vt 0.284495 0.791345
vt 0.325135 0.787597
vt 0.319834 0.791345
vt 0.319834 0.783849
vt 0.279194 0.079188
vt 0.284495 0.075440
vt 0.284495 0.082937
vt 0.325135 0.079188
vt 0.319834 0.082937
vt 0.319834 0.075440
vt 0.274747 0.997777
vt 0.239408 0.997777
vt 0.239408 0.992476
vt 0.274747 0.992476
vt 0.239408 0.002223
vt 0.274747 0.002223
vt 0.274747 0.007524
vt 0.239408 0.007524
vt 0.007524 0.992476
vt 0.007524 0.997777
vt 0.229661 0.992476
vt 0.229661 0.997777
vt 0.007524 0.007524
vt 0.002223 0.992476
vt 0.002223 0.007524
vt 0.229661 0.007524
vt 0.234962 0.007524
vt 0.234962 0.992476
vt 0.007524 0.002223
vt 0.229661 0.002223
vt 0.319834 0.864562
vt 0.284495 0.864562
vt 0.284495 0.002223
vt 0.319834 0.002223
vt 0.319834 0.779402
vt 0.284495 0.779402
vt 0.057141 0.998762
vt 0.046566 0.999010
vt 0.035551 0.530746
vt 0.046128 0.530746
vt 0.023010 0.000987
vt 0.033576 0.001484
vt 0.011565 0.469207
vt 0.000987 0.469207
vt 0.059115 0.001236
vt 0.069690 0.000987
vt 0.080703 0.469003
vt 0.070125 0.469003
vt 0.046565 0.000987
vt 0.057141 0.001207
vt 0.033576 0.998574
vt 0.023008 0.999013
vt 0.069690 0.998542
vt 0.059115 0.998322
vt 0.091838 0.006276
vt 0.082677 0.011565
vt 0.082677 0.000987
vt 0.091838 0.013539
vt 0.091838 0.024117
vt 0.082677 0.018828
vt 0.057141 0.998762
vt 0.046566 0.999010
vt 0.035551 0.530746
vt 0.046129 0.530746
vt 0.023010 0.000987
vt 0.033576 0.001484
vt 0.011565 0.469207
vt 0.000987 0.469207
vt 0.059115 0.001236
vt 0.069690 0.000987
vt 0.080703 0.469003
vt 0.070125 0.469003
vt 0.046566 0.000987
vt 0.057141 0.001207
vt 0.033576 0.998573
vt 0.023008 0.999013
vt 0.069691 0.998542
vt 0.059115 0.998322
vt 0.091837 0.006276
vt 0.082677 0.011565
vt 0.082677 0.000987
vt 0.091837 0.013539
vt 0.091837 0.024117
vt 0.082677 0.018828
vt 0.057141 0.998761
vt 0.046566 0.999010
vt 0.035551 0.530746
vt 0.046129 0.530746
vt 0.023010 0.000987
vt 0.033576 0.001484
vt 0.011565 0.469207
vt 0.000987 0.469207
vt 0.059115 0.001236
vt 0.069690 0.000987
vt 0.080703 0.469003
vt 0.070125 0.469003
vt 0.046565 0.000987
vt 0.057141 0.001207
vt 0.033576 0.998573
vt 0.023008 0.999013
vt 0.069691 0.998542
vt 0.059115 0.998322
vt 0.091837 0.018828
vt 0.082677 0.024117
vt 0.082677 0.013539
vt 0.082677 0.000987
vt 0.091837 0.006276
vt 0.082677 0.011565
vt 0.057141 0.998761
vt 0.046566 0.999010
vt 0.035551 0.530746
vt 0.046129 0.530746
vt 0.023011 0.000987
vt 0.033577 0.001484
vt 0.011565 0.469207
vt 0.000987 0.469207
vt 0.059115 0.001236
vt 0.069690 0.000987
vt 0.080703 0.469003
vt 0.070125 0.469003
vt 0.046566 0.000987
vt 0.057141 0.001207
vt 0.033577 0.998574
vt 0.023008 0.999013
vt 0.069691 0.998542
vt 0.059115 0.998322
vt 0.091838 0.006276
vt 0.082677 0.011565
vt 0.082677 0.000987
vt 0.091838 0.013539
vt 0.091838 0.024117
vt 0.082677 0.018828
vt 0.112159 0.007588
vt 0.112159 0.002235
vt 0.117513 0.007588
vt 0.127336 0.002235
vt 0.127336 0.007588
vt 0.121983 0.007588
vt 0.112159 0.992412
vt 0.117513 0.992412
vt 0.112159 0.997765
vt 0.127336 0.992412
vt 0.127336 0.997765
vt 0.121983 0.992412
vt 0.281890 0.788379
vt 0.287243 0.784593
vt 0.287243 0.792164
vt 0.328286 0.788379
vt 0.322933 0.792164
vt 0.322933 0.784593
vt 0.281890 0.079963
vt 0.287243 0.076178
vt 0.287243 0.083749
vt 0.328286 0.079963
vt 0.322933 0.083749
vt 0.322933 0.076178
vt 0.277420 0.997765
vt 0.241730 0.997765
vt 0.241730 0.992412
vt 0.277420 0.992412
vt 0.241730 0.002235
vt 0.277420 0.002235
vt 0.277420 0.007588
vt 0.241730 0.007588
vt 0.007588 0.992412
vt 0.007588 0.997765
vt 0.231907 0.992412
vt 0.231907 0.997765
vt 0.007588 0.007588
vt 0.002235 0.992412
vt 0.002235 0.007588
vt 0.231907 0.007588
vt 0.237260 0.007588
vt 0.237260 0.992412
vt 0.007588 0.002235
vt 0.231907 0.002235
vt 0.322933 0.866107
vt 0.287243 0.866107
vt 0.287243 0.002235
vt 0.322933 0.002235
vt 0.322933 0.780123
vt 0.287243 0.780123
vt 0.057141 0.998761
vt 0.046567 0.999010
vt 0.035551 0.530746
vt 0.046129 0.530746
vt 0.023011 0.000987
vt 0.033577 0.001484
vt 0.011565 0.469207
vt 0.000987 0.469207
vt 0.059116 0.001236
vt 0.069690 0.000987
vt 0.080704 0.469003
vt 0.070126 0.469003
vt 0.046566 0.000987
vt 0.057141 0.001207
vt 0.033577 0.998574
vt 0.023008 0.999013
vt 0.069692 0.998542
vt 0.059116 0.998322
vt 0.091838 0.006276
vt 0.082678 0.011565
vt 0.082678 0.000987
vt 0.082678 0.013540
vt 0.091839 0.018829
vt 0.082678 0.024117
vt 0.057141 0.998762
vt 0.046566 0.999010
vt 0.035551 0.530746
vt 0.046129 0.530746
vt 0.023011 0.000987
vt 0.033577 0.001484
vt 0.011565 0.469207
vt 0.000987 0.469207
vt 0.059116 0.001236
vt 0.069690 0.000987
vt 0.080703 0.469003
vt 0.070126 0.469003
vt 0.046566 0.000987
vt 0.057141 0.001207
vt 0.033577 0.998574
vt 0.023008 0.999013
vt 0.069691 0.998542
vt 0.059116 0.998322
vt 0.091839 0.018828
vt 0.082678 0.024117
vt 0.082678 0.013540
vt 0.091838 0.006276
vt 0.082678 0.011565
vt 0.082678 0.000987
s 0
usemtl Wood_light
f 1/1/1 2/2/1 3/3/1
f 4/4/2 5/5/2 6/6/2
f 7/7/3 8/8/3 9/9/3
f 10/10/4 11/11/4 12/12/4
f 13/13/5 14/14/5 15/15/5
f 16/16/6 17/17/6 18/18/6
f 19/19/7 20/20/7 21/21/7
f 22/22/8 23/23/8 24/24/8
f 7/7/9 1/1/9 3/3/9 8/8/9
f 2/25/10 4/26/10 6/27/10 3/28/10
f 5/5/11 10/10/11 12/12/11 6/6/11
f 11/29/12 9/30/12 8/31/12 12/32/12
f 19/33/13 7/7/13 9/9/13 20/34/13
f 10/10/14 22/35/14 24/36/14 11/11/14
f 23/23/15 21/21/15 20/20/15 24/24/15
f 13/37/16 19/33/16 21/38/16 14/39/16
f 22/35/17 16/40/17 18/41/17 23/42/17
f 17/17/18 15/15/18 14/14/18 18/18/18
f 1/1/19 13/37/19 15/43/19 2/2/19
f 16/40/20 5/5/20 4/4/20 17/44/20
f 7/7/21 19/33/21 13/37/21 1/1/21
f 3/28/22 6/27/22 12/32/22 8/31/22
f 15/15/23 17/17/23 4/45/23 2/46/23
f 22/35/24 10/10/24 5/5/24 16/40/24
f 9/47/25 11/48/25 24/24/25 20/20/25
f 21/21/26 23/23/26 18/49/26 14/50/26
f 2833/4727/235 2834/4728/235 2835/4729/235
f 2836/4730/236 2837/4731/236 2838/4732/236
f 2839/4733/237 2840/4734/237 2841/4735/237
f 2842/4736/238 2843/4737/238 2844/4738/238
f 2845/4739/5 2846/4740/5 2847/4741/5
f 2848/4742/6 2849/4743/6 2850/4744/6
f 2851/4745/7 2852/4746/7 2853/4747/7
f 2854/4748/8 2855/4749/8 2856/4750/8
f 2839/4733/9 2833/4727/9 2835/4729/9 2840/4734/9
f 2834/4751/10 2836/4752/10 2838/4753/10 2835/4754/10
f 2837/4731/11 2842/4736/11 2844/4738/11 2838/4732/11
f 2843/4755/12 2841/4756/12 2840/4757/12 2844/4758/12
f 2851/4759/13 2839/4733/13 2841/4735/13 2852/4760/13
f 2842/4736/14 2854/4761/14 2856/4762/14 2843/4737/14
f 2855/4749/15 2853/4747/15 2852/4746/15 2856/4750/15
f 2845/4763/16 2851/4759/16 2853/4764/16 2846/4765/16
f 2854/4761/17 2848/4766/17 2850/4767/17 2855/4768/17
f 2849/4743/18 2847/4741/18 2846/4740/18 2850/4744/18
f 2833/4727/19 2845/4763/19 2847/4769/19 2834/4728/19
f 2848/4766/20 2837/4731/20 2836/4730/20 2849/4770/20
f 2839/4733/21 2851/4759/21 2845/4763/21 2833/4727/21
f 2835/4754/22 2838/4753/22 2844/4758/22 2840/4757/22
f 2847/4741/23 2849/4743/23 2836/4771/23 2834/4772/23
f 2854/4761/24 2842/4736/24 2837/4731/24 2848/4766/24
f 2841/4773/25 2843/4774/25 2856/4750/25 2852/4746/25
f 2853/4747/26 2855/4749/26 2850/4775/26 2846/4776/26
f 3085/5051/235 3086/5052/235 3087/5053/235
f 3088/5054/236 3089/5055/236 3090/5056/236
f 3091/5057/267 3092/5058/267 3093/5059/267
f 3094/5060/268 3095/5061/268 3096/5062/268
f 3097/5063/269 3098/5064/269 3099/5065/269
f 3100/5066/270 3101/5067/270 3102/5068/270
f 3103/5069/271 3104/5070/271 3105/5071/271
f 3106/5072/272 3107/5073/272 3108/5074/272
f 3091/5057/9 3085/5051/9 3087/5053/9 3092/5058/9
f 3086/5075/10 3088/5076/10 3090/5077/10 3087/5078/10
f 3089/5055/11 3094/5060/11 3096/5062/11 3090/5056/11
f 3095/5079/12 3093/5080/12 3092/5081/12 3096/5082/12
f 3103/5083/13 3091/5057/13 3093/5059/13 3104/5084/13
f 3094/5060/14 3106/5085/14 3108/5086/14 3095/5061/14
f 3107/5073/15 3105/5071/15 3104/5070/15 3108/5074/15
f 3097/5087/16 3103/5083/16 3105/5088/16 3098/5089/16
f 3106/5085/17 3100/5090/17 3102/5091/17 3107/5092/17
f 3101/5067/18 3099/5065/18 3098/5064/18 3102/5068/18
f 3085/5051/19 3097/5087/19 3099/5093/19 3086/5052/19
f 3100/5090/20 3089/5055/20 3088/5054/20 3101/5094/20
f 3091/5057/21 3103/5083/21 3097/5087/21 3085/5051/21
f 3087/5078/22 3090/5077/22 3096/5082/22 3092/5081/22
f 3099/5065/23 3101/5067/23 3088/5095/23 3086/5096/23
f 3106/5085/24 3094/5060/24 3089/5055/24 3100/5090/24
f 3093/5097/25 3095/5098/25 3108/5074/25 3104/5070/25
f 3105/5071/26 3107/5073/26 3102/5099/26 3098/5100/26
usemtl Barrel_blue
f 25/51/27 26/52/27 38/53/27 37/54/27
f 26/52/28 27/55/28 39/56/28 38/53/28
f 29/59/31 30/61/31 42/62/31 41/60/31
f 30/61/32 31/63/32 43/64/32 42/62/32
f 31/63/33 32/65/33 44/66/33 43/64/33
f 34/69/36 35/71/36 47/72/36 46/70/36
f 35/71/37 36/73/37 48/74/37 47/72/37
f 36/73/38 25/51/38 37/54/38 48/74/38
f 37/75/39 38/76/39 50/77/39 49/78/39
f 38/76/40 39/79/40 51/80/40 50/77/40
f 41/85/43 42/87/43 54/88/43 53/86/43
f 42/89/44 43/90/44 55/91/44 54/92/44
f 43/90/45 44/93/45 56/94/45 55/91/45
f 46/99/48 47/100/48 59/101/48 58/102/48
f 47/100/49 48/103/49 60/104/49 59/101/49
f 48/103/50 37/75/50 49/78/50 60/104/50
f 49/78/51 50/77/51 62/105/51 61/106/51
f 50/77/52 51/80/52 63/107/52 62/105/52
f 53/86/55 54/88/55 66/111/55 65/110/55
f 54/92/56 55/91/56 67/112/56 66/113/56
f 55/91/57 56/94/57 68/114/57 67/112/57
f 58/102/60 59/101/60 71/117/60 70/118/60
f 59/101/61 60/104/61 72/119/61 71/117/61
f 60/104/62 49/78/62 61/106/62 72/119/62
f 61/106/63 62/105/63 74/120/63 73/121/63
f 62/105/9 63/107/9 75/122/9 74/120/9
f 65/110/16 66/111/16 78/126/16 77/125/16
f 66/113/66 67/112/66 79/127/66 78/128/66
f 67/112/67 68/114/67 80/129/67 79/127/67
f 70/118/69 71/117/69 83/132/69 82/133/69
f 71/117/11 72/119/11 84/134/11 83/132/11
f 72/119/70 61/106/70 73/121/70 84/134/70
f 73/121/71 74/120/71 86/135/71 85/136/71
f 74/120/72 75/122/72 87/137/72 86/135/72
f 77/125/75 78/126/75 90/141/75 89/140/75
f 78/128/76 79/127/76 91/142/76 90/143/76
f 79/127/77 80/129/77 92/144/77 91/142/77
f 82/133/80 83/132/80 95/147/80 94/148/80
f 83/132/81 84/134/81 96/149/81 95/147/81
f 84/134/82 73/121/82 85/136/82 96/149/82
f 85/136/83 86/135/83 98/150/83 97/151/83
f 86/135/84 87/137/84 99/152/84 98/150/84
f 89/140/87 90/141/87 102/156/87 101/155/87
f 90/143/88 91/142/88 103/157/88 102/158/88
f 91/142/89 92/144/89 104/159/89 103/157/89
f 94/148/92 95/147/92 107/162/92 106/163/92
f 95/147/93 96/149/93 108/164/93 107/162/93
f 96/149/94 85/136/94 97/151/94 108/164/94
f 97/165/95 98/166/95 110/167/95 109/168/95
f 98/166/96 99/169/96 111/170/96 110/167/96
f 101/173/99 102/175/99 114/176/99 113/174/99
f 102/175/100 103/177/100 115/178/100 114/176/100
f 103/177/101 104/179/101 116/180/101 115/178/101
f 106/183/104 107/185/104 119/186/104 118/184/104
f 107/185/105 108/187/105 120/188/105 119/186/105
f 108/187/106 97/165/106 109/168/106 120/188/106
f 36/73/25 35/71/25 34/69/25 33/67/25 32/65/25 31/63/25 30/61/25 29/59/25 28/57/25 27/55/25 26/52/25 25/51/25
f 109/168/23 110/167/23 111/170/23 112/172/23 113/174/23 114/176/23 115/178/23 116/180/23 117/182/23 118/184/23 119/186/23 120/188/23
f 481/916/27 482/917/27 494/918/27 493/919/27
f 482/917/28 483/920/28 495/921/28 494/918/28
f 485/924/31 486/926/31 498/927/31 497/925/31
f 486/926/32 487/928/32 499/929/32 498/927/32
f 487/928/33 488/930/33 500/931/33 499/929/33
f 490/934/36 491/936/36 503/937/36 502/935/36
f 491/936/37 492/938/37 504/939/37 503/937/37
f 492/938/38 481/916/38 493/919/38 504/939/38
f 493/940/39 494/941/39 506/942/39 505/943/39
f 494/941/40 495/944/40 507/945/40 506/942/40
f 497/949/43 498/952/43 510/953/43 509/950/43
f 498/952/44 499/954/44 511/955/44 510/953/44
f 499/956/45 500/957/45 512/958/45 511/959/45
f 502/964/48 503/965/48 515/966/48 514/967/48
f 503/965/49 504/968/49 516/969/49 515/966/49
f 504/968/50 493/970/50 505/971/50 516/969/50
f 505/943/51 506/942/51 518/972/51 517/973/51
f 506/942/52 507/945/52 519/974/52 518/972/52
f 509/950/55 510/953/55 522/978/55 521/976/55
f 510/953/56 511/955/56 523/979/56 522/978/56
f 511/959/57 512/958/57 524/980/57 523/981/57
f 514/967/60 515/966/60 527/984/60 526/985/60
f 515/966/61 516/969/61 528/986/61 527/984/61
f 516/969/62 505/971/62 517/987/62 528/986/62
f 517/973/63 518/972/63 530/988/63 529/989/63
f 518/972/9 519/974/9 531/990/9 530/988/9
f 521/976/16 522/978/16 534/994/16 533/992/16
f 522/978/66 523/979/66 535/995/66 534/994/66
f 523/981/67 524/980/67 536/996/67 535/997/67
f 526/985/69 527/984/69 539/1000/69 538/1001/69
f 527/984/11 528/986/11 540/1002/11 539/1000/11
f 528/986/70 517/987/70 529/1003/70 540/1002/70
f 529/989/71 530/988/71 542/1004/71 541/1005/71
f 530/988/72 531/990/72 543/1006/72 542/1004/72
f 533/992/75 534/994/75 546/1010/75 545/1008/75
f 534/994/76 535/995/76 547/1011/76 546/1010/76
f 535/997/77 536/996/77 548/1012/77 547/1013/77
f 538/1001/80 539/1000/80 551/1016/80 550/1017/80
f 539/1000/81 540/1002/81 552/1018/81 551/1016/81
f 540/1002/82 529/1003/82 541/1019/82 552/1018/82
f 541/1005/83 542/1004/83 554/1020/83 553/1021/83
f 542/1004/84 543/1006/84 555/1022/84 554/1020/84
f 545/1008/87 546/1010/87 558/1026/87 557/1024/87
f 546/1010/88 547/1011/88 559/1027/88 558/1026/88
f 547/1013/89 548/1012/89 560/1028/89 559/1029/89
f 550/1017/92 551/1016/92 563/1032/92 562/1033/92
f 551/1016/93 552/1018/93 564/1034/93 563/1032/93
f 552/1018/94 541/1019/94 553/1035/94 564/1034/94
f 553/1036/95 554/1037/95 566/1038/95 565/1039/95
f 554/1037/96 555/1040/96 567/1041/96 566/1038/96
f 557/1044/99 558/1046/99 570/1047/99 569/1045/99
f 558/1046/100 559/1048/100 571/1049/100 570/1047/100
f 559/1048/101 560/1050/101 572/1051/101 571/1049/101
f 562/1054/104 563/1056/104 575/1057/104 574/1055/104
f 563/1056/105 564/1058/105 576/1059/105 575/1057/105
f 564/1058/106 553/1036/106 565/1039/106 576/1059/106
f 492/938/25 491/936/25 490/934/25 489/932/25 488/930/25 487/928/25 486/926/25 485/924/25 484/922/25 483/920/25 482/917/25 481/916/25
f 565/1039/23 566/1038/23 567/1041/23 568/1043/23 569/1045/23 570/1047/23 571/1049/23 572/1051/23 573/1053/23 574/1055/23 575/1057/23 576/1059/23
f 937/1733/27 938/1734/27 950/1735/27 949/1736/27
f 938/1734/28 939/1737/28 951/1738/28 950/1735/28
f 941/1741/31 942/1743/31 954/1744/31 953/1742/31
f 942/1743/32 943/1745/32 955/1746/32 954/1744/32
f 943/1745/33 944/1747/33 956/1748/33 955/1746/33
f 946/1751/36 947/1753/36 959/1754/36 958/1752/36
f 947/1753/37 948/1755/37 960/1756/37 959/1754/37
f 948/1755/38 937/1733/38 949/1736/38 960/1756/38
f 949/1757/39 950/1758/39 962/1759/39 961/945/39
f 950/1760/40 951/1761/40 963/1762/40 962/1763/40
f 953/1768/43 954/1769/43 966/1770/43 965/1771/43
f 954/1769/44 955/1772/44 967/1773/44 966/1770/44
f 955/1772/45 956/1774/45 968/1775/45 967/1773/45
f 958/1780/48 959/1782/48 971/1783/48 970/1781/48
f 959/1784/49 960/1785/49 972/1786/49 971/1787/49
f 960/1785/50 949/1757/50 961/945/50 972/1786/50
f 961/945/51 962/1759/51 974/1788/51 973/1789/51
f 962/1763/52 963/1762/52 975/1790/52 974/1791/52
f 965/1771/55 966/1770/55 978/1794/55 977/1795/55
f 966/1770/56 967/1773/56 979/1796/56 978/1794/56
f 967/1773/57 968/1775/57 980/1797/57 979/1796/57
f 970/1781/60 971/1783/60 983/1801/60 982/1800/60
f 971/1787/61 972/1786/61 984/1802/61 983/1803/61
f 972/1786/62 961/945/62 973/1789/62 984/1802/62
f 973/1789/63 974/1788/63 986/1804/63 985/1805/63
f 974/1791/9 975/1790/9 987/1806/9 986/1807/9
f 977/1795/16 978/1794/16 990/1810/16 989/1811/16
f 978/1794/66 979/1796/66 991/1812/66 990/1810/66
f 979/1796/67 980/1797/67 992/1813/67 991/1812/67
f 982/1800/69 983/1801/69 995/1817/69 994/1816/69
f 983/1803/11 984/1802/11 996/1818/11 995/1819/11
f 984/1802/70 973/1789/70 985/1805/70 996/1818/70
f 985/1805/71 986/1804/71 998/1820/71 997/1821/71
f 986/1807/72 987/1806/72 999/1822/72 998/1823/72
f 989/1811/75 990/1810/75 1002/1826/75 1001/1827/75
f 990/1810/76 991/1812/76 1003/1828/76 1002/1826/76
f 991/1812/77 992/1813/77 1004/1829/77 1003/1828/77
f 994/1816/80 995/1817/80 1007/1833/80 1006/1832/80
f 995/1819/81 996/1818/81 1008/1834/81 1007/1835/81
f 996/1818/82 985/1805/82 997/1821/82 1008/1834/82
f 997/1821/83 998/1820/83 1010/1836/83 1009/1837/83
f 998/1823/84 999/1822/84 1011/1838/84 1010/1839/84
f 1001/1827/87 1002/1826/87 1014/1842/87 1013/1843/87
f 1002/1826/88 1003/1828/88 1015/1844/88 1014/1842/88
f 1003/1828/89 1004/1829/89 1016/1845/89 1015/1844/89
f 1006/1832/92 1007/1833/92 1019/1849/92 1018/1848/92
f 1007/1835/93 1008/1834/93 1020/1850/93 1019/1851/93
f 1008/1834/94 997/1821/94 1009/1837/94 1020/1850/94
f 1009/1852/95 1010/1853/95 1022/1854/95 1021/1855/95
f 1010/1853/96 1011/1856/96 1023/1857/96 1022/1854/96
f 1013/1860/99 1014/1862/99 1026/1863/99 1025/1861/99
f 1014/1862/100 1015/1864/100 1027/1865/100 1026/1863/100
f 1015/1864/101 1016/1866/101 1028/1867/101 1027/1865/101
f 1018/1870/104 1019/1872/104 1031/1873/104 1030/1871/104
f 1019/1872/105 1020/1874/105 1032/1875/105 1031/1873/105
f 1020/1874/106 1009/1852/106 1021/1855/106 1032/1875/106
f 948/1755/25 947/1753/25 946/1751/25 945/1749/25 944/1747/25 943/1745/25 942/1743/25 941/1741/25 940/1739/25 939/1737/25 938/1734/25 937/1733/25
f 1021/1855/23 1022/1854/23 1023/1857/23 1024/1859/23 1025/1861/23 1026/1863/23 1027/1865/23 1028/1867/23 1029/1869/23 1030/1871/23 1031/1873/23 1032/1875/23
f 1393/1751/27 1394/2585/27 1406/2586/27 1405/2587/27
f 1394/2585/28 1395/2588/28 1407/1756/28 1406/2586/28
f 1397/2591/31 1398/2593/31 1410/2594/31 1409/2592/31
f 1398/2593/32 1399/2595/32 1411/2596/32 1410/2594/32
f 1399/2595/33 1400/2597/33 1412/2598/33 1411/2596/33
f 1402/2600/36 1403/2602/36 1415/1748/36 1414/2601/36
f 1403/2602/37 1404/1749/37 1416/2603/37 1415/1748/37
f 1404/1749/38 1393/1751/38 1405/2587/38 1416/2603/38
f 1405/1844/39 1406/1842/39 1418/1826/39 1417/1828/39
f 1406/1842/40 1407/1843/40 1419/1827/40 1418/1826/40
f 1409/2608/43 1410/2610/43 1422/2611/43 1421/2609/43
f 1410/1836/44 1411/1837/44 1423/1821/44 1422/1820/44
f 1411/1837/45 1412/1850/45 1424/1834/45 1423/1821/45
f 1414/2612/48 1415/2614/48 1427/2615/48 1426/2613/48
f 1415/2614/49 1416/2616/49 1428/2617/49 1427/2615/49
f 1416/1845/50 1405/1844/50 1417/1828/50 1428/1829/50
f 1417/1828/51 1418/1826/51 1430/1810/51 1429/1812/51
f 1418/1826/52 1419/1827/52 1431/1811/52 1430/1810/52
f 1421/2609/55 1422/2611/55 1434/2620/55 1433/992/55
f 1422/1820/56 1423/1821/56 1435/1805/56 1434/1804/56
f 1423/1821/57 1424/1834/57 1436/1818/57 1435/1805/57
f 1426/2613/60 1427/2615/60 1439/2623/60 1438/2621/60
f 1427/2615/61 1428/2617/61 1440/2624/61 1439/2623/61
f 1428/1829/62 1417/1828/62 1429/1812/62 1440/1813/62
f 1429/1812/63 1430/1810/63 1442/1794/63 1441/1796/63
f 1430/1810/9 1431/1811/9 1443/1795/9 1442/1794/9
f 1433/992/16 1434/2620/16 1446/2628/16 1445/2627/16
f 1434/1804/66 1435/1805/66 1447/1789/66 1446/1788/66
f 1435/1805/67 1436/1818/67 1448/1802/67 1447/1789/67
f 1438/2621/69 1439/2623/69 1451/2631/69 1450/2629/69
f 1439/2623/11 1440/2624/11 1452/2632/11 1451/2631/11
f 1440/1813/70 1429/1812/70 1441/1796/70 1452/1797/70
f 1441/1796/71 1442/1794/71 1454/1770/71 1453/1773/71
f 1442/1794/72 1443/1795/72 1455/1771/72 1454/1770/72
f 1445/2627/75 1446/2628/75 1458/2636/75 1457/2635/75
f 1446/1788/76 1447/1789/76 1459/945/76 1458/1759/76
f 1447/1789/77 1448/1802/77 1460/1786/77 1459/945/77
f 1450/2629/80 1451/2631/80 1463/2639/80 1462/2637/80
f 1451/2631/81 1452/2632/81 1464/2640/81 1463/2639/81
f 1452/1797/82 1441/1796/82 1453/1773/82 1464/1775/82
f 1453/1773/83 1454/1770/83 1466/1769/83 1465/1772/83
f 1454/1770/84 1455/1771/84 1467/1768/84 1466/1769/84
f 1457/2635/87 1458/2636/87 1470/2644/87 1469/2643/87
f 1458/1759/88 1459/945/88 1471/1757/88 1470/1758/88
f 1459/945/89 1460/1786/89 1472/1785/89 1471/1757/89
f 1462/2637/92 1463/2639/92 1475/2647/92 1474/2645/92
f 1463/2639/93 1464/2640/93 1476/2648/93 1475/2647/93
f 1464/1775/94 1453/1773/94 1465/1772/94 1476/1774/94
f 1465/2649/95 1466/2650/95 1478/2651/95 1477/2652/95
f 1466/2650/96 1467/2653/96 1479/2654/96 1478/2651/96
f 1469/2657/99 1470/2659/99 1482/2660/99 1481/2658/99
f 1470/2659/100 1471/2661/100 1483/2662/100 1482/2660/100
f 1471/2661/101 1472/2663/101 1484/2664/101 1483/2662/101
f 1474/2667/104 1475/2669/104 1487/2670/104 1486/2668/104
f 1475/2669/105 1476/2671/105 1488/2672/105 1487/2670/105
f 1476/2671/106 1465/2649/106 1477/2652/106 1488/2672/106
f 1404/1749/25 1403/2602/25 1402/2600/25 1401/1743/25 1400/2597/25 1399/2595/25 1398/2593/25 1397/2591/25 1396/2589/25 1395/2588/25 1394/2585/25 1393/1751/25
f 1477/2652/23 1478/2651/23 1479/2654/23 1480/2656/23 1481/2658/23 1482/2660/23 1483/2662/23 1484/2664/23 1485/2666/23 1486/2668/23 1487/2670/23 1488/2672/23
f 1849/3340/27 1850/3341/27 1862/3342/27 1861/3343/27
f 1850/3341/28 1851/3344/28 1863/3345/28 1862/3342/28
f 1853/3348/31 1854/3350/31 1866/3351/31 1865/3349/31
f 1854/3350/32 1855/3352/32 1867/56/32 1866/3351/32
f 1855/3352/33 1856/3353/33 1868/3354/33 1867/56/33
f 1858/3356/36 1859/3358/36 1871/3359/36 1870/3357/36
f 1859/3358/37 1860/3360/37 1872/3361/37 1871/3359/37
f 1860/3360/38 1849/3340/38 1861/3343/38 1872/3361/38
f 1861/3362/39 1862/3363/39 1874/3364/39 1873/3365/39
f 1862/3363/40 1863/3366/40 1875/3367/40 1874/3364/40
f 1865/3371/43 1866/3374/43 1878/3375/43 1877/3372/43
f 1866/3374/44 1867/3376/44 1879/3377/44 1878/3375/44
f 1867/3376/45 1868/3378/45 1880/3379/45 1879/3377/45
f 1870/85/48 1871/87/48 1883/88/48 1882/86/48
f 1871/3382/49 1872/100/49 1884/3383/49 1883/3384/49
f 1872/100/50 1861/3362/50 1873/3365/50 1884/3383/50
f 1873/3365/51 1874/3364/51 1886/3385/51 1885/3386/51
f 1874/3364/52 1875/3367/52 1887/3387/52 1886/3385/52
f 1877/3372/55 1878/3375/55 1890/3391/55 1889/3389/55
f 1878/3375/56 1879/3377/56 1891/3392/56 1890/3391/56
f 1879/3377/57 1880/3379/57 1892/3393/57 1891/3392/57
f 1882/86/60 1883/88/60 1895/3395/60 1894/3394/60
f 1883/3384/61 1884/3383/61 1896/117/61 1895/3396/61
f 1884/3383/62 1873/3365/62 1885/3386/62 1896/117/62
f 1885/3386/63 1886/3385/63 1898/3397/63 1897/3398/63
f 1886/3385/9 1887/3387/9 1899/3399/9 1898/3397/9
f 1889/3389/16 1890/3391/16 1902/3403/16 1901/3401/16
f 1890/3391/66 1891/3392/66 1903/3404/66 1902/3403/66
f 1891/3392/67 1892/3393/67 1904/3405/67 1903/3404/67
f 1894/3394/69 1895/3395/69 1907/126/69 1906/3407/69
f 1895/3396/11 1896/117/11 1908/3408/11 1907/3409/11
f 1896/117/70 1885/3386/70 1897/3398/70 1908/3408/70
f 1897/3398/71 1898/3397/71 1910/3410/71 1909/3411/71
f 1898/3397/72 1899/3399/72 1911/3412/72 1910/3410/72
f 1901/3401/75 1902/3403/75 1914/3416/75 1913/3414/75
f 1902/3403/76 1903/3404/76 1915/3417/76 1914/3416/76
f 1903/3404/77 1904/3405/77 1916/3418/77 1915/3417/77
f 1906/3407/80 1907/126/80 1919/3420/80 1918/3419/80
f 1907/3409/81 1908/3408/81 1920/3421/81 1919/3422/81
f 1908/3408/82 1897/3398/82 1909/3411/82 1920/3421/82
f 1909/3411/83 1910/3410/83 1922/3423/83 1921/3424/83
f 1910/3410/84 1911/3412/84 1923/3425/84 1922/3423/84
f 1913/3414/87 1914/3416/87 1926/3429/87 1925/3427/87
f 1914/3416/88 1915/3417/88 1927/3430/88 1926/3429/88
f 1915/3417/89 1916/3418/89 1928/3431/89 1927/3430/89
f 1918/3419/92 1919/3420/92 1931/156/92 1930/155/92
f 1919/3422/93 1920/3421/93 1932/3433/93 1931/3434/93
f 1920/3421/94 1909/3411/94 1921/3424/94 1932/3433/94
f 1921/3435/95 1922/3436/95 1934/3437/95 1933/3438/95
f 1922/3436/96 1923/3439/96 1935/3440/96 1934/3437/96
f 1925/3443/99 1926/3445/99 1938/3446/99 1937/3444/99
f 1926/3445/100 1927/3447/100 1939/180/100 1938/3446/100
f 1927/3447/101 1928/3448/101 1940/3449/101 1939/180/101
f 1930/3452/104 1931/3454/104 1943/3455/104 1942/3453/104
f 1931/3454/105 1932/3456/105 1944/3457/105 1943/3455/105
f 1932/3456/106 1921/3435/106 1933/3438/106 1944/3457/106
f 1860/3360/25 1859/3358/25 1858/3356/25 1857/3355/25 1856/3353/25 1855/3352/25 1854/3350/25 1853/3348/25 1852/3346/25 1851/3344/25 1850/3341/25 1849/3340/25
f 1933/3438/23 1934/3437/23 1935/3440/23 1936/3442/23 1937/3444/23 1938/3446/23 1939/180/23 1940/3449/23 1941/3451/23 1942/3453/23 1943/3455/23 1944/3457/23
f 2305/4054/27 2306/4055/27 2318/1856/27 2317/4056/27
f 2306/4055/28 2307/1854/28 2319/4057/28 2318/1856/28
f 2309/4058/31 2310/1873/31 2322/1872/31 2321/1874/31
f 2310/1873/32 2311/4059/32 2323/1870/32 2322/1872/32
f 2311/4059/33 2312/4060/33 2324/4061/33 2323/1870/33
f 2314/4063/36 2315/4064/36 2327/4065/36 2326/1864/36
f 2315/4064/37 2316/4066/37 2328/4067/37 2327/4065/37
f 2316/4066/38 2305/4054/38 2317/4056/38 2328/4067/38
f 2317/4068/39 2318/4069/39 2330/4070/39 2329/4071/39
f 2318/4072/40 2319/4073/40 2331/4074/40 2330/943/40
f 2321/4079/43 2322/4080/43 2334/4081/43 2333/4082/43
f 2322/4080/44 2323/4083/44 2335/4084/44 2334/4081/44
f 2323/4083/45 2324/4085/45 2336/4086/45 2335/4084/45
f 2326/4091/48 2327/4093/48 2339/4094/48 2338/4092/48
f 2327/4095/49 2328/4096/49 2340/4097/49 2339/4098/49
f 2328/4096/50 2317/4068/50 2329/4071/50 2340/4097/50
f 2329/4071/51 2330/4070/51 2342/4099/51 2341/4100/51
f 2330/943/52 2331/4074/52 2343/4101/52 2342/973/52
f 2333/4082/55 2334/4081/55 2346/4104/55 2345/4105/55
f 2334/4081/56 2335/4084/56 2347/4106/56 2346/4104/56
f 2335/4084/57 2336/4086/57 2348/4107/57 2347/4106/57
f 2338/4092/60 2339/4094/60 2351/4110/60 2350/4109/60
f 2339/4098/61 2340/4097/61 2352/4111/61 2351/4112/61
f 2340/4097/62 2329/4071/62 2341/4100/62 2352/4111/62
f 2341/4100/63 2342/4099/63 2354/4113/63 2353/4114/63
f 2342/973/9 2343/4101/9 2355/4115/9 2354/4116/9
f 2345/4105/16 2346/4104/16 2358/4119/16 2357/2630/16
f 2346/4104/66 2347/4106/66 2359/4120/66 2358/4119/66
f 2347/4106/67 2348/4107/67 2360/4121/67 2359/4120/67
f 2350/4109/69 2351/4110/69 2363/1813/69 2362/4122/69
f 2351/4112/11 2352/4111/11 2364/4123/11 2363/4124/11
f 2352/4111/70 2341/4100/70 2353/4114/70 2364/4123/70
f 2353/4114/71 2354/4113/71 2366/4125/71 2365/4126/71
f 2354/4116/72 2355/4115/72 2367/4127/72 2366/4128/72
f 2357/2630/75 2358/4119/75 2370/4131/75 2369/4132/75
f 2358/4119/76 2359/4120/76 2371/4133/76 2370/4131/76
f 2359/4120/77 2360/4121/77 2372/4134/77 2371/4133/77
f 2362/4122/80 2363/1813/80 2375/4138/80 2374/4137/80
f 2363/4124/81 2364/4123/81 2376/4139/81 2375/4140/81
f 2364/4123/82 2353/4114/82 2365/4126/82 2376/4139/82
f 2365/4126/83 2366/4125/83 2378/4141/83 2377/4142/83
f 2366/4128/84 2367/4127/84 2379/4143/84 2378/4144/84
f 2369/4132/87 2370/4131/87 2382/4147/87 2381/2646/87
f 2370/4131/88 2371/4133/88 2383/4148/88 2382/4147/88
f 2371/4133/89 2372/4134/89 2384/4149/89 2383/4148/89
f 2374/4137/92 2375/4138/92 2387/4152/92 2386/4151/92
f 2375/4140/93 2376/4139/93 2388/4153/93 2387/4154/93
f 2376/4139/94 2365/4126/94 2377/4142/94 2388/4153/94
f 2377/1746/95 2378/4155/95 2390/4156/95 2389/4157/95
f 2378/4155/96 2379/4158/96 2391/4159/96 2390/4156/96
f 2381/4162/99 2382/4164/99 2394/4165/99 2393/4163/99
f 2382/4164/100 2383/4166/100 2395/4167/100 2394/4165/100
f 2383/4166/101 2384/4168/101 2396/4169/101 2395/4167/101
f 2386/1752/104 2387/4172/104 2399/1749/104 2398/4171/104
f 2387/4172/105 2388/4173/105 2400/2602/105 2399/1749/105
f 2388/4173/106 2377/1746/106 2389/4157/106 2400/2602/106
f 2316/4066/25 2315/4064/25 2314/4063/25 2313/4062/25 2312/4060/25 2311/4059/25 2310/1873/25 2309/4058/25 2308/1855/25 2307/1854/25 2306/4055/25 2305/4054/25
f 2389/4157/23 2390/4156/23 2391/4159/23 2392/4161/23 2393/4163/23 2394/4165/23 2395/4167/23 2396/4169/23 2397/1753/23 2398/4171/23 2399/1749/23 2400/2602/23
usemtl Barrel_light
f 27/55/29 28/57/29 40/58/29 39/56/29
f 28/57/30 29/59/30 41/60/30 40/58/30
f 39/81/41 40/82/41 52/83/41 51/84/41
f 40/82/42 41/85/42 53/86/42 52/83/42
f 51/84/53 52/83/53 64/108/53 63/109/53
f 52/83/54 53/86/54 65/110/54 64/108/54
f 63/109/64 64/108/64 76/123/64 75/124/64
f 64/108/65 65/110/65 77/125/65 76/123/65
f 75/124/73 76/123/73 88/138/73 87/139/73
f 76/123/74 77/125/74 89/140/74 88/138/74
f 87/139/85 88/138/85 100/153/85 99/154/85
f 88/138/86 89/140/86 101/155/86 100/153/86
f 99/169/97 100/171/97 112/172/97 111/170/97
f 100/171/98 101/173/98 113/174/98 112/172/98
f 241/441/155 242/442/155 248/443/155 247/444/155
f 242/442/23 243/445/23 249/446/23 248/443/23
f 243/447/156 244/448/156 250/449/156 249/450/156
f 244/451/157 245/452/157 251/453/157 250/454/157
f 245/452/25 246/455/25 252/456/25 251/453/25
f 246/457/158 241/458/158 247/459/158 252/460/158
f 247/444/159 248/443/159 254/461/159 253/462/159
f 248/443/23 249/446/23 255/463/23 254/461/23
f 249/450/160 250/449/160 256/464/160 255/465/160
f 250/454/161 251/453/161 257/466/161 256/467/161
f 251/453/25 252/456/25 258/468/25 257/466/25
f 252/460/162 247/459/162 253/469/162 258/470/162
f 253/471/163 254/472/163 260/473/163 259/474/163
f 254/461/23 255/463/23 261/475/23 260/476/23
f 255/465/164 256/464/164 262/477/164 261/478/164
f 256/479/165 257/480/165 263/481/165 262/482/165
f 257/466/25 258/468/25 264/483/25 263/484/25
f 258/470/166 253/469/166 259/485/166 264/486/166
f 259/474/167 260/473/167 266/487/167 265/488/167
f 260/476/23 261/475/23 267/489/23 266/490/23
f 261/475/168 262/491/168 268/492/168 267/489/168
f 262/482/169 263/481/169 269/493/169 268/494/169
f 263/484/25 264/483/25 270/495/25 269/496/25
f 264/486/170 259/485/170 265/497/170 270/498/170
f 265/488/171 266/487/171 272/499/171 271/500/171
f 266/490/23 267/489/23 273/501/23 272/502/23
f 267/489/172 268/492/172 274/503/172 273/501/172
f 268/494/173 269/493/173 275/504/173 274/505/173
f 269/496/25 270/495/25 276/506/25 275/507/25
f 270/495/174 265/508/174 271/509/174 276/506/174
f 271/510/175 272/511/175 278/512/175 277/513/175
f 272/502/23 273/501/23 279/514/23 278/515/23
f 273/501/176 274/503/176 280/516/176 279/514/176
f 274/517/177 275/518/177 281/519/177 280/520/177
f 275/507/25 276/506/25 282/521/25 281/522/25
f 276/506/178 271/509/178 277/523/178 282/521/178
f 277/513/156 278/512/156 284/524/156 283/525/156
f 278/515/23 279/514/23 285/526/23 284/527/23
f 279/514/155 280/516/155 286/528/155 285/526/155
f 280/520/158 281/519/158 287/529/158 286/530/158
f 281/522/25 282/521/25 288/531/25 287/532/25
f 282/521/157 277/523/157 283/533/157 288/531/157
f 283/525/160 284/524/160 290/534/160 289/535/160
f 284/527/23 285/526/23 291/536/23 290/537/23
f 285/526/159 286/528/159 292/538/159 291/536/159
f 286/530/162 287/529/162 293/539/162 292/540/162
f 287/532/25 288/531/25 294/541/25 293/542/25
f 288/543/161 283/544/161 289/545/161 294/546/161
f 289/535/164 290/534/164 296/547/164 295/548/164
f 290/537/23 291/536/23 297/549/23 296/550/23
f 291/551/163 292/552/163 298/553/163 297/554/163
f 292/540/166 293/539/166 299/555/166 298/556/166
f 293/542/25 294/541/25 300/557/25 299/558/25
f 294/546/165 289/545/165 295/559/165 300/560/165
f 295/561/168 296/550/168 302/562/168 301/563/168
f 296/550/23 297/549/23 303/564/23 302/562/23
f 297/554/167 298/553/167 304/565/167 303/566/167
f 298/567/170 299/558/170 305/568/170 304/569/170
f 299/558/25 300/557/25 306/570/25 305/568/25
f 300/560/169 295/559/169 301/571/169 306/572/169
f 301/563/172 302/562/172 308/573/172 307/574/172
f 302/562/23 303/564/23 309/575/23 308/573/23
f 303/566/171 304/565/171 310/576/171 309/577/171
f 304/569/174 305/568/174 311/578/174 310/579/174
f 305/568/25 306/570/25 312/580/25 311/578/25
f 306/572/173 301/571/173 307/581/173 312/582/173
f 307/574/176 308/573/176 242/442/176 241/441/176
f 308/573/23 309/575/23 243/445/23 242/442/23
f 309/583/175 310/584/175 244/448/175 243/447/175
f 310/579/178 311/578/178 245/452/178 244/451/178
f 311/578/25 312/580/25 246/455/25 245/452/25
f 312/585/177 307/586/177 241/458/177 246/457/177
f 313/587/155 314/588/155 320/589/155 319/590/155
f 314/591/23 315/592/23 321/593/23 320/594/23
f 315/592/156 316/595/156 322/596/156 321/593/156
f 316/597/157 317/598/157 323/599/157 322/600/157
f 317/601/25 318/602/25 324/603/25 323/604/25
f 318/602/158 313/605/158 319/606/158 324/603/158
f 319/607/159 320/608/159 326/609/159 325/610/159
f 320/594/23 321/593/23 327/611/23 326/612/23
f 321/593/160 322/596/160 328/613/160 327/611/160
f 322/614/161 323/615/161 329/616/161 328/617/161
f 323/604/25 324/603/25 330/618/25 329/619/25
f 324/603/162 319/606/162 325/620/162 330/618/162
f 325/610/163 326/609/163 332/621/163 331/622/163
f 326/612/23 327/611/23 333/623/23 332/624/23
f 327/611/164 328/613/164 334/625/164 333/623/164
f 328/617/165 329/616/165 335/626/165 334/627/165
f 329/619/25 330/618/25 336/628/25 335/629/25
f 330/630/166 325/631/166 331/632/166 336/633/166
f 331/622/167 332/621/167 338/634/167 337/635/167
f 332/624/23 333/623/23 339/636/23 338/637/23
f 333/638/168 334/639/168 340/640/168 339/641/168
f 334/627/169 335/626/169 341/642/169 340/643/169
f 335/629/25 336/628/25 342/644/25 341/645/25
f 336/633/170 331/632/170 337/646/170 342/647/170
f 337/648/171 338/637/171 344/649/171 343/650/171
f 338/637/23 339/636/23 345/651/23 344/649/23
f 339/641/172 340/640/172 346/652/172 345/653/172
f 340/654/173 341/645/173 347/655/173 346/656/173
f 341/645/25 342/644/25 348/657/25 347/655/25
f 342/647/174 337/646/174 343/658/174 348/659/174
f 343/650/175 344/649/175 350/660/175 349/661/175
f 344/649/23 345/651/23 351/662/23 350/660/23
f 345/653/176 346/652/176 352/663/176 351/664/176
f 346/656/177 347/655/177 353/665/177 352/666/177
f 347/655/25 348/657/25 354/667/25 353/665/25
f 348/659/178 343/658/178 349/668/178 354/669/178
f 349/661/156 350/660/156 356/670/156 355/671/156
f 350/660/23 351/662/23 357/672/23 356/670/23
f 351/664/155 352/663/155 358/673/155 357/674/155
f 352/666/158 353/665/158 359/675/158 358/676/158
f 353/665/25 354/667/25 360/677/25 359/675/25
f 354/669/157 349/668/157 355/678/157 360/679/157
f 355/671/160 356/670/160 362/680/160 361/681/160
f 356/670/23 357/672/23 363/682/23 362/680/23
f 357/683/159 358/684/159 364/685/159 363/686/159
f 358/676/162 359/675/162 365/687/162 364/688/162
f 359/675/25 360/677/25 366/689/25 365/687/25
f 360/690/161 355/691/161 361/692/161 366/693/161
f 361/681/164 362/680/164 368/694/164 367/695/164
f 362/680/23 363/682/23 369/696/23 368/694/23
f 363/686/163 364/685/163 370/697/163 369/698/163
f 364/688/166 365/687/166 371/699/166 370/700/166
f 365/687/25 366/689/25 372/701/25 371/699/25
f 366/693/165 361/692/165 367/702/165 372/703/165
f 367/704/168 368/705/168 374/706/168 373/707/168
f 368/694/23 369/696/23 375/708/23 374/709/23
f 369/698/167 370/697/167 376/710/167 375/711/167
f 370/712/170 371/713/170 377/714/170 376/715/170
f 371/699/25 372/701/25 378/716/25 377/717/25
f 372/703/169 367/702/169 373/718/169 378/719/169
f 373/707/172 374/706/172 380/720/172 379/721/172
f 374/709/23 375/708/23 381/722/23 380/723/23
f 375/708/171 376/724/171 382/725/171 381/722/171
f 376/715/174 377/714/174 383/726/174 382/727/174
f 377/717/25 378/716/25 384/728/25 383/729/25
f 378/716/173 373/730/173 379/731/173 384/728/173
f 379/721/176 380/720/176 314/588/176 313/587/176
f 380/723/23 381/722/23 315/592/23 314/591/23
f 381/722/175 382/725/175 316/595/175 315/592/175
f 382/727/178 383/726/178 317/598/178 316/597/178
f 383/729/25 384/728/25 318/602/25 317/601/25
f 384/728/177 379/731/177 313/605/177 318/602/177
f 483/920/29 484/922/29 496/923/29 495/921/29
f 484/922/30 485/924/30 497/925/30 496/923/30
f 495/944/41 496/946/41 508/947/41 507/945/41
f 496/948/42 497/949/42 509/950/42 508/951/42
f 507/945/53 508/947/53 520/975/53 519/974/53
f 508/951/54 509/950/54 521/976/54 520/977/54
f 519/974/64 520/975/64 532/991/64 531/990/64
f 520/977/65 521/976/65 533/992/65 532/993/65
f 531/990/73 532/991/73 544/1007/73 543/1006/73
f 532/993/74 533/992/74 545/1008/74 544/1009/74
f 543/1006/85 544/1007/85 556/1023/85 555/1022/85
f 544/1009/86 545/1008/86 557/1024/86 556/1025/86
f 555/1040/97 556/1042/97 568/1043/97 567/1041/97
f 556/1042/98 557/1044/98 569/1045/98 568/1043/98
f 697/1272/155 698/1273/155 704/1274/155 703/1275/155
f 698/1273/23 699/1276/23 705/1277/23 704/1274/23
f 699/1278/156 700/1279/156 706/1280/156 705/1281/156
f 700/1282/157 701/1283/157 707/1284/157 706/1285/157
f 701/1283/25 702/1286/25 708/1287/25 707/1284/25
f 702/1288/158 697/1289/158 703/1290/158 708/1291/158
f 703/1275/159 704/1274/159 710/1292/159 709/1293/159
f 704/1274/23 705/1277/23 711/1294/23 710/1292/23
f 705/1295/160 706/1296/160 712/1297/160 711/1298/160
f 706/1285/161 707/1284/161 713/1299/161 712/1300/161
f 707/1284/25 708/1287/25 714/1301/25 713/1299/25
f 708/1302/162 703/1303/162 709/1304/162 714/1305/162
f 709/1306/163 710/1307/163 716/1308/163 715/1309/163
f 710/1292/23 711/1294/23 717/1310/23 716/1311/23
f 711/1298/164 712/1297/164 718/1312/164 717/1313/164
f 712/1300/165 713/1299/165 719/1314/165 718/1315/165
f 713/1299/25 714/1301/25 720/1316/25 719/1314/25
f 714/1305/166 709/1304/166 715/1317/166 720/1318/166
f 715/1309/167 716/1308/167 722/1319/167 721/1320/167
f 716/1311/23 717/1310/23 723/1321/23 722/1322/23
f 717/1313/168 718/1312/168 724/1323/168 723/1324/168
f 718/1325/169 719/1326/169 725/1327/169 724/1328/169
f 719/1314/25 720/1316/25 726/1329/25 725/1330/25
f 720/1318/170 715/1317/170 721/1331/170 726/1332/170
f 721/1320/171 722/1319/171 728/1333/171 727/1334/171
f 722/1322/23 723/1321/23 729/1335/23 728/1336/23
f 723/1321/172 724/1337/172 730/1338/172 729/1335/172
f 724/1328/173 725/1327/173 731/1339/173 730/1340/173
f 725/1330/25 726/1329/25 732/1341/25 731/1342/25
f 726/1329/174 721/1343/174 727/1344/174 732/1341/174
f 727/1334/175 728/1333/175 734/1345/175 733/1346/175
f 728/1336/23 729/1335/23 735/1347/23 734/1348/23
f 729/1335/176 730/1338/176 736/1349/176 735/1347/176
f 730/1340/177 731/1339/177 737/1350/177 736/1351/177
f 731/1342/25 732/1341/25 738/1352/25 737/1353/25
f 732/1341/178 727/1344/178 733/1354/178 738/1352/178
f 733/1346/156 734/1345/156 740/1355/156 739/1356/156
f 734/1348/23 735/1347/23 741/1357/23 740/1358/23
f 735/1347/155 736/1349/155 742/1359/155 741/1357/155
f 736/1351/158 737/1350/158 743/1360/158 742/1361/158
f 737/1353/25 738/1352/25 744/1362/25 743/1363/25
f 738/1352/157 733/1354/157 739/1364/157 744/1362/157
f 739/1365/160 740/1366/160 746/1367/160 745/1368/160
f 740/1358/23 741/1357/23 747/1369/23 746/1370/23
f 741/1357/159 742/1359/159 748/1371/159 747/1369/159
f 742/1372/162 743/1373/162 749/1374/162 748/1375/162
f 743/1363/25 744/1362/25 750/1376/25 749/1377/25
f 744/1362/161 739/1364/161 745/1378/161 750/1376/161
f 745/1368/164 746/1367/164 752/1379/164 751/1380/164
f 746/1370/23 747/1369/23 753/1381/23 752/1382/23
f 747/1369/163 748/1371/163 754/1383/163 753/1381/163
f 748/1375/166 749/1374/166 755/1384/166 754/1385/166
f 749/1377/25 750/1376/25 756/1386/25 755/1387/25
f 750/1376/165 745/1378/165 751/1388/165 756/1386/165
f 751/1380/168 752/1379/168 758/1389/168 757/1390/168
f 752/1382/23 753/1381/23 759/1391/23 758/1392/23
f 753/1393/167 754/1394/167 760/1395/167 759/1396/167
f 754/1385/170 755/1384/170 761/1397/170 760/1398/170
f 755/1387/25 756/1386/25 762/1399/25 761/1400/25
f 756/1401/169 751/1402/169 757/1403/169 762/1404/169
f 757/1390/172 758/1389/172 764/1405/172 763/1406/172
f 758/1392/23 759/1391/23 765/1407/23 764/1408/23
f 759/1396/171 760/1395/171 766/1409/171 765/1410/171
f 760/1411/174 761/1400/174 767/1412/174 766/1413/174
f 761/1400/25 762/1399/25 768/1414/25 767/1412/25
f 762/1404/173 757/1403/173 763/1415/173 768/1416/173
f 763/1417/176 764/1408/176 698/1273/176 697/1272/176
f 764/1408/23 765/1407/23 699/1276/23 698/1273/23
f 765/1410/175 766/1409/175 700/1279/175 699/1278/175
f 766/1413/178 767/1412/178 701/1283/178 700/1282/178
f 767/1412/25 768/1414/25 702/1286/25 701/1283/25
f 768/1416/177 763/1415/177 697/1289/177 702/1288/177
f 769/1418/155 770/1419/155 776/1420/155 775/1421/155
f 770/1422/23 771/1423/23 777/1424/23 776/1425/23
f 771/1423/156 772/1426/156 778/1427/156 777/1424/156
f 772/1428/157 773/1429/157 779/1430/157 778/1431/157
f 773/1432/25 774/1433/25 780/1434/25 779/1435/25
f 774/1433/158 769/1436/158 775/1437/158 780/1434/158
f 775/1421/159 776/1420/159 782/1438/159 781/1439/159
f 776/1425/23 777/1424/23 783/1440/23 782/1441/23
f 777/1424/160 778/1427/160 784/1442/160 783/1440/160
f 778/1431/161 779/1430/161 785/1443/161 784/1444/161
f 779/1435/25 780/1434/25 786/1445/25 785/1446/25
f 780/1434/162 775/1437/162 781/1447/162 786/1445/162
f 781/1439/163 782/1438/163 788/1448/163 787/1449/163
f 782/1441/23 783/1440/23 789/1450/23 788/1451/23
f 783/1452/164 784/1453/164 790/1454/164 789/1455/164
f 784/1444/165 785/1443/165 791/1456/165 790/1457/165
f 785/1446/25 786/1445/25 792/1458/25 791/1459/25
f 786/1460/166 781/1461/166 787/1462/166 792/1463/166
f 787/1449/167 788/1448/167 794/1464/167 793/1465/167
f 788/1451/23 789/1450/23 795/1466/23 794/1467/23
f 789/1455/168 790/1454/168 796/1468/168 795/1469/168
f 790/1470/169 791/1459/169 797/1471/169 796/1472/169
f 791/1459/25 792/1458/25 798/1473/25 797/1471/25
f 792/1463/170 787/1462/170 793/1474/170 798/1475/170
f 793/1476/171 794/1467/171 800/1477/171 799/1478/171
f 794/1467/23 795/1466/23 801/1479/23 800/1477/23
f 795/1469/172 796/1468/172 802/1480/172 801/1481/172
f 796/1472/173 797/1471/173 803/1482/173 802/1483/173
f 797/1471/25 798/1473/25 804/1484/25 803/1482/25
f 798/1475/174 793/1474/174 799/1485/174 804/1486/174
f 799/1478/175 800/1477/175 806/1487/175 805/1488/175
f 800/1477/23 801/1479/23 807/1489/23 806/1487/23
f 801/1490/176 802/1491/176 808/1492/176 807/1493/176
f 802/1483/177 803/1482/177 809/1494/177 808/1495/177
f 803/1482/25 804/1484/25 810/1496/25 809/1494/25
f 804/1497/178 799/1498/178 805/1499/178 810/1500/178
f 805/1488/156 806/1487/156 812/1501/156 811/1502/156
f 806/1487/23 807/1489/23 813/1503/23 812/1501/23
f 807/1493/155 808/1492/155 814/1504/155 813/1505/155
f 808/1495/158 809/1494/158 815/1506/158 814/1507/158
f 809/1494/25 810/1496/25 816/1508/25 815/1506/25
f 810/1500/157 805/1499/157 811/1509/157 816/1510/157
f 811/1511/160 812/1512/160 818/1513/160 817/1514/160
f 812/1501/23 813/1503/23 819/1515/23 818/1516/23
f 813/1505/159 814/1504/159 820/1517/159 819/1518/159
f 814/1507/162 815/1506/162 821/1519/162 820/1520/162
f 815/1506/25 816/1508/25 822/1521/25 821/1519/25
f 816/1510/161 811/1509/161 817/1522/161 822/1523/161
f 817/1514/164 818/1513/164 824/1524/164 823/1525/164
f 818/1516/23 819/1515/23 825/1526/23 824/1527/23
f 819/1518/163 820/1517/163 826/1528/163 825/1529/163
f 820/1530/166 821/1531/166 827/1532/166 826/1533/166
f 821/1519/25 822/1521/25 828/1534/25 827/1535/25
f 822/1523/165 817/1522/165 823/1536/165 828/1537/165
f 823/1525/168 824/1524/168 830/1538/168 829/1539/168
f 824/1527/23 825/1526/23 831/1540/23 830/1541/23
f 825/1526/167 826/1542/167 832/1543/167 831/1540/167
f 826/1533/170 827/1532/170 833/1544/170 832/1545/170
f 827/1535/25 828/1534/25 834/1546/25 833/1547/25
f 828/1534/169 823/1548/169 829/1549/169 834/1546/169
f 829/1539/172 830/1538/172 836/1550/172 835/1551/172
f 830/1541/23 831/1540/23 837/1552/23 836/1553/23
f 831/1540/171 832/1543/171 838/1554/171 837/1552/171
f 832/1545/174 833/1544/174 839/1555/174 838/1556/174
f 833/1547/25 834/1546/25 840/1557/25 839/1558/25
f 834/1546/173 829/1549/173 835/1559/173 840/1557/173
f 835/1560/176 836/1561/176 770/1419/176 769/1418/176
f 836/1553/23 837/1552/23 771/1423/23 770/1422/23
f 837/1552/175 838/1554/175 772/1426/175 771/1423/175
f 838/1562/178 839/1563/178 773/1429/178 772/1428/178
f 839/1558/25 840/1557/25 774/1433/25 773/1432/25
f 840/1557/177 835/1559/177 769/1436/177 774/1433/177
f 939/1737/29 940/1739/29 952/1740/29 951/1738/29
f 940/1739/30 941/1741/30 953/1742/30 952/1740/30
f 951/1761/41 952/1764/41 964/1765/41 963/1762/41
f 952/1764/42 953/1766/42 965/1767/42 964/1765/42
f 963/1762/53 964/1765/53 976/1792/53 975/1790/53
f 964/1765/54 965/1767/54 977/1793/54 976/1792/54
f 975/1790/64 976/1792/64 988/1808/64 987/1806/64
f 976/1792/65 977/1793/65 989/1809/65 988/1808/65
f 987/1806/73 988/1808/73 1000/1824/73 999/1822/73
f 988/1808/74 989/1809/74 1001/1825/74 1000/1824/74
f 999/1822/85 1000/1824/85 1012/1840/85 1011/1838/85
f 1000/1824/86 1001/1825/86 1013/1841/86 1012/1840/86
f 1011/1856/97 1012/1858/97 1024/1859/97 1023/1857/97
f 1012/1858/98 1013/1860/98 1025/1861/98 1024/1859/98
f 1153/2112/155 1154/2113/155 1160/2114/155 1159/2115/155
f 1154/2116/23 1155/2117/23 1161/2118/23 1160/2119/23
f 1155/2117/156 1156/2120/156 1162/2121/156 1161/2118/156
f 1156/2122/157 1157/2123/157 1163/2124/157 1162/2125/157
f 1157/2126/25 1158/2127/25 1164/2128/25 1163/2129/25
f 1158/2127/158 1153/2130/158 1159/2131/158 1164/2128/158
f 1159/2115/159 1160/2114/159 1166/2132/159 1165/2133/159
f 1160/2119/23 1161/2118/23 1167/2134/23 1166/2135/23
f 1161/2118/160 1162/2121/160 1168/2136/160 1167/2134/160
f 1162/2125/161 1163/2124/161 1169/2137/161 1168/2138/161
f 1163/2129/25 1164/2128/25 1170/2139/25 1169/2140/25
f 1164/2128/162 1159/2131/162 1165/2141/162 1170/2139/162
f 1165/2142/163 1166/2143/163 1172/2144/163 1171/2145/163
f 1166/2135/23 1167/2134/23 1173/2146/23 1172/2147/23
f 1167/2134/164 1168/2136/164 1174/2148/164 1173/2146/164
f 1168/2138/165 1169/2137/165 1175/2149/165 1174/2150/165
f 1169/2140/25 1170/2139/25 1176/2151/25 1175/2152/25
f 1170/2139/166 1165/2141/166 1171/2153/166 1176/2151/166
f 1171/2145/167 1172/2144/167 1178/2154/167 1177/2155/167
f 1172/2147/23 1173/2146/23 1179/2156/23 1178/2157/23
f 1173/2146/168 1174/2148/168 1180/2158/168 1179/2156/168
f 1174/2159/169 1175/2160/169 1181/2161/169 1180/2162/169
f 1175/2152/25 1176/2151/25 1182/2163/25 1181/2164/25
f 1176/2151/170 1171/2153/170 1177/2165/170 1182/2163/170
f 1177/2155/171 1178/2154/171 1184/2166/171 1183/2167/171
f 1178/2157/23 1179/2156/23 1185/2168/23 1184/2169/23
f 1179/2156/172 1180/2158/172 1186/2170/172 1185/2168/172
f 1180/2162/173 1181/2161/173 1187/2171/173 1186/2172/173
f 1181/2164/25 1182/2163/25 1188/2173/25 1187/2174/25
f 1182/2163/174 1177/2165/174 1183/2175/174 1188/2173/174
f 1183/2167/175 1184/2166/175 1190/2176/175 1189/2177/175
f 1184/2169/23 1185/2168/23 1191/2178/23 1190/2179/23
f 1185/2180/176 1186/2181/176 1192/2182/176 1191/2183/176
f 1186/2172/177 1187/2171/177 1193/2184/177 1192/2185/177
f 1187/2174/25 1188/2173/25 1194/2186/25 1193/2187/25
f 1188/2188/178 1183/2189/178 1189/2190/178 1194/2191/178
f 1189/2192/156 1190/2179/156 1196/2193/156 1195/2194/156
f 1190/2179/23 1191/2178/23 1197/2195/23 1196/2193/23
f 1191/2183/155 1192/2182/155 1198/2196/155 1197/2197/155
f 1192/2185/158 1193/2184/158 1199/2198/158 1198/2199/158
f 1193/2187/25 1194/2186/25 1200/2200/25 1199/2201/25
f 1194/2191/157 1189/2190/157 1195/2202/157 1200/2203/157
f 1195/2194/160 1196/2193/160 1202/2204/160 1201/2205/160
f 1196/2193/23 1197/2195/23 1203/2206/23 1202/2204/23
f 1197/2197/159 1198/2196/159 1204/2207/159 1203/2208/159
f 1198/2209/162 1199/2201/162 1205/2210/162 1204/2211/162
f 1199/2201/25 1200/2200/25 1206/2212/25 1205/2210/25
f 1200/2203/161 1195/2202/161 1201/2213/161 1206/2214/161
f 1201/2205/164 1202/2204/164 1208/2215/164 1207/2216/164
f 1202/2204/23 1203/2206/23 1209/2217/23 1208/2215/23
f 1203/2218/163 1204/2219/163 1210/2220/163 1209/2221/163
f 1204/2211/166 1205/2210/166 1211/2222/166 1210/2223/166
f 1205/2210/25 1206/2212/25 1212/2224/25 1211/2222/25
f 1206/2214/165 1201/2213/165 1207/2225/165 1212/2226/165
f 1207/2216/168 1208/2215/168 1214/2227/168 1213/2228/168
f 1208/2215/23 1209/2217/23 1215/2229/23 1214/2227/23
f 1209/2221/167 1210/2220/167 1216/2230/167 1215/2231/167
f 1210/2223/170 1211/2222/170 1217/2232/170 1216/2233/170
f 1211/2222/25 1212/2224/25 1218/2234/25 1217/2232/25
f 1212/2235/169 1207/2236/169 1213/2237/169 1218/2238/169
f 1213/2239/172 1214/2240/172 1220/2241/172 1219/2242/172
f 1214/2227/23 1215/2229/23 1221/2243/23 1220/2244/23
f 1215/2231/171 1216/2230/171 1222/2245/171 1221/2246/171
f 1216/2233/174 1217/2232/174 1223/2247/174 1222/2248/174
f 1217/2232/25 1218/2234/25 1224/2249/25 1223/2247/25
f 1218/2238/173 1213/2237/173 1219/2250/173 1224/2251/173
f 1219/2242/176 1220/2241/176 1154/2113/176 1153/2112/176
f 1220/2244/23 1221/2243/23 1155/2117/23 1154/2116/23
f 1221/2246/175 1222/2245/175 1156/2252/175 1155/2253/175
f 1222/2254/178 1223/2255/178 1157/2123/178 1156/2122/178
f 1223/2247/25 1224/2249/25 1158/2127/25 1157/2126/25
f 1224/2251/177 1219/2250/177 1153/2256/177 1158/2257/177
f 1225/2258/155 1226/2259/155 1232/2260/155 1231/2261/155
f 1226/2259/23 1227/2262/23 1233/2263/23 1232/2260/23
f 1227/2264/156 1228/2265/156 1234/2266/156 1233/2267/156
f 1228/2268/157 1229/2269/157 1235/2270/157 1234/2271/157
f 1229/2269/25 1230/2272/25 1236/2273/25 1235/2270/25
f 1230/2274/158 1225/2275/158 1231/2276/158 1236/2277/158
f 1231/2261/159 1232/2260/159 1238/2278/159 1237/2279/159
f 1232/2260/23 1233/2263/23 1239/2280/23 1238/2278/23
f 1233/2281/160 1234/2282/160 1240/2283/160 1239/2284/160
f 1234/2271/161 1235/2270/161 1241/2285/161 1240/2286/161
f 1235/2270/25 1236/2273/25 1242/2287/25 1241/2285/25
f 1236/2277/162 1231/2276/162 1237/2288/162 1242/2289/162
f 1237/2279/163 1238/2278/163 1244/2290/163 1243/2291/163
f 1238/2278/23 1239/2280/23 1245/2292/23 1244/2290/23
f 1239/2284/164 1240/2283/164 1246/2293/164 1245/2294/164
f 1240/2286/165 1241/2285/165 1247/2295/165 1246/2296/165
f 1241/2285/25 1242/2287/25 1248/2297/25 1247/2295/25
f 1242/2298/166 1237/2299/166 1243/2300/166 1248/2301/166
f 1243/2291/167 1244/2290/167 1250/2302/167 1249/2303/167
f 1244/2290/23 1245/2292/23 1251/2304/23 1250/2302/23
f 1245/2294/168 1246/2293/168 1252/2305/168 1251/2306/168
f 1246/2307/169 1247/2308/169 1253/2309/169 1252/2310/169
f 1247/2295/25 1248/2297/25 1254/2311/25 1253/2312/25
f 1248/2301/170 1243/2300/170 1249/2313/170 1254/2314/170
f 1249/2315/171 1250/2316/171 1256/2317/171 1255/2318/171
f 1250/2302/23 1251/2304/23 1257/2319/23 1256/2320/23
f 1251/2306/172 1252/2305/172 1258/2321/172 1257/2322/172
f 1252/2310/173 1253/2309/173 1259/2323/173 1258/2324/173
f 1253/2312/25 1254/2311/25 1260/2325/25 1259/2326/25
f 1254/2314/174 1249/2313/174 1255/2327/174 1260/2328/174
f 1255/2318/175 1256/2317/175 1262/2329/175 1261/2330/175
f 1256/2320/23 1257/2319/23 1263/2331/23 1262/2332/23
f 1257/2322/217 1258/2321/217 1264/2333/217 1263/2334/217
f 1258/2324/218 1259/2323/218 1265/2335/218 1264/2336/218
f 1259/2326/25 1260/2325/25 1266/2337/25 1265/2338/25
f 1260/2325/178 1255/2339/178 1261/2340/178 1266/2337/178
f 1261/2330/156 1262/2329/156 1268/2341/156 1267/2342/156
f 1262/2332/23 1263/2331/23 1269/2343/23 1268/2344/23
f 1263/2331/155 1264/2345/155 1270/2346/155 1269/2343/155
f 1264/2336/158 1265/2335/158 1271/2347/158 1270/2348/158
f 1265/2338/25 1266/2337/25 1272/2349/25 1271/2350/25
f 1266/2337/157 1261/2340/157 1267/2351/157 1272/2349/157
f 1267/2352/160 1268/2353/160 1274/2354/160 1273/2355/160
f 1268/2344/23 1269/2343/23 1275/2356/23 1274/2357/23
f 1269/2343/159 1270/2346/159 1276/2358/159 1275/2356/159
f 1270/2359/162 1271/2360/162 1277/2361/162 1276/2362/162
f 1271/2350/25 1272/2349/25 1278/2363/25 1277/2364/25
f 1272/2349/161 1267/2351/161 1273/2365/161 1278/2363/161
f 1273/2355/164 1274/2354/164 1280/2366/164 1279/2367/164
f 1274/2357/23 1275/2356/23 1281/2368/23 1280/2369/23
f 1275/2356/163 1276/2358/163 1282/2370/163 1281/2368/163
f 1276/2362/166 1277/2361/166 1283/2371/166 1282/2372/166
f 1277/2364/25 1278/2363/25 1284/2373/25 1283/2374/25
f 1278/2363/165 1273/2365/165 1279/2375/165 1284/2373/165
f 1279/2367/168 1280/2366/168 1286/2376/168 1285/2377/168
f 1280/2369/23 1281/2368/23 1287/2378/23 1286/2379/23
f 1281/2368/167 1282/2370/167 1288/2380/167 1287/2378/167
f 1282/2372/170 1283/2371/170 1289/2381/170 1288/2382/170
f 1283/2374/25 1284/2373/25 1290/2383/25 1289/2384/25
f 1284/2373/169 1279/2375/169 1285/2385/169 1290/2383/169
f 1285/2377/172 1286/2376/172 1292/2386/172 1291/2387/172
f 1286/2379/23 1287/2378/23 1293/2388/23 1292/2389/23
f 1287/2390/171 1288/2391/171 1294/2392/171 1293/2393/171
f 1288/2382/174 1289/2381/174 1295/2394/174 1294/2395/174
f 1289/2384/25 1290/2383/25 1296/2396/25 1295/2397/25
f 1290/2398/173 1285/2399/173 1291/2400/173 1296/2401/173
f 1291/2387/176 1292/2386/176 1226/2402/176 1225/2403/176
f 1292/2389/23 1293/2388/23 1227/2262/23 1226/2259/23
f 1293/2393/175 1294/2392/175 1228/2265/175 1227/2264/175
f 1294/2404/178 1295/2397/178 1229/2269/178 1228/2268/178
f 1295/2397/25 1296/2396/25 1230/2272/25 1229/2269/25
f 1296/2401/177 1291/2400/177 1225/2275/177 1230/2274/177
f 1395/2588/29 1396/2589/29 1408/2590/29 1407/1756/29
f 1396/2589/30 1397/2591/30 1409/2592/30 1408/2590/30
f 1407/2604/41 1408/2605/41 1420/2606/41 1419/2607/41
f 1408/2605/42 1409/2608/42 1421/2609/42 1420/2606/42
f 1419/2607/53 1420/2606/53 1432/2618/53 1431/2619/53
f 1420/2606/54 1421/2609/54 1433/992/54 1432/2618/54
f 1431/2619/64 1432/2618/64 1444/2625/64 1443/2626/64
f 1432/2618/65 1433/992/65 1445/2627/65 1444/2625/65
f 1443/2626/73 1444/2625/73 1456/2633/73 1455/2634/73
f 1444/2625/74 1445/2627/74 1457/2635/74 1456/2633/74
f 1455/2634/85 1456/2633/85 1468/2641/85 1467/2642/85
f 1456/2633/86 1457/2635/86 1469/2643/86 1468/2641/86
f 1467/2653/97 1468/2655/97 1480/2656/97 1479/2654/97
f 1468/2655/98 1469/2657/98 1481/2658/98 1480/2656/98
f 1609/2865/155 1610/2866/155 1616/2867/155 1615/2868/155
f 1610/2869/23 1611/2870/23 1617/2871/23 1616/2872/23
f 1611/2870/156 1612/2873/156 1618/2874/156 1617/2871/156
f 1612/2875/157 1613/2876/157 1619/2877/157 1618/2878/157
f 1613/2879/25 1614/2880/25 1620/2881/25 1619/2882/25
f 1614/2880/158 1609/2883/158 1615/2884/158 1620/2881/158
f 1615/2868/159 1616/2867/159 1622/2885/159 1621/2886/159
f 1616/2872/23 1617/2871/23 1623/2887/23 1622/2888/23
f 1617/2871/160 1618/2874/160 1624/2889/160 1623/2887/160
f 1618/2890/161 1619/2891/161 1625/2892/161 1624/2893/161
f 1619/2882/25 1620/2881/25 1626/2894/25 1625/2895/25
f 1620/2881/162 1615/2884/162 1621/2896/162 1626/2894/162
f 1621/2897/163 1622/2898/163 1628/2899/163 1627/2900/163
f 1622/2888/23 1623/2887/23 1629/2901/23 1628/2902/23
f 1623/2887/164 1624/2889/164 1630/2903/164 1629/2901/164
f 1624/2893/165 1625/2892/165 1631/2904/165 1630/2905/165
f 1625/2895/25 1626/2894/25 1632/2906/25 1631/2907/25
f 1626/2894/166 1621/2896/166 1627/2908/166 1632/2906/166
f 1627/2900/167 1628/2899/167 1634/2909/167 1633/2910/167
f 1628/2902/23 1629/2901/23 1635/2911/23 1634/2912/23
f 1629/2913/168 1630/2914/168 1636/2915/168 1635/2916/168
f 1630/2905/169 1631/2904/169 1637/2917/169 1636/2918/169
f 1631/2907/25 1632/2906/25 1638/2919/25 1637/2920/25
f 1632/2906/170 1627/2908/170 1633/2921/170 1638/2919/170
f 1633/2910/171 1634/2909/171 1640/2922/171 1639/2923/171
f 1634/2912/23 1635/2911/23 1641/2924/23 1640/2925/23
f 1635/2916/172 1636/2915/172 1642/2926/172 1641/2927/172
f 1636/2918/173 1637/2917/173 1643/2928/173 1642/2929/173
f 1637/2920/25 1638/2919/25 1644/2930/25 1643/2931/25
f 1638/2932/174 1633/2933/174 1639/2934/174 1644/2935/174
f 1639/2936/175 1640/2925/175 1646/2937/175 1645/2938/175
f 1640/2925/23 1641/2924/23 1647/2939/23 1646/2937/23
f 1641/2927/217 1642/2926/217 1648/2940/217 1647/2941/217
f 1642/2929/218 1643/2928/218 1649/2942/218 1648/2943/218
f 1643/2931/25 1644/2930/25 1650/2944/25 1649/2945/25
f 1644/2935/178 1639/2934/178 1645/2946/178 1650/2947/178
f 1645/2938/156 1646/2937/156 1652/2948/156 1651/2949/156
f 1646/2937/23 1647/2939/23 1653/2950/23 1652/2948/23
f 1647/2941/155 1648/2940/155 1654/2951/155 1653/2952/155
f 1648/2953/158 1649/2945/158 1655/2954/158 1654/2955/158
f 1649/2945/25 1650/2944/25 1656/2956/25 1655/2954/25
f 1650/2947/157 1645/2946/157 1651/2957/157 1656/2958/157
f 1651/2949/160 1652/2948/160 1658/2959/160 1657/2960/160
f 1652/2948/23 1653/2950/23 1659/2961/23 1658/2959/23
f 1653/2962/159 1654/2963/159 1660/2964/159 1659/2965/159
f 1654/2955/162 1655/2954/162 1661/2966/162 1660/2967/162
f 1655/2954/25 1656/2956/25 1662/2968/25 1661/2966/25
f 1656/2969/161 1651/2970/161 1657/2971/161 1662/2972/161
f 1657/2960/164 1658/2959/164 1664/2973/164 1663/2974/164
f 1658/2959/23 1659/2961/23 1665/2975/23 1664/2973/23
f 1659/2965/163 1660/2964/163 1666/2976/163 1665/2977/163
f 1660/2967/166 1661/2966/166 1667/2978/166 1666/2979/166
f 1661/2966/25 1662/2968/25 1668/2980/25 1667/2978/25
f 1662/2972/165 1657/2971/165 1663/2981/165 1668/2982/165
f 1663/2974/168 1664/2973/168 1670/2983/168 1669/2984/168
f 1664/2973/23 1665/2975/23 1671/2985/23 1670/2983/23
f 1665/2977/167 1666/2976/167 1672/2986/167 1671/2987/167
f 1666/2979/170 1667/2978/170 1673/2988/170 1672/2989/170
f 1667/2978/25 1668/2980/25 1674/2990/25 1673/2988/25
f 1668/2982/169 1663/2981/169 1669/2991/169 1674/2992/169
f 1669/2993/172 1670/2994/172 1676/2995/172 1675/2996/172
f 1670/2983/23 1671/2985/23 1677/2997/23 1676/2998/23
f 1671/2987/171 1672/2986/171 1678/2999/171 1677/3000/171
f 1672/3001/174 1673/3002/174 1679/3003/174 1678/3004/174
f 1673/2988/25 1674/2990/25 1680/3005/25 1679/3006/25
f 1674/2992/173 1669/2991/173 1675/3007/173 1680/3008/173
f 1675/2996/176 1676/2995/176 1610/2866/176 1609/2865/176
f 1676/2998/23 1677/2997/23 1611/2870/23 1610/2869/23
f 1677/2997/175 1678/3009/175 1612/2873/175 1611/2870/175
f 1678/3004/178 1679/3003/178 1613/2876/178 1612/2875/178
f 1679/3006/25 1680/3005/25 1614/2880/25 1613/2879/25
f 1680/3008/177 1675/3007/177 1609/3010/177 1614/3011/177
f 1681/3012/155 1682/3013/155 1688/3014/155 1687/3015/155
f 1682/3013/23 1683/3016/23 1689/3017/23 1688/3014/23
f 1683/3018/156 1684/3019/156 1690/3020/156 1689/3021/156
f 1684/3022/157 1685/3023/157 1691/3024/157 1690/3025/157
f 1685/3023/25 1686/3026/25 1692/3027/25 1691/3024/25
f 1686/3028/158 1681/3029/158 1687/3030/158 1692/3031/158
f 1687/3015/159 1688/3014/159 1694/3032/159 1693/3033/159
f 1688/3014/23 1689/3017/23 1695/3034/23 1694/3032/23
f 1689/3021/160 1690/3020/160 1696/3035/160 1695/3036/160
f 1690/3025/161 1691/3024/161 1697/3037/161 1696/3038/161
f 1691/3024/25 1692/3027/25 1698/3039/25 1697/3037/25
f 1692/3031/162 1687/3030/162 1693/3040/162 1698/3041/162
f 1693/3033/163 1694/3032/163 1700/3042/163 1699/3043/163
f 1694/3032/23 1695/3034/23 1701/3044/23 1700/3042/23
f 1695/3036/164 1696/3035/164 1702/3045/164 1701/3046/164
f 1696/3038/165 1697/3037/165 1703/3047/165 1702/3048/165
f 1697/3037/25 1698/3039/25 1704/3049/25 1703/3047/25
f 1698/3050/166 1693/3051/166 1699/3052/166 1704/3053/166
f 1699/3043/167 1700/3042/167 1706/3054/167 1705/3055/167
f 1700/3042/23 1701/3044/23 1707/3056/23 1706/3054/23
f 1701/3057/168 1702/3058/168 1708/3059/168 1707/3060/168
f 1702/3048/169 1703/3047/169 1709/3061/169 1708/3062/169
f 1703/3047/25 1704/3049/25 1710/3063/25 1709/3061/25
f 1704/3053/170 1699/3052/170 1705/3064/170 1710/3065/170
f 1705/3055/171 1706/3054/171 1712/3066/171 1711/3067/171
f 1706/3054/23 1707/3056/23 1713/3068/23 1712/3066/23
f 1707/3060/172 1708/3059/172 1714/3069/172 1713/3070/172
f 1708/3062/173 1709/3061/173 1715/3071/173 1714/3072/173
f 1709/3061/25 1710/3063/25 1716/3073/25 1715/3071/25
f 1710/3065/174 1705/3064/174 1711/3074/174 1716/3075/174
f 1711/3076/175 1712/3077/175 1718/3078/175 1717/3079/175
f 1712/3066/23 1713/3068/23 1719/3080/23 1718/3081/23
f 1713/3070/176 1714/3069/176 1720/3082/176 1719/3083/176
f 1714/3084/177 1715/3085/177 1721/3086/177 1720/3087/177
f 1715/3071/25 1716/3073/25 1722/3088/25 1721/3089/25
f 1716/3075/178 1711/3074/178 1717/3090/178 1722/3091/178
f 1717/3079/156 1718/3078/156 1724/3092/156 1723/3093/156
f 1718/3081/23 1719/3080/23 1725/3094/23 1724/3095/23
f 1719/3083/155 1720/3082/155 1726/3096/155 1725/3097/155
f 1720/3087/158 1721/3086/158 1727/3098/158 1726/3099/158
f 1721/3089/25 1722/3088/25 1728/3100/25 1727/3101/25
f 1722/3088/157 1717/3102/157 1723/3103/157 1728/3100/157
f 1723/3093/160 1724/3092/160 1730/3104/160 1729/3105/160
f 1724/3095/23 1725/3094/23 1731/3106/23 1730/3107/23
f 1725/3094/159 1726/3108/159 1732/3109/159 1731/3106/159
f 1726/3099/162 1727/3098/162 1733/3110/162 1732/3111/162
f 1727/3101/25 1728/3100/25 1734/3112/25 1733/3113/25
f 1728/3100/161 1723/3103/161 1729/3114/161 1734/3112/161
f 1729/3105/164 1730/3104/164 1736/3115/164 1735/3116/164
f 1730/3107/23 1731/3106/23 1737/3117/23 1736/3118/23
f 1731/3106/163 1732/3109/163 1738/3119/163 1737/3117/163
f 1732/3111/166 1733/3110/166 1739/3120/166 1738/3121/166
f 1733/3113/25 1734/3112/25 1740/3122/25 1739/3123/25
f 1734/3112/165 1729/3114/165 1735/3124/165 1740/3122/165
f 1735/3125/168 1736/3126/168 1742/3127/168 1741/3128/168
f 1736/3118/23 1737/3117/23 1743/3129/23 1742/3130/23
f 1737/3117/167 1738/3119/167 1744/3131/167 1743/3129/167
f 1738/3132/170 1739/3133/170 1745/3134/170 1744/3135/170
f 1739/3123/25 1740/3122/25 1746/3136/25 1745/3137/25
f 1740/3122/169 1735/3124/169 1741/3138/169 1746/3136/169
f 1741/3128/172 1742/3127/172 1748/3139/172 1747/3140/172
f 1742/3130/23 1743/3129/23 1749/3141/23 1748/3142/23
f 1743/3129/171 1744/3131/171 1750/3143/171 1749/3141/171
f 1744/3135/174 1745/3134/174 1751/3144/174 1750/3145/174
f 1745/3137/25 1746/3136/25 1752/3146/25 1751/3147/25
f 1746/3148/173 1741/3149/173 1747/3150/173 1752/3151/173
f 1747/3140/176 1748/3139/176 1682/3152/176 1681/3153/176
f 1748/3142/23 1749/3141/23 1683/3016/23 1682/3013/23
f 1749/3154/175 1750/3155/175 1684/3019/175 1683/3018/175
f 1750/3145/178 1751/3144/178 1685/3156/178 1684/3157/178
f 1751/3147/25 1752/3146/25 1686/3026/25 1685/3023/25
f 1752/3151/177 1747/3150/177 1681/3029/177 1686/3028/177
f 1851/3344/29 1852/3346/29 1864/3347/29 1863/3345/29
f 1852/3346/30 1853/3348/30 1865/3349/30 1864/3347/30
f 1863/3366/41 1864/3368/41 1876/3369/41 1875/3367/41
f 1864/3370/42 1865/3371/42 1877/3372/42 1876/3373/42
f 1875/3367/53 1876/3369/53 1888/3388/53 1887/3387/53
f 1876/3373/54 1877/3372/54 1889/3389/54 1888/3390/54
f 1887/3387/64 1888/3388/64 1900/3400/64 1899/3399/64
f 1888/3390/65 1889/3389/65 1901/3401/65 1900/3402/65
f 1899/3399/73 1900/3400/73 1912/3413/73 1911/3412/73
f 1900/3402/74 1901/3401/74 1913/3414/74 1912/3415/74
f 1911/3412/85 1912/3413/85 1924/3426/85 1923/3425/85
f 1912/3415/86 1913/3414/86 1925/3427/86 1924/3428/86
f 1923/3439/97 1924/3441/97 1936/3442/97 1935/3440/97
f 1924/3441/98 1925/3443/98 1937/3444/98 1936/3442/98
f 2065/3582/155 2066/3583/155 2072/3584/155 2071/3585/155
f 2066/3586/23 2067/3587/23 2073/3588/23 2072/3589/23
f 2067/3587/156 2068/3590/156 2074/3591/156 2073/3588/156
f 2068/3592/157 2069/3593/157 2075/3594/157 2074/3595/157
f 2069/3596/25 2070/3597/25 2076/3598/25 2075/3599/25
f 2070/3597/158 2065/3600/158 2071/3601/158 2076/3598/158
f 2071/3602/159 2072/3603/159 2078/3604/159 2077/3605/159
f 2072/3589/23 2073/3588/23 2079/3606/23 2078/3607/23
f 2073/3588/160 2074/3591/160 2080/3608/160 2079/3606/160
f 2074/3609/161 2075/3610/161 2081/3611/161 2080/3612/161
f 2075/3599/25 2076/3598/25 2082/3613/25 2081/3614/25
f 2076/3598/162 2071/3601/162 2077/3615/162 2082/3613/162
f 2077/3605/163 2078/3604/163 2084/3616/163 2083/3617/163
f 2078/3607/23 2079/3606/23 2085/3618/23 2084/3619/23
f 2079/3606/164 2080/3608/164 2086/3620/164 2085/3618/164
f 2080/3612/165 2081/3611/165 2087/3621/165 2086/3622/165
f 2081/3614/25 2082/3613/25 2088/3623/25 2087/3624/25
f 2082/3625/166 2077/3626/166 2083/3627/166 2088/3628/166
f 2083/3617/167 2084/3616/167 2090/3629/167 2089/3630/167
f 2084/3619/23 2085/3618/23 2091/3631/23 2090/3632/23
f 2085/3633/168 2086/3634/168 2092/3635/168 2091/3636/168
f 2086/3622/169 2087/3621/169 2093/3637/169 2092/3638/169
f 2087/3624/25 2088/3623/25 2094/3639/25 2093/3640/25
f 2088/3628/170 2083/3627/170 2089/3641/170 2094/3642/170
f 2089/3630/171 2090/3629/171 2096/3643/171 2095/3644/171
f 2090/3632/23 2091/3631/23 2097/3645/23 2096/3646/23
f 2091/3636/172 2092/3635/172 2098/3647/172 2097/3648/172
f 2092/3649/173 2093/3640/173 2099/3650/173 2098/3651/173
f 2093/3640/25 2094/3639/25 2100/3652/25 2099/3650/25
f 2094/3642/174 2089/3641/174 2095/3653/174 2100/3654/174
f 2095/3655/175 2096/3646/175 2102/3656/175 2101/3657/175
f 2096/3646/23 2097/3645/23 2103/3658/23 2102/3656/23
f 2097/3648/176 2098/3647/176 2104/3659/176 2103/3660/176
f 2098/3651/177 2099/3650/177 2105/3661/177 2104/3662/177
f 2099/3650/25 2100/3652/25 2106/3663/25 2105/3661/25
f 2100/3654/178 2095/3653/178 2101/3664/178 2106/3665/178
f 2101/3657/156 2102/3656/156 2108/3666/156 2107/3667/156
f 2102/3656/23 2103/3658/23 2109/3668/23 2108/3666/23
f 2103/3660/155 2104/3659/155 2110/3669/155 2109/3670/155
f 2104/3662/158 2105/3661/158 2111/3671/158 2110/3672/158
f 2105/3661/25 2106/3663/25 2112/3673/25 2111/3671/25
f 2106/3665/157 2101/3664/157 2107/3674/157 2112/3675/157
f 2107/3667/160 2108/3666/160 2114/3676/160 2113/3677/160
f 2108/3666/23 2109/3668/23 2115/3678/23 2114/3676/23
f 2109/3679/159 2110/3680/159 2116/3681/159 2115/3682/159
f 2110/3672/162 2111/3671/162 2117/3683/162 2116/3684/162
f 2111/3671/25 2112/3673/25 2118/3685/25 2117/3683/25
f 2112/3686/161 2107/3687/161 2113/3688/161 2118/3689/161
f 2113/3677/164 2114/3676/164 2120/3690/164 2119/3691/164
f 2114/3676/23 2115/3678/23 2121/3692/23 2120/3690/23
f 2115/3682/163 2116/3681/163 2122/3693/163 2121/3694/163
f 2116/3684/166 2117/3683/166 2123/3695/166 2122/3696/166
f 2117/3683/25 2118/3685/25 2124/3697/25 2123/3695/25
f 2118/3689/165 2113/3688/165 2119/3698/165 2124/3699/165
f 2119/3700/168 2120/3701/168 2126/3702/168 2125/3703/168
f 2120/3690/23 2121/3692/23 2127/3704/23 2126/3705/23
f 2121/3694/167 2122/3693/167 2128/3706/167 2127/3707/167
f 2122/3708/170 2123/3709/170 2129/3710/170 2128/3711/170
f 2123/3695/25 2124/3697/25 2130/3712/25 2129/3713/25
f 2124/3699/169 2119/3698/169 2125/3714/169 2130/3715/169
f 2125/3703/172 2126/3702/172 2132/3716/172 2131/3717/172
f 2126/3705/23 2127/3704/23 2133/3718/23 2132/3719/23
f 2127/3704/171 2128/3720/171 2134/3721/171 2133/3718/171
f 2128/3711/174 2129/3710/174 2135/3722/174 2134/3723/174
f 2129/3713/25 2130/3712/25 2136/3724/25 2135/3725/25
f 2130/3715/173 2125/3714/173 2131/3726/173 2136/3727/173
f 2131/3717/176 2132/3716/176 2066/3583/176 2065/3582/176
f 2132/3719/23 2133/3718/23 2067/3587/23 2066/3586/23
f 2133/3718/175 2134/3721/175 2068/3590/175 2067/3587/175
f 2134/3723/178 2135/3722/178 2069/3593/178 2068/3592/178
f 2135/3725/25 2136/3724/25 2070/3597/25 2069/3596/25
f 2136/3724/177 2131/3728/177 2065/3600/177 2070/3597/177
f 2137/3729/155 2138/3730/155 2144/3731/155 2143/3732/155
f 2138/3730/23 2139/3733/23 2145/3734/23 2144/3731/23
f 2139/3735/156 2140/3736/156 2146/3737/156 2145/3738/156
f 2140/3739/157 2141/3740/157 2147/3741/157 2146/3742/157
f 2141/3740/25 2142/3743/25 2148/3744/25 2147/3741/25
f 2142/3745/158 2137/3746/158 2143/3747/158 2148/3748/158
f 2143/3749/159 2144/3750/159 2150/3751/159 2149/3752/159
f 2144/3731/23 2145/3734/23 2151/3753/23 2150/3754/23
f 2145/3738/160 2146/3737/160 2152/3755/160 2151/3756/160
f 2146/3742/161 2147/3741/161 2153/3757/161 2152/3758/161
f 2147/3741/25 2148/3744/25 2154/3759/25 2153/3757/25
f 2148/3748/162 2143/3747/162 2149/3760/162 2154/3761/162
f 2149/3752/163 2150/3751/163 2156/3762/163 2155/3763/163
f 2150/3754/23 2151/3753/23 2157/3764/23 2156/3765/23
f 2151/3756/164 2152/3755/164 2158/3766/164 2157/3767/164
f 2152/3768/165 2153/3769/165 2159/3770/165 2158/3771/165
f 2153/3757/25 2154/3759/25 2160/3772/25 2159/3773/25
f 2154/3761/166 2149/3760/166 2155/3774/166 2160/3775/166
f 2155/3763/167 2156/3762/167 2162/3776/167 2161/3777/167
f 2156/3765/23 2157/3764/23 2163/3778/23 2162/3779/23
f 2157/3764/168 2158/3780/168 2164/3781/168 2163/3778/168
f 2158/3771/169 2159/3770/169 2165/3782/169 2164/3783/169
f 2159/3773/25 2160/3772/25 2166/3784/25 2165/3785/25
f 2160/3775/170 2155/3774/170 2161/3786/170 2166/3787/170
f 2161/3777/171 2162/3776/171 2168/3788/171 2167/3789/171
f 2162/3779/23 2163/3778/23 2169/3790/23 2168/3791/23
f 2163/3778/172 2164/3781/172 2170/3792/172 2169/3790/172
f 2164/3783/173 2165/3782/173 2171/3793/173 2170/3794/173
f 2165/3785/25 2166/3784/25 2172/3795/25 2171/3796/25
f 2166/3784/174 2161/3797/174 2167/3798/174 2172/3795/174
f 2167/3799/175 2168/3800/175 2174/3801/175 2173/3802/175
f 2168/3791/23 2169/3790/23 2175/3803/23 2174/3804/23
f 2169/3790/176 2170/3792/176 2176/3805/176 2175/3803/176
f 2170/3806/177 2171/3807/177 2177/3808/177 2176/3809/177
f 2171/3796/25 2172/3795/25 2178/3810/25 2177/3811/25
f 2172/3795/178 2167/3798/178 2173/3812/178 2178/3810/178
f 2173/3802/156 2174/3801/156 2180/3813/156 2179/3814/156
f 2174/3804/23 2175/3803/23 2181/3815/23 2180/3816/23
f 2175/3803/155 2176/3805/155 2182/3817/155 2181/3815/155
f 2176/3809/158 2177/3808/158 2183/3818/158 2182/3819/158
f 2177/3811/25 2178/3810/25 2184/3820/25 2183/3821/25
f 2178/3810/157 2173/3812/157 2179/3822/157 2184/3820/157
f 2179/3814/160 2180/3813/160 2186/3823/160 2185/3824/160
f 2180/3816/23 2181/3815/23 2187/3825/23 2186/3826/23
f 2181/3815/159 2182/3817/159 2188/3827/159 2187/3825/159
f 2182/3819/162 2183/3818/162 2189/3828/162 2188/3829/162
f 2183/3821/25 2184/3820/25 2190/3830/25 2189/3831/25
f 2184/3832/161 2179/3833/161 2185/3834/161 2190/3835/161
f 2185/3824/164 2186/3823/164 2192/3836/164 2191/3837/164
f 2186/3826/23 2187/3825/23 2193/3838/23 2192/3839/23
f 2187/3840/163 2188/3841/163 2194/3842/163 2193/3843/163
f 2188/3829/166 2189/3828/166 2195/3844/166 2194/3845/166
f 2189/3831/25 2190/3830/25 2196/3846/25 2195/3847/25
f 2190/3835/165 2185/3834/165 2191/3848/165 2196/3849/165
f 2191/3837/168 2192/3836/168 2198/3850/168 2197/3851/168
f 2192/3839/23 2193/3838/23 2199/3852/23 2198/3853/23
f 2193/3843/167 2194/3842/167 2200/3854/167 2199/3855/167
f 2194/3856/170 2195/3847/170 2201/3857/170 2200/3858/170
f 2195/3847/25 2196/3846/25 2202/3859/25 2201/3857/25
f 2196/3849/169 2191/3848/169 2197/3860/169 2202/3861/169
f 2197/3862/172 2198/3853/172 2204/3863/172 2203/3864/172
f 2198/3853/23 2199/3852/23 2205/3865/23 2204/3863/23
f 2199/3855/171 2200/3854/171 2206/3866/171 2205/3867/171
f 2200/3858/174 2201/3857/174 2207/3868/174 2206/3869/174
f 2201/3857/25 2202/3859/25 2208/3870/25 2207/3868/25
f 2202/3861/173 2197/3860/173 2203/3871/173 2208/3872/173
f 2203/3864/176 2204/3863/176 2138/3730/176 2137/3729/176
f 2204/3863/23 2205/3865/23 2139/3733/23 2138/3730/23
f 2205/3873/175 2206/3874/175 2140/3736/175 2139/3735/175
f 2206/3869/178 2207/3868/178 2141/3740/178 2140/3739/178
f 2207/3868/25 2208/3870/25 2142/3743/25 2141/3740/25
f 2208/3875/177 2203/3876/177 2137/3746/177 2142/3745/177
f 2307/1854/29 2308/1855/29 2320/1852/29 2319/4057/29
f 2308/1855/30 2309/4058/30 2321/1874/30 2320/1852/30
f 2319/4073/41 2320/4075/41 2332/4076/41 2331/4074/41
f 2320/4075/42 2321/4077/42 2333/4078/42 2332/4076/42
f 2331/4074/53 2332/4076/53 2344/4102/53 2343/4101/53
f 2332/4076/54 2333/4078/54 2345/4103/54 2344/4102/54
f 2343/4101/64 2344/4102/64 2356/4117/64 2355/4115/64
f 2344/4102/65 2345/4103/65 2357/4118/65 2356/4117/65
f 2355/4115/73 2356/4117/73 2368/4129/73 2367/4127/73
f 2356/4117/74 2357/4118/74 2369/4130/74 2368/4129/74
f 2367/4127/85 2368/4129/85 2380/4145/85 2379/4143/85
f 2368/4129/86 2369/4130/86 2381/4146/86 2380/4145/86
f 2379/4158/97 2380/4160/97 2392/4161/97 2391/4159/97
f 2380/4160/98 2381/4162/98 2393/4163/98 2392/4161/98
f 2521/4207/155 2522/4208/155 2528/4209/155 2527/4210/155
f 2522/4211/23 2523/4212/23 2529/4213/23 2528/4214/23
f 2523/4212/156 2524/4215/156 2530/4216/156 2529/4213/156
f 2524/4217/157 2525/4218/157 2531/4219/157 2530/4220/157
f 2525/4221/25 2526/4222/25 2532/4223/25 2531/4224/25
f 2526/4222/158 2521/4225/158 2527/4226/158 2532/4223/158
f 2527/4210/159 2528/4209/159 2534/4227/159 2533/4228/159
f 2528/4214/23 2529/4213/23 2535/4229/23 2534/4230/23
f 2529/4213/160 2530/4216/160 2536/4231/160 2535/4229/160
f 2530/4220/161 2531/4219/161 2537/4232/161 2536/4233/161
f 2531/4224/25 2532/4223/25 2538/4234/25 2537/4235/25
f 2532/4236/162 2527/4237/162 2533/4238/162 2538/4239/162
f 2533/4228/163 2534/4227/163 2540/4240/163 2539/4241/163
f 2534/4230/23 2535/4229/23 2541/4242/23 2540/4243/23
f 2535/4244/164 2536/4245/164 2542/4246/164 2541/4247/164
f 2536/4233/165 2537/4232/165 2543/4248/165 2542/4249/165
f 2537/4235/25 2538/4234/25 2544/4250/25 2543/4251/25
f 2538/4239/166 2533/4238/166 2539/4252/166 2544/4253/166
f 2539/4241/167 2540/4240/167 2546/4254/167 2545/4255/167
f 2540/4243/23 2541/4242/23 2547/4256/23 2546/4257/23
f 2541/4247/168 2542/4246/168 2548/4258/168 2547/4259/168
f 2542/4260/169 2543/4251/169 2549/4261/169 2548/4262/169
f 2543/4251/25 2544/4250/25 2550/4263/25 2549/4261/25
f 2544/4253/170 2539/4252/170 2545/4264/170 2550/4265/170
f 2545/4266/171 2546/4257/171 2552/4267/171 2551/4268/171
f 2546/4257/23 2547/4256/23 2553/4269/23 2552/4267/23
f 2547/4259/172 2548/4258/172 2554/4270/172 2553/4271/172
f 2548/4262/173 2549/4261/173 2555/4272/173 2554/4273/173
f 2549/4261/25 2550/4263/25 2556/4274/25 2555/4272/25
f 2550/4265/174 2545/4264/174 2551/4275/174 2556/4276/174
f 2551/4268/175 2552/4267/175 2558/4277/175 2557/4278/175
f 2552/4267/23 2553/4269/23 2559/4279/23 2558/4277/23
f 2553/4280/176 2554/4281/176 2560/4282/176 2559/4283/176
f 2554/4273/177 2555/4272/177 2561/4284/177 2560/4285/177
f 2555/4272/25 2556/4274/25 2562/4286/25 2561/4284/25
f 2556/4287/178 2551/4288/178 2557/4289/178 2562/4290/178
f 2557/4278/156 2558/4277/156 2564/4291/156 2563/4292/156
f 2558/4277/23 2559/4279/23 2565/4293/23 2564/4291/23
f 2559/4283/155 2560/4282/155 2566/4294/155 2565/4295/155
f 2560/4285/158 2561/4284/158 2567/4296/158 2566/4297/158
f 2561/4284/25 2562/4286/25 2568/4298/25 2567/4296/25
f 2562/4290/157 2557/4289/157 2563/4299/157 2568/4300/157
f 2563/4301/160 2564/4302/160 2570/4303/160 2569/4304/160
f 2564/4291/23 2565/4293/23 2571/4305/23 2570/4306/23
f 2565/4295/159 2566/4294/159 2572/4307/159 2571/4308/159
f 2566/4297/162 2567/4296/162 2573/4309/162 2572/4310/162
f 2567/4296/25 2568/4298/25 2574/4311/25 2573/4309/25
f 2568/4300/161 2563/4299/161 2569/4312/161 2574/4313/161
f 2569/4304/164 2570/4303/164 2576/4314/164 2575/4315/164
f 2570/4306/23 2571/4305/23 2577/4316/23 2576/4317/23
f 2571/4308/163 2572/4307/163 2578/4318/163 2577/4319/163
f 2572/4320/166 2573/4321/166 2579/4322/166 2578/4323/166
f 2573/4309/25 2574/4311/25 2580/4324/25 2579/4325/25
f 2574/4313/165 2569/4312/165 2575/4326/165 2580/4327/165
f 2575/4315/168 2576/4314/168 2582/4328/168 2581/4329/168
f 2576/4317/23 2577/4316/23 2583/4330/23 2582/4331/23
f 2577/4316/167 2578/4332/167 2584/4333/167 2583/4330/167
f 2578/4323/170 2579/4322/170 2585/4334/170 2584/4335/170
f 2579/4325/25 2580/4324/25 2586/4336/25 2585/4337/25
f 2580/4327/169 2575/4326/169 2581/4338/169 2586/4339/169
f 2581/4329/172 2582/4328/172 2588/4340/172 2587/4341/172
f 2582/4331/23 2583/4330/23 2589/4342/23 2588/4343/23
f 2583/4330/171 2584/4333/171 2590/4344/171 2589/4342/171
f 2584/4335/174 2585/4334/174 2591/4345/174 2590/4346/174
f 2585/4337/25 2586/4336/25 2592/4347/25 2591/4348/25
f 2586/4336/173 2581/4349/173 2587/4350/173 2592/4347/173
f 2587/4351/176 2588/4352/176 2522/4208/176 2521/4207/176
f 2588/4343/23 2589/4342/23 2523/4212/23 2522/4211/23
f 2589/4342/175 2590/4344/175 2524/4215/175 2523/4212/175
f 2590/4353/178 2591/4354/178 2525/4218/178 2524/4217/178
f 2591/4348/25 2592/4347/25 2526/4222/25 2525/4221/25
f 2592/4347/177 2587/4350/177 2521/4225/177 2526/4222/177
f 2593/4355/155 2594/4356/155 2600/4357/155 2599/4358/155
f 2594/4356/23 2595/4359/23 2601/4360/23 2600/4357/23
f 2595/4361/156 2596/4362/156 2602/4363/156 2601/4364/156
f 2596/4365/157 2597/4366/157 2603/4367/157 2602/4368/157
f 2597/4366/25 2598/4369/25 2604/4370/25 2603/4367/25
f 2598/4371/158 2593/4372/158 2599/4373/158 2604/4374/158
f 2599/4358/159 2600/4357/159 2606/4375/159 2605/4376/159
f 2600/4357/23 2601/4360/23 2607/4377/23 2606/4375/23
f 2601/4378/160 2602/4379/160 2608/4380/160 2607/4381/160
f 2602/4368/161 2603/4367/161 2609/4382/161 2608/4383/161
f 2603/4367/25 2604/4370/25 2610/4384/25 2609/4382/25
f 2604/4385/162 2599/4386/162 2605/4387/162 2610/4388/162
f 2605/4389/163 2606/4390/163 2612/4391/163 2611/4392/163
f 2606/4375/23 2607/4377/23 2613/4393/23 2612/4394/23
f 2607/4381/164 2608/4380/164 2614/4395/164 2613/4396/164
f 2608/4383/165 2609/4382/165 2615/4397/165 2614/4398/165
f 2609/4382/25 2610/4384/25 2616/4399/25 2615/4397/25
f 2610/4388/166 2605/4387/166 2611/4400/166 2616/4401/166
f 2611/4392/167 2612/4391/167 2618/4402/167 2617/4403/167
f 2612/4394/23 2613/4393/23 2619/4404/23 2618/4405/23
f 2613/4396/168 2614/4395/168 2620/4406/168 2619/4407/168
f 2614/4408/169 2615/4409/169 2621/4410/169 2620/4411/169
f 2615/4397/25 2616/4399/25 2622/4412/25 2621/4413/25
f 2616/4401/170 2611/4400/170 2617/4414/170 2622/4415/170
f 2617/4403/171 2618/4402/171 2624/4416/171 2623/4417/171
f 2618/4405/23 2619/4404/23 2625/4418/23 2624/4419/23
f 2619/4404/172 2620/4420/172 2626/4421/172 2625/4418/172
f 2620/4411/173 2621/4410/173 2627/4422/173 2626/4423/173
f 2621/4413/25 2622/4412/25 2628/4424/25 2627/4425/25
f 2622/4415/174 2617/4414/174 2623/4426/174 2628/4427/174
f 2623/4417/175 2624/4416/175 2630/4428/175 2629/4429/175
f 2624/4419/23 2625/4418/23 2631/4430/23 2630/4431/23
f 2625/4418/176 2626/4421/176 2632/4432/176 2631/4430/176
f 2626/4423/177 2627/4422/177 2633/4433/177 2632/4434/177
f 2627/4425/25 2628/4424/25 2634/4435/25 2633/4436/25
f 2628/4424/178 2623/4437/178 2629/4438/178 2634/4435/178
f 2629/4429/156 2630/4428/156 2636/4439/156 2635/4440/156
f 2630/4431/23 2631/4430/23 2637/4441/23 2636/4442/23
f 2631/4430/155 2632/4432/155 2638/4443/155 2637/4441/155
f 2632/4434/158 2633/4433/158 2639/4444/158 2638/4445/158
f 2633/4436/25 2634/4435/25 2640/4446/25 2639/4447/25
f 2634/4435/157 2629/4438/157 2635/4448/157 2640/4446/157
f 2635/4449/160 2636/4450/160 2642/4451/160 2641/4452/160
f 2636/4442/23 2637/4441/23 2643/4453/23 2642/4454/23
f 2637/4441/159 2638/4443/159 2644/4455/159 2643/4453/159
f 2638/4456/162 2639/4457/162 2645/4458/162 2644/4459/162
f 2639/4447/25 2640/4446/25 2646/4460/25 2645/4461/25
f 2640/4446/161 2635/4448/161 2641/4462/161 2646/4460/161
f 2641/4452/164 2642/4451/164 2648/4463/164 2647/4464/164
f 2642/4454/23 2643/4453/23 2649/4465/23 2648/4466/23
f 2643/4453/163 2644/4455/163 2650/4467/163 2649/4465/163
f 2644/4459/166 2645/4458/166 2651/4468/166 2650/4469/166
f 2645/4461/25 2646/4460/25 2652/4470/25 2651/4471/25
f 2646/4460/165 2641/4462/165 2647/4472/165 2652/4470/165
f 2647/4464/168 2648/4463/168 2654/4473/168 2653/4474/168
f 2648/4466/23 2649/4465/23 2655/4475/23 2654/4476/23
f 2649/4477/167 2650/4478/167 2656/4479/167 2655/4480/167
f 2650/4469/170 2651/4468/170 2657/4481/170 2656/4482/170
f 2651/4471/25 2652/4470/25 2658/4483/25 2657/4484/25
f 2652/4485/169 2647/4486/169 2653/4487/169 2658/4488/169
f 2653/4474/172 2654/4473/172 2660/4489/172 2659/4490/172
f 2654/4476/23 2655/4475/23 2661/4491/23 2660/4492/23
f 2655/4480/171 2656/4479/171 2662/4493/171 2661/4494/171
f 2656/4495/174 2657/4484/174 2663/4496/174 2662/4497/174
f 2657/4484/25 2658/4483/25 2664/4498/25 2663/4496/25
f 2658/4488/173 2653/4487/173 2659/4499/173 2664/4500/173
f 2659/4501/176 2660/4492/176 2594/4356/176 2593/4355/176
f 2660/4492/23 2661/4491/23 2595/4359/23 2594/4356/23
f 2661/4494/175 2662/4493/175 2596/4362/175 2595/4361/175
f 2662/4497/178 2663/4496/178 2597/4366/178 2596/4365/178
f 2663/4496/25 2664/4498/25 2598/4369/25 2597/4366/25
f 2664/4500/177 2659/4499/177 2593/4372/177 2598/4371/177
usemtl Barrel_dark
f 32/65/34 33/67/34 45/68/34 44/66/34
f 33/67/35 34/69/35 46/70/35 45/68/35
f 44/93/46 45/95/46 57/96/46 56/94/46
f 45/95/47 46/97/47 58/98/47 57/96/47
f 56/94/58 57/96/58 69/115/58 68/114/58
f 57/96/59 58/98/59 70/116/59 69/115/59
f 68/114/17 69/115/17 81/130/17 80/129/17
f 69/115/68 70/116/68 82/131/68 81/130/68
f 80/129/78 81/130/78 93/145/78 92/144/78
f 81/130/79 82/131/79 94/146/79 93/145/79
f 92/144/90 93/145/90 105/160/90 104/159/90
f 93/145/91 94/146/91 106/161/91 105/160/91
f 104/179/102 105/181/102 117/182/102 116/180/102
f 105/181/103 106/183/103 118/184/103 117/182/103
f 121/189/107 122/190/107 127/191/107 126/192/107
f 122/193/108 123/194/108 128/195/108 127/196/108
f 123/197/67 124/198/67 129/199/67 128/200/67
f 124/201/109 125/202/109 130/203/109 129/204/109
f 125/205/110 121/189/110 126/192/110 130/206/110
f 126/192/111 127/191/111 132/207/111 131/208/111
f 127/196/112 128/195/112 133/209/112 132/210/112
f 128/200/17 129/199/17 134/211/17 133/212/17
f 129/204/113 130/203/113 135/213/113 134/214/113
f 130/206/114 126/192/114 131/208/114 135/215/114
f 131/216/115 132/217/115 137/218/115 136/219/115
f 132/210/116 133/209/116 138/220/116 137/221/116
f 133/222/68 134/223/68 139/224/68 138/225/68
f 134/214/117 135/213/117 140/226/117 139/227/117
f 135/228/118 131/216/118 136/219/118 140/229/118
f 136/219/119 137/218/119 142/230/119 141/231/119
f 137/221/120 138/220/120 143/232/120 142/233/120
f 138/225/69 139/224/69 144/234/69 143/235/69
f 139/227/121 140/226/121 145/236/121 144/237/121
f 140/229/122 136/219/122 141/231/122 145/238/122
f 141/231/123 142/230/123 147/239/123 146/240/123
f 142/233/124 143/232/124 148/241/124 147/242/124
f 143/235/11 144/234/11 149/243/11 148/244/11
f 144/237/125 145/236/125 150/245/125 149/246/125
f 145/238/126 141/231/126 146/240/126 150/247/126
f 146/248/127 147/249/127 152/250/127 151/251/127
f 147/242/128 148/241/128 153/252/128 152/253/128
f 148/254/70 149/255/70 154/256/70 153/257/70
f 149/246/129 150/245/129 155/258/129 154/259/129
f 150/260/130 146/248/130 151/251/130 155/261/130
f 151/251/131 152/250/131 157/262/131 156/263/131
f 152/253/132 153/252/132 158/264/132 157/265/132
f 153/257/63 154/256/63 159/266/63 158/267/63
f 154/259/133 155/258/133 160/268/133 159/269/133
f 155/261/134 151/251/134 156/263/134 160/270/134
f 156/263/135 157/262/135 162/271/135 161/272/135
f 157/265/136 158/264/136 163/273/136 162/274/136
f 158/267/9 159/266/9 164/275/9 163/276/9
f 159/269/137 160/268/137 165/277/137 164/278/137
f 160/270/138 156/263/138 161/272/138 165/279/138
f 161/280/139 162/281/139 167/282/139 166/283/139
f 162/274/140 163/273/140 168/284/140 167/285/140
f 163/286/64 164/287/64 169/288/64 168/289/64
f 164/278/141 165/277/141 170/290/141 169/291/141
f 165/292/142 161/280/142 166/283/142 170/293/142
f 166/283/143 167/282/143 172/294/143 171/295/143
f 167/285/144 168/284/144 173/296/144 172/297/144
f 168/289/65 169/288/65 174/298/65 173/299/65
f 169/291/145 170/290/145 175/300/145 174/301/145
f 170/293/146 166/283/146 171/295/146 175/302/146
f 171/295/147 172/294/147 177/303/147 176/304/147
f 172/297/148 173/296/148 178/305/148 177/306/148
f 173/299/16 174/298/16 179/307/16 178/308/16
f 174/301/149 175/300/149 180/309/149 179/310/149
f 175/302/150 171/295/150 176/304/150 180/311/150
f 176/312/151 177/313/151 122/190/151 121/189/151
f 177/306/152 178/305/152 123/194/152 122/193/152
f 178/314/66 179/315/66 124/198/66 123/197/66
f 179/310/153 180/309/153 125/202/153 124/201/153
f 180/316/154 176/312/154 121/189/154 125/205/154
f 181/317/107 182/318/107 187/319/107 186/320/107
f 182/318/108 183/321/108 188/322/108 187/319/108
f 183/323/67 184/324/67 189/325/67 188/326/67
f 184/324/109 185/327/109 190/328/109 189/325/109
f 185/329/110 181/330/110 186/331/110 190/332/110
f 186/320/111 187/319/111 192/333/111 191/334/111
f 187/319/112 188/322/112 193/335/112 192/333/112
f 188/326/17 189/325/17 194/336/17 193/337/17
f 189/325/113 190/328/113 195/338/113 194/336/113
f 190/332/114 186/331/114 191/339/114 195/340/114
f 191/334/115 192/333/115 197/341/115 196/342/115
f 192/333/116 193/335/116 198/343/116 197/341/116
f 193/337/68 194/336/68 199/344/68 198/345/68
f 194/336/117 195/338/117 200/346/117 199/344/117
f 195/340/118 191/339/118 196/347/118 200/348/118
f 196/349/119 197/350/119 202/351/119 201/352/119
f 197/341/120 198/343/120 203/353/120 202/354/120
f 198/355/69 199/356/69 204/357/69 203/358/69
f 199/344/121 200/346/121 205/359/121 204/360/121
f 200/361/122 196/349/122 201/352/122 205/362/122
f 201/352/123 202/351/123 207/363/123 206/364/123
f 202/354/124 203/353/124 208/365/124 207/366/124
f 203/358/11 204/357/11 209/367/11 208/368/11
f 204/360/125 205/359/125 210/369/125 209/370/125
f 205/362/126 201/352/126 206/364/126 210/371/126
f 206/364/127 207/363/127 212/372/127 211/373/127
f 207/366/128 208/365/128 213/374/128 212/375/128
f 208/368/70 209/367/70 214/376/70 213/377/70
f 209/378/129 210/379/129 215/380/129 214/381/129
f 210/371/130 206/364/130 211/373/130 215/382/130
f 211/383/131 212/375/131 217/384/131 216/385/131
f 212/375/132 213/374/132 218/386/132 217/384/132
f 213/387/63 214/381/63 219/388/63 218/389/63
f 214/381/133 215/380/133 220/390/133 219/388/133
f 215/391/134 211/392/134 216/393/134 220/394/134
f 216/385/135 217/384/135 222/395/135 221/396/135
f 217/384/136 218/386/136 223/397/136 222/395/136
f 218/389/9 219/388/9 224/398/9 223/399/9
f 219/388/137 220/390/137 225/400/137 224/398/137
f 220/394/138 216/393/138 221/401/138 225/402/138
f 221/396/139 222/395/139 227/403/139 226/404/139
f 222/395/140 223/397/140 228/405/140 227/403/140
f 223/399/64 224/398/64 229/406/64 228/407/64
f 224/398/141 225/400/141 230/408/141 229/406/141
f 225/402/142 221/401/142 226/409/142 230/410/142
f 226/411/143 227/412/143 232/413/143 231/414/143
f 227/403/144 228/405/144 233/415/144 232/416/144
f 228/417/65 229/418/65 234/419/65 233/420/65
f 229/406/145 230/408/145 235/421/145 234/422/145
f 230/423/146 226/411/146 231/414/146 235/424/146
f 231/414/147 232/413/147 237/425/147 236/426/147
f 232/416/148 233/415/148 238/427/148 237/428/148
f 233/420/16 234/419/16 239/429/16 238/430/16
f 234/431/149 235/432/149 240/433/149 239/434/149
f 235/424/150 231/414/150 236/426/150 240/435/150
f 236/426/151 237/425/151 182/436/151 181/437/151
f 237/428/152 238/427/152 183/321/152 182/318/152
f 238/430/66 239/429/66 184/438/66 183/439/66
f 239/434/153 240/433/153 185/327/153 184/324/153
f 240/435/154 236/426/154 181/437/154 185/440/154
f 488/930/34 489/932/34 501/933/34 500/931/34
f 489/932/35 490/934/35 502/935/35 501/933/35
f 500/957/46 501/960/46 513/961/46 512/958/46
f 501/960/47 502/962/47 514/963/47 513/961/47
f 512/958/58 513/961/58 525/982/58 524/980/58
f 513/961/59 514/963/59 526/983/59 525/982/59
f 524/980/17 525/982/17 537/998/17 536/996/17
f 525/982/68 526/983/68 538/999/68 537/998/68
f 536/996/78 537/998/78 549/1014/78 548/1012/78
f 537/998/79 538/999/79 550/1015/79 549/1014/79
f 548/1012/90 549/1014/90 561/1030/90 560/1028/90
f 549/1014/91 550/1015/91 562/1031/91 561/1030/91
f 560/1050/102 561/1052/102 573/1053/102 572/1051/102
f 561/1052/103 562/1054/103 574/1055/103 573/1053/103
f 577/1060/107 578/1061/107 583/1062/107 582/1063/107
f 578/1064/108 579/1065/108 584/1066/108 583/1067/108
f 579/1068/67 580/1069/67 585/1070/67 584/1071/67
f 580/1072/109 581/1073/109 586/1074/109 585/1075/109
f 581/1076/110 577/1060/110 582/1063/110 586/1077/110
f 582/1063/111 583/1062/111 588/1078/111 587/1079/111
f 583/1067/112 584/1066/112 589/1080/112 588/1081/112
f 584/1071/17 585/1070/17 590/1082/17 589/1083/17
f 585/1075/113 586/1074/113 591/1084/113 590/1085/113
f 586/1077/114 582/1063/114 587/1079/114 591/1086/114
f 587/1079/115 588/1078/115 593/1087/115 592/1088/115
f 588/1081/116 589/1080/116 594/1089/116 593/1090/116
f 589/1083/68 590/1082/68 595/1091/68 594/1092/68
f 590/1085/117 591/1084/117 596/1093/117 595/1094/117
f 591/1086/118 587/1079/118 592/1088/118 596/1095/118
f 592/1096/119 593/1097/119 598/1098/119 597/1099/119
f 593/1090/120 594/1089/120 599/1100/120 598/1101/120
f 594/1102/69 595/1103/69 600/1104/69 599/1105/69
f 595/1094/121 596/1093/121 601/1106/121 600/1107/121
f 596/1093/122 592/1108/122 597/1109/122 601/1106/122
f 597/1099/123 598/1098/123 603/1110/123 602/1111/123
f 598/1101/124 599/1100/124 604/1112/124 603/1113/124
f 599/1105/11 600/1104/11 605/1114/11 604/1115/11
f 600/1107/125 601/1106/125 606/1116/125 605/1117/125
f 601/1106/126 597/1109/126 602/1118/126 606/1116/126
f 602/1111/127 603/1110/127 608/1119/127 607/1120/127
f 603/1113/128 604/1112/128 609/1121/128 608/1122/128
f 604/1115/70 605/1114/70 610/1123/70 609/1124/70
f 605/1117/129 606/1116/129 611/1125/129 610/1126/129
f 606/1116/130 602/1118/130 607/1127/130 611/1125/130
f 607/1128/131 608/1129/131 613/1130/131 612/1131/131
f 608/1122/132 609/1121/132 614/1132/132 613/1133/132
f 609/1134/63 610/1135/63 615/1136/63 614/1137/63
f 610/1126/133 611/1125/133 616/1138/133 615/1139/133
f 611/1140/134 607/1128/134 612/1131/134 616/1141/134
f 612/1131/135 613/1130/135 618/1142/135 617/1143/135
f 613/1133/136 614/1132/136 619/1144/136 618/1145/136
f 614/1137/9 615/1136/9 620/1146/9 619/1147/9
f 615/1139/137 616/1138/137 621/1148/137 620/1149/137
f 616/1141/138 612/1131/138 617/1143/138 621/1150/138
f 617/1143/139 618/1142/139 623/1151/139 622/1152/139
f 618/1145/140 619/1144/140 624/1153/140 623/1154/140
f 619/1147/64 620/1146/64 625/1155/64 624/1156/64
f 620/1149/141 621/1148/141 626/1157/141 625/1158/141
f 621/1150/142 617/1143/142 622/1152/142 626/1159/142
f 622/1160/143 623/1161/143 628/1162/143 627/1163/143
f 623/1154/144 624/1153/144 629/1164/144 628/1165/144
f 624/1166/65 625/1167/65 630/1168/65 629/1169/65
f 625/1158/145 626/1157/145 631/1170/145 630/1171/145
f 626/1172/146 622/1160/146 627/1163/146 631/1173/146
f 627/1163/147 628/1162/147 633/1174/147 632/1175/147
f 628/1165/148 629/1164/148 634/1176/148 633/1177/148
f 629/1169/16 630/1168/16 635/1178/16 634/1179/16
f 630/1171/149 631/1170/149 636/1180/149 635/1181/149
f 631/1173/150 627/1163/150 632/1175/150 636/1182/150
f 632/1175/151 633/1174/151 578/1183/151 577/1184/151
f 633/1177/152 634/1176/152 579/1065/152 578/1064/152
f 634/1179/66 635/1178/66 580/1185/66 579/1186/66
f 635/1181/153 636/1180/153 581/1073/153 580/1072/153
f 636/1182/154 632/1175/154 577/1184/154 581/1187/154
f 637/189/107 638/190/107 643/191/107 642/192/107
f 638/1188/108 639/1189/108 644/1190/108 643/1191/108
f 639/1192/67 640/1193/67 645/1194/67 644/1195/67
f 640/1196/109 641/1197/109 646/1198/109 645/1199/109
f 641/205/110 637/189/110 642/192/110 646/206/110
f 642/192/111 643/191/111 648/207/111 647/208/111
f 643/1191/112 644/1190/112 649/1200/112 648/1201/112
f 644/1195/17 645/1194/17 650/1202/17 649/1203/17
f 645/1199/113 646/1198/113 651/1204/113 650/1205/113
f 646/206/114 642/192/114 647/208/114 651/215/114
f 647/1206/115 648/1207/115 653/1208/115 652/1209/115
f 648/1201/116 649/1200/116 654/1210/116 653/1211/116
f 649/1212/68 650/1213/68 655/1214/68 654/1215/68
f 650/1205/117 651/1204/117 656/1216/117 655/1217/117
f 651/1218/118 647/1206/118 652/1209/118 656/1219/118
f 652/1209/119 653/1208/119 658/1220/119 657/1221/119
f 653/1211/120 654/1210/120 659/1222/120 658/1223/120
f 654/1215/69 655/1214/69 660/1224/69 659/1225/69
f 655/1217/121 656/1216/121 661/1226/121 660/1227/121
f 656/1219/122 652/1209/122 657/1221/122 661/1228/122
f 657/1221/123 658/1220/123 663/1229/123 662/1230/123
f 658/1223/124 659/1222/124 664/1231/124 663/1232/124
f 659/1225/11 660/1224/11 665/1233/11 664/1234/11
f 660/1227/125 661/1226/125 666/1235/125 665/1236/125
f 661/1228/126 657/1221/126 662/1230/126 666/1237/126
f 662/248/127 663/249/127 668/250/127 667/251/127
f 663/1232/128 664/1231/128 669/1238/128 668/1239/128
f 664/254/70 665/255/70 670/256/70 669/257/70
f 665/1236/129 666/1235/129 671/1240/129 670/1241/129
f 666/260/130 662/248/130 667/251/130 671/261/130
f 667/251/131 668/250/131 673/262/131 672/263/131
f 668/1239/132 669/1238/132 674/1242/132 673/1243/132
f 669/257/63 670/256/63 675/266/63 674/267/63
f 670/1241/133 671/1240/133 676/1244/133 675/1245/133
f 671/261/134 667/251/134 672/263/134 676/270/134
f 672/263/135 673/262/135 678/271/135 677/272/135
f 673/1243/136 674/1242/136 679/1246/136 678/1247/136
f 674/267/9 675/266/9 680/275/9 679/276/9
f 675/1245/137 676/1244/137 681/1248/137 680/1249/137
f 676/270/138 672/263/138 677/272/138 681/279/138
f 677/280/139 678/281/139 683/282/139 682/283/139
f 678/1247/140 679/1246/140 684/1250/140 683/1251/140
f 679/1252/64 680/1253/64 685/1254/64 684/1255/64
f 680/1249/141 681/1248/141 686/1256/141 685/1257/141
f 681/292/142 677/280/142 682/283/142 686/293/142
f 682/283/143 683/282/143 688/294/143 687/295/143
f 683/1251/144 684/1250/144 689/1258/144 688/1259/144
f 684/1255/65 685/1254/65 690/1260/65 689/1261/65
f 685/1257/145 686/1256/145 691/1262/145 690/1263/145
f 686/293/146 682/283/146 687/295/146 691/302/146
f 687/295/147 688/294/147 693/303/147 692/304/147
f 688/1259/148 689/1258/148 694/1264/148 693/1265/148
f 689/1261/16 690/1260/16 695/1266/16 694/1267/16
f 690/1263/149 691/1262/149 696/1268/149 695/1269/149
f 691/302/150 687/295/150 692/304/150 696/311/150
f 692/312/151 693/313/151 638/190/151 637/189/151
f 693/1265/152 694/1264/152 639/1189/152 638/1188/152
f 694/1270/66 695/1271/66 640/1193/66 639/1192/66
f 695/1269/153 696/1268/153 641/1197/153 640/1196/153
f 696/316/154 692/312/154 637/189/154 641/205/154
f 944/1747/34 945/1749/34 957/1750/34 956/1748/34
f 945/1749/35 946/1751/35 958/1752/35 957/1750/35
f 956/1776/46 957/1777/46 969/1778/46 968/1779/46
f 957/1777/47 958/1780/47 970/1781/47 969/1778/47
f 968/1779/58 969/1778/58 981/1798/58 980/1799/58
f 969/1778/59 970/1781/59 982/1800/59 981/1798/59
f 980/1799/17 981/1798/17 993/1814/17 992/1815/17
f 981/1798/68 982/1800/68 994/1816/68 993/1814/68
f 992/1815/78 993/1814/78 1005/1830/78 1004/1831/78
f 993/1814/79 994/1816/79 1006/1832/79 1005/1830/79
f 1004/1831/90 1005/1830/90 1017/1846/90 1016/1847/90
f 1005/1830/91 1006/1832/91 1018/1848/91 1017/1846/91
f 1016/1866/102 1017/1868/102 1029/1869/102 1028/1867/102
f 1017/1868/103 1018/1870/103 1030/1871/103 1029/1869/103
f 1033/189/107 1034/1876/107 1039/1877/107 1038/1878/107
f 1034/1879/108 1035/1880/108 1040/1881/108 1039/1882/108
f 1035/266/67 1036/267/67 1041/257/67 1040/256/67
f 1036/1883/109 1037/1884/109 1042/1885/109 1041/1886/109
f 1037/1887/110 1033/189/110 1038/1878/110 1042/1888/110
f 1038/1878/111 1039/1877/111 1044/1889/111 1043/208/111
f 1039/1882/112 1040/1881/112 1045/1890/112 1044/1891/112
f 1040/256/17 1041/257/17 1046/254/17 1045/255/17
f 1041/1886/113 1042/1885/113 1047/1892/113 1046/1893/113
f 1042/1888/114 1038/1878/114 1043/208/114 1047/1894/114
f 1043/1895/115 1044/1896/115 1049/1897/115 1048/1898/115
f 1044/1891/116 1045/1890/116 1050/1899/116 1049/1900/116
f 1045/1266/68 1046/1267/68 1051/1901/68 1050/1902/68
f 1046/1893/117 1047/1892/117 1052/1903/117 1051/1904/117
f 1047/1905/118 1043/1895/118 1048/1898/118 1052/1906/118
f 1048/1898/119 1049/1897/119 1054/1907/119 1053/1908/119
f 1049/1900/120 1050/1899/120 1055/1909/120 1054/1910/120
f 1050/1902/69 1051/1901/69 1056/1911/69 1055/1912/69
f 1051/1904/121 1052/1903/121 1057/1913/121 1056/1914/121
f 1052/1906/122 1048/1898/122 1053/1908/122 1057/1915/122
f 1053/1908/123 1054/1907/123 1059/1916/123 1058/1917/123
f 1054/1910/124 1055/1909/124 1060/1918/124 1059/1919/124
f 1055/1912/11 1056/1911/11 1061/1920/11 1060/1921/11
f 1056/1914/125 1057/1913/125 1062/1922/125 1061/1923/125
f 1057/1915/126 1053/1908/126 1058/1917/126 1062/1924/126
f 1058/1925/212 1059/311/212 1064/302/212 1063/1926/212
f 1059/1919/128 1060/1918/128 1065/1927/128 1064/1928/128
f 1060/1929/70 1061/1930/70 1066/1931/70 1065/1932/70
f 1061/1923/129 1062/1922/129 1067/1933/129 1066/1934/129
f 1062/303/213 1058/1925/213 1063/1926/213 1067/294/213
f 1063/1926/214 1064/302/214 1069/293/214 1068/1935/214
f 1064/1928/132 1065/1927/132 1070/1936/132 1069/1937/132
f 1065/1932/63 1066/1931/63 1071/1938/63 1070/1939/63
f 1066/1934/133 1067/1933/133 1072/1940/133 1071/1941/133
f 1067/294/215 1063/1926/215 1068/1935/215 1072/282/215
f 1068/1935/135 1069/293/135 1074/1942/135 1073/1943/135
f 1069/1937/136 1070/1936/136 1075/1944/136 1074/1945/136
f 1070/1939/9 1071/1938/9 1076/1946/9 1075/1947/9
f 1071/1941/137 1072/1940/137 1077/1948/137 1076/1949/137
f 1072/282/138 1068/1935/138 1073/1943/138 1077/1950/138
f 1073/1951/139 1074/1952/139 1079/1953/139 1078/1954/139
f 1074/1945/140 1075/1944/140 1080/1955/140 1079/1956/140
f 1075/1957/64 1076/1958/64 1081/1959/64 1080/1960/64
f 1076/1949/141 1077/1948/141 1082/1961/141 1081/1962/141
f 1077/1963/142 1073/1951/142 1078/1954/142 1082/1964/142
f 1078/1954/143 1079/1953/143 1084/1965/143 1083/219/143
f 1079/1956/144 1080/1955/144 1085/1966/144 1084/1967/144
f 1080/1960/65 1081/1959/65 1086/1968/65 1085/1969/65
f 1081/1962/145 1082/1961/145 1087/1970/145 1086/1971/145
f 1082/1964/146 1078/1954/146 1083/219/146 1087/1972/146
f 1083/219/147 1084/1965/147 1089/1973/147 1088/1974/147
f 1084/1967/148 1085/1966/148 1090/1975/148 1089/1976/148
f 1085/1969/16 1086/1968/16 1091/1977/16 1090/1978/16
f 1086/1971/149 1087/1970/149 1092/1979/149 1091/1980/149
f 1087/1972/150 1083/219/150 1088/1974/150 1092/1981/150
f 1088/1982/151 1089/313/151 1034/1876/151 1033/189/151
f 1089/1976/152 1090/1975/152 1035/1880/152 1034/1879/152
f 1090/1983/66 1091/1984/66 1036/267/66 1035/266/66
f 1091/1980/153 1092/1979/153 1037/1884/153 1036/1883/153
f 1092/316/154 1088/1982/154 1033/189/154 1037/1887/154
f 1093/1985/107 1094/1986/107 1099/1987/107 1098/1988/107
f 1094/1989/108 1095/1990/108 1100/1991/108 1099/1992/108
f 1095/1993/67 1096/1994/67 1101/1995/67 1100/1996/67
f 1096/1997/109 1097/1998/109 1102/1999/109 1101/2000/109
f 1097/2001/110 1093/1985/110 1098/1988/110 1102/2002/110
f 1098/2003/111 1099/2004/111 1104/2005/111 1103/2006/111
f 1099/1992/112 1100/1991/112 1105/2007/112 1104/2008/112
f 1100/2009/17 1101/2010/17 1106/2011/17 1105/2012/17
f 1101/2000/113 1102/1999/113 1107/2013/113 1106/2014/113
f 1102/2015/114 1098/2003/114 1103/2006/114 1107/2016/114
f 1103/2006/115 1104/2005/115 1109/2017/115 1108/2018/115
f 1104/2008/116 1105/2007/116 1110/2019/116 1109/2020/116
f 1105/2012/68 1106/2011/68 1111/2021/68 1110/2022/68
f 1106/2014/117 1107/2013/117 1112/2023/117 1111/2024/117
f 1107/2016/118 1103/2006/118 1108/2018/118 1112/2025/118
f 1108/2018/119 1109/2017/119 1114/2026/119 1113/2027/119
f 1109/2020/120 1110/2019/120 1115/2028/120 1114/2029/120
f 1110/2022/69 1111/2021/69 1116/2030/69 1115/2031/69
f 1111/2024/121 1112/2023/121 1117/2032/121 1116/2033/121
f 1112/2025/122 1108/2018/122 1113/2027/122 1117/2034/122
f 1113/2035/123 1114/2036/123 1119/2037/123 1118/2038/123
f 1114/2029/124 1115/2028/124 1120/2039/124 1119/2040/124
f 1115/2041/11 1116/2042/11 1121/2043/11 1120/2044/11
f 1116/2033/125 1117/2032/125 1122/2045/125 1121/2046/125
f 1117/2047/126 1113/2035/126 1118/2038/126 1122/2048/126
f 1118/2038/212 1119/2037/212 1124/2049/212 1123/2050/212
f 1119/2040/128 1120/2039/128 1125/2051/128 1124/2052/128
f 1120/2044/70 1121/2043/70 1126/2053/70 1125/2054/70
f 1121/2046/129 1122/2045/129 1127/2055/129 1126/2056/129
f 1122/2048/216 1118/2038/216 1123/2050/216 1127/2057/216
f 1123/2050/214 1124/2049/214 1129/2058/214 1128/2059/214
f 1124/2052/132 1125/2051/132 1130/2060/132 1129/2061/132
f 1125/2054/63 1126/2053/63 1131/2062/63 1130/2063/63
f 1126/2056/133 1127/2055/133 1132/2064/133 1131/2065/133
f 1127/2057/215 1123/2050/215 1128/2059/215 1132/2066/215
f 1128/2067/135 1129/2068/135 1134/2069/135 1133/2070/135
f 1129/2061/136 1130/2060/136 1135/2071/136 1134/2072/136
f 1130/2073/9 1131/2074/9 1136/2075/9 1135/2076/9
f 1131/2065/137 1132/2064/137 1137/2077/137 1136/2078/137
f 1132/2064/138 1128/2079/138 1133/2080/138 1137/2077/138
f 1133/2070/139 1134/2069/139 1139/2081/139 1138/2082/139
f 1134/2072/140 1135/2071/140 1140/2083/140 1139/2084/140
f 1135/2076/64 1136/2075/64 1141/2085/64 1140/2086/64
f 1136/2078/141 1137/2077/141 1142/2087/141 1141/2088/141
f 1137/2077/142 1133/2080/142 1138/2089/142 1142/2087/142
f 1138/2082/143 1139/2081/143 1144/2090/143 1143/2091/143
f 1139/2084/144 1140/2083/144 1145/2092/144 1144/2093/144
f 1140/2086/65 1141/2085/65 1146/2094/65 1145/2095/65
f 1141/2088/145 1142/2087/145 1147/2096/145 1146/2097/145
f 1142/2087/146 1138/2089/146 1143/2098/146 1147/2096/146
f 1143/2099/147 1144/2100/147 1149/2101/147 1148/2102/147
f 1144/2093/148 1145/2092/148 1150/2103/148 1149/2104/148
f 1145/2105/16 1146/2106/16 1151/2107/16 1150/2108/16
f 1146/2097/149 1147/2096/149 1152/2109/149 1151/1144/149
f 1147/2110/150 1143/2099/150 1148/2102/150 1152/2111/150
f 1148/2102/151 1149/2101/151 1094/1986/151 1093/1985/151
f 1149/2104/152 1150/2103/152 1095/1990/152 1094/1989/152
f 1150/2108/66 1151/2107/66 1096/1994/66 1095/1993/66
f 1151/1144/153 1152/2109/153 1097/1998/153 1096/1997/153
f 1152/2111/154 1148/2102/154 1093/1985/154 1097/2001/154
f 1400/2597/34 1401/1743/34 1413/2599/34 1412/2598/34
f 1401/1743/35 1402/2600/35 1414/2601/35 1413/2599/35
f 1412/1850/46 1413/1851/46 1425/1835/46 1424/1834/46
f 1413/1035/47 1414/2612/47 1426/2613/47 1425/1019/47
f 1424/1834/58 1425/1835/58 1437/1819/58 1436/1818/58
f 1425/1019/59 1426/2613/59 1438/2621/59 1437/2622/59
f 1436/1818/17 1437/1819/17 1449/1803/17 1448/1802/17
f 1437/2622/68 1438/2621/68 1450/2629/68 1449/2630/68
f 1448/1802/78 1449/1803/78 1461/1787/78 1460/1786/78
f 1449/2630/79 1450/2629/79 1462/2637/79 1461/2638/79
f 1460/1786/90 1461/1787/90 1473/1784/90 1472/1785/90
f 1461/2638/91 1462/2637/91 1474/2645/91 1473/2646/91
f 1472/2663/102 1473/2665/102 1485/2666/102 1484/2664/102
f 1473/2665/103 1474/2667/103 1486/2668/103 1485/2666/103
f 1489/2673/107 1490/2674/107 1495/2675/107 1494/2676/107
f 1490/2677/108 1491/2678/108 1496/2679/108 1495/2680/108
f 1491/2681/67 1492/2682/67 1497/2683/67 1496/2684/67
f 1492/2685/109 1493/2686/109 1498/2687/109 1497/2688/109
f 1493/2689/110 1489/2673/110 1494/2676/110 1498/2690/110
f 1494/2691/111 1495/2692/111 1500/2693/111 1499/2694/111
f 1495/2680/112 1496/2679/112 1501/2695/112 1500/2696/112
f 1496/2697/17 1497/2698/17 1502/2699/17 1501/2700/17
f 1497/2688/113 1498/2687/113 1503/2701/113 1502/2702/113
f 1498/2703/114 1494/2691/114 1499/2694/114 1503/2704/114
f 1499/2694/115 1500/2693/115 1505/2705/115 1504/2706/115
f 1500/2696/116 1501/2695/116 1506/2707/116 1505/2708/116
f 1501/2700/68 1502/2699/68 1507/2709/68 1506/2710/68
f 1502/2702/117 1503/2701/117 1508/2711/117 1507/2712/117
f 1503/2704/118 1499/2694/118 1504/2706/118 1508/2713/118
f 1504/2706/119 1505/2705/119 1510/2714/119 1509/2715/119
f 1505/2708/120 1506/2707/120 1511/2716/120 1510/2717/120
f 1506/2710/69 1507/2709/69 1512/2718/69 1511/2719/69
f 1507/2712/121 1508/2711/121 1513/2720/121 1512/2721/121
f 1508/2713/122 1504/2706/122 1509/2715/122 1513/2722/122
f 1509/2723/123 1510/2724/123 1515/2725/123 1514/2726/123
f 1510/2717/124 1511/2716/124 1516/2727/124 1515/2728/124
f 1511/2729/11 1512/2730/11 1517/2731/11 1516/2732/11
f 1512/2721/125 1513/2720/125 1518/2733/125 1517/2734/125
f 1513/2735/126 1509/2723/126 1514/2726/126 1518/2736/126
f 1514/2726/212 1515/2725/212 1520/2737/212 1519/2738/212
f 1515/2728/128 1516/2727/128 1521/2739/128 1520/2740/128
f 1516/2732/70 1517/2731/70 1522/2741/70 1521/2742/70
f 1517/2734/129 1518/2733/129 1523/2743/129 1522/2744/129
f 1518/2736/216 1514/2726/216 1519/2738/216 1523/2745/216
f 1519/2738/214 1520/2737/214 1525/2746/214 1524/2747/214
f 1520/2740/132 1521/2739/132 1526/2748/132 1525/2749/132
f 1521/2742/63 1522/2741/63 1527/2750/63 1526/2751/63
f 1522/2744/133 1523/2743/133 1528/2752/133 1527/2753/133
f 1523/2745/215 1519/2738/215 1524/2747/215 1528/2754/215
f 1524/2755/135 1525/2756/135 1530/2757/135 1529/2758/135
f 1525/2749/136 1526/2748/136 1531/2759/136 1530/2760/136
f 1526/2761/9 1527/2762/9 1532/2763/9 1531/2764/9
f 1527/2753/137 1528/2752/137 1533/2765/137 1532/2766/137
f 1528/2752/138 1524/2767/138 1529/2768/138 1533/2765/138
f 1529/2758/139 1530/2757/139 1535/2769/139 1534/2770/139
f 1530/2760/140 1531/2759/140 1536/2771/140 1535/2772/140
f 1531/2764/64 1532/2763/64 1537/2773/64 1536/2774/64
f 1532/2766/141 1533/2765/141 1538/2775/141 1537/2776/141
f 1533/2765/142 1529/2768/142 1534/2777/142 1538/2775/142
f 1534/2770/143 1535/2769/143 1540/2778/143 1539/2779/143
f 1535/2772/144 1536/2771/144 1541/2780/144 1540/2781/144
f 1536/2774/65 1537/2773/65 1542/2782/65 1541/2783/65
f 1537/2776/145 1538/2775/145 1543/2784/145 1542/2785/145
f 1538/2775/146 1534/2777/146 1539/2786/146 1543/2784/146
f 1539/2787/147 1540/2788/147 1545/2789/147 1544/2790/147
f 1540/2781/148 1541/2780/148 1546/2791/148 1545/2792/148
f 1541/2793/16 1542/2794/16 1547/2795/16 1546/2796/16
f 1542/2785/149 1543/2784/149 1548/2797/149 1547/2798/149
f 1543/2799/150 1539/2787/150 1544/2790/150 1548/2800/150
f 1544/2790/151 1545/2789/151 1490/2674/151 1489/2673/151
f 1545/2792/152 1546/2791/152 1491/2678/152 1490/2677/152
f 1546/2796/66 1547/2795/66 1492/2682/66 1491/2681/66
f 1547/2798/153 1548/2797/153 1493/2686/153 1492/2685/153
f 1548/2800/154 1544/2790/154 1489/2673/154 1493/2689/154
f 1549/189/107 1550/1876/107 1555/1877/107 1554/1878/107
f 1550/2801/108 1551/2802/108 1556/2803/108 1555/2804/108
f 1551/266/67 1552/267/67 1557/257/67 1556/256/67
f 1552/2805/109 1553/2806/109 1558/2807/109 1557/2808/109
f 1553/1887/110 1549/189/110 1554/1878/110 1558/1888/110
f 1554/1878/111 1555/1877/111 1560/1889/111 1559/208/111
f 1555/2804/112 1556/2803/112 1561/2809/112 1560/2810/112
f 1556/256/17 1557/257/17 1562/254/17 1561/255/17
f 1557/2808/113 1558/2807/113 1563/2811/113 1562/2812/113
f 1558/1888/114 1554/1878/114 1559/208/114 1563/1894/114
f 1559/1895/115 1560/1896/115 1565/1897/115 1564/1898/115
f 1560/2810/116 1561/2809/116 1566/2813/116 1565/2814/116
f 1561/2815/68 1562/2816/68 1567/299/68 1566/298/68
f 1562/2812/117 1563/2811/117 1568/2817/117 1567/2818/117
f 1563/1905/118 1559/1895/118 1564/1898/118 1568/1906/118
f 1564/1898/119 1565/1897/119 1570/1907/119 1569/1908/119
f 1565/2814/120 1566/2813/120 1571/2819/120 1570/2820/120
f 1566/298/69 1567/299/69 1572/289/69 1571/288/69
f 1567/2818/121 1568/2817/121 1573/2821/121 1572/2822/121
f 1568/1906/122 1564/1898/122 1569/1908/122 1573/1915/122
f 1569/1908/123 1570/1907/123 1575/1916/123 1574/1917/123
f 1570/2820/124 1571/2819/124 1576/2823/124 1575/2824/124
f 1571/288/11 1572/289/11 1577/2825/11 1576/2826/11
f 1572/2822/125 1573/2821/125 1578/2827/125 1577/2828/125
f 1573/1915/126 1569/1908/126 1574/1917/126 1578/1924/126
f 1574/1925/212 1575/311/212 1580/302/212 1579/1926/212
f 1575/2824/128 1576/2823/128 1581/1263/128 1580/285/128
f 1576/2829/70 1577/2830/70 1582/2831/70 1581/2832/70
f 1577/2828/129 1578/2827/129 1583/2833/129 1582/2834/129
f 1578/303/213 1574/1925/213 1579/1926/213 1583/294/213
f 1579/1926/214 1580/302/214 1585/293/214 1584/1935/214
f 1580/285/132 1581/1263/132 1586/2835/132 1585/2836/132
f 1581/2832/63 1582/2831/63 1587/2837/63 1586/2838/63
f 1582/2834/133 1583/2833/133 1588/300/133 1587/2839/133
f 1583/294/215 1579/1926/215 1584/1935/215 1588/282/215
f 1584/1935/135 1585/293/135 1590/1942/135 1589/1943/135
f 1585/2836/136 1586/2835/136 1591/1249/136 1590/2840/136
f 1586/2838/9 1587/2837/9 1592/2841/9 1591/2842/9
f 1587/2839/137 1588/300/137 1593/2843/137 1592/2844/137
f 1588/282/138 1584/1935/138 1589/1943/138 1593/1950/138
f 1589/1951/139 1590/1952/139 1595/1953/139 1594/1954/139
f 1590/2840/140 1591/1249/140 1596/2845/140 1595/2846/140
f 1591/2847/64 1592/2848/64 1597/2849/64 1596/2850/64
f 1592/2844/141 1593/2843/141 1598/2851/141 1597/2852/141
f 1593/1963/142 1589/1951/142 1594/1954/142 1598/1964/142
f 1594/1954/143 1595/1953/143 1600/1965/143 1599/219/143
f 1595/2846/144 1596/2845/144 1601/2853/144 1600/2854/144
f 1596/2850/65 1597/2849/65 1602/2855/65 1601/2856/65
f 1597/2852/145 1598/2851/145 1603/2857/145 1602/2858/145
f 1598/1964/146 1594/1954/146 1599/219/146 1603/1972/146
f 1599/219/147 1600/1965/147 1605/1973/147 1604/1974/147
f 1600/2854/148 1601/2853/148 1606/2859/148 1605/2860/148
f 1601/2856/16 1602/2855/16 1607/2861/16 1606/2862/16
f 1602/2858/149 1603/2857/149 1608/2863/149 1607/2864/149
f 1603/1972/150 1599/219/150 1604/1974/150 1608/1981/150
f 1604/1982/151 1605/313/151 1550/1876/151 1549/189/151
f 1605/2860/152 1606/2859/152 1551/2802/152 1550/2801/152
f 1606/1983/66 1607/1984/66 1552/267/66 1551/266/66
f 1607/2864/153 1608/2863/153 1553/2806/153 1552/2805/153
f 1608/316/154 1604/1982/154 1549/189/154 1553/1887/154
f 1856/3353/34 1857/3355/34 1869/60/34 1868/3354/34
f 1857/3355/35 1858/3356/35 1870/3357/35 1869/60/35
f 1868/81/46 1869/82/46 1881/3380/46 1880/3381/46
f 1869/82/47 1870/85/47 1882/86/47 1881/3380/47
f 1880/3381/58 1881/3380/58 1893/108/58 1892/109/58
f 1881/3380/59 1882/86/59 1894/3394/59 1893/108/59
f 1892/109/17 1893/108/17 1905/3406/17 1904/124/17
f 1893/108/68 1894/3394/68 1906/3407/68 1905/3406/68
f 1904/124/78 1905/3406/78 1917/138/78 1916/139/78
f 1905/3406/79 1906/3407/79 1918/3419/79 1917/138/79
f 1916/139/90 1917/138/90 1929/3432/90 1928/154/90
f 1917/138/91 1918/3419/91 1930/155/91 1929/3432/91
f 1928/3448/102 1929/3450/102 1941/3451/102 1940/3449/102
f 1929/3450/103 1930/3452/103 1942/3453/103 1941/3451/103
f 1945/3458/107 1946/3459/107 1951/3460/107 1950/3461/107
f 1946/3459/108 1947/3462/108 1952/3463/108 1951/3460/108
f 1947/3464/67 1948/3465/67 1953/3466/67 1952/3467/67
f 1948/3465/109 1949/3468/109 1954/3469/109 1953/3466/109
f 1949/3470/110 1945/3471/110 1950/3472/110 1954/3473/110
f 1950/3461/111 1951/3460/111 1956/3474/111 1955/3475/111
f 1951/3460/112 1952/3463/112 1957/3476/112 1956/3474/112
f 1952/3467/17 1953/3466/17 1958/3477/17 1957/3478/17
f 1953/3466/113 1954/3469/113 1959/3479/113 1958/3477/113
f 1954/3473/114 1950/3472/114 1955/3480/114 1959/3481/114
f 1955/3482/115 1956/3483/115 1961/3484/115 1960/3485/115
f 1956/3474/116 1957/3476/116 1962/3486/116 1961/3487/116
f 1957/3488/68 1958/3489/68 1963/3490/68 1962/3491/68
f 1958/3477/117 1959/3479/117 1964/3492/117 1963/3493/117
f 1959/3494/118 1955/3482/118 1960/3485/118 1964/3495/118
f 1960/3485/119 1961/3484/119 1966/3496/119 1965/3497/119
f 1961/3487/120 1962/3486/120 1967/3498/120 1966/3499/120
f 1962/3491/69 1963/3490/69 1968/3500/69 1967/3501/69
f 1963/3493/121 1964/3492/121 1969/3502/121 1968/3503/121
f 1964/3495/122 1960/3485/122 1965/3497/122 1969/3504/122
f 1965/3497/123 1966/3496/123 1971/3505/123 1970/3506/123
f 1966/3499/124 1967/3498/124 1972/3507/124 1971/3508/124
f 1967/3501/11 1968/3500/11 1973/3509/11 1972/3510/11
f 1968/3511/125 1969/3512/125 1974/3513/125 1973/3514/125
f 1969/3504/126 1965/3497/126 1970/3506/126 1974/3515/126
f 1970/3516/212 1971/3508/212 1976/3517/212 1975/3518/212
f 1971/3508/128 1972/3507/128 1977/3519/128 1976/3517/128
f 1972/3520/70 1973/3514/70 1978/3521/70 1977/3522/70
f 1973/3514/129 1974/3513/129 1979/3523/129 1978/3521/129
f 1974/3524/216 1970/3525/216 1975/3526/216 1979/3527/216
f 1975/3518/214 1976/3517/214 1981/3528/214 1980/3529/214
f 1976/3517/132 1977/3519/132 1982/3530/132 1981/3528/132
f 1977/3522/63 1978/3521/63 1983/3531/63 1982/3532/63
f 1978/3521/133 1979/3523/133 1984/3533/133 1983/3531/133
f 1979/3527/215 1975/3526/215 1980/3534/215 1984/3535/215
f 1980/3529/135 1981/3528/135 1986/3536/135 1985/3537/135
f 1981/3528/136 1982/3530/136 1987/3538/136 1986/3536/136
f 1982/3532/9 1983/3531/9 1988/3539/9 1987/3540/9
f 1983/3531/137 1984/3533/137 1989/3541/137 1988/3539/137
f 1984/3535/138 1980/3534/138 1985/3542/138 1989/3543/138
f 1985/3544/139 1986/3545/139 1991/3546/139 1990/3547/139
f 1986/3536/140 1987/3538/140 1992/3548/140 1991/3549/140
f 1987/3550/64 1988/3551/64 1993/3552/64 1992/3553/64
f 1988/3539/141 1989/3541/141 1994/3554/141 1993/3555/141
f 1989/3556/142 1985/3544/142 1990/3547/142 1994/3557/142
f 1990/3547/143 1991/3546/143 1996/3558/143 1995/3559/143
f 1991/3549/144 1992/3548/144 1997/3560/144 1996/3561/144
f 1992/3553/65 1993/3552/65 1998/3562/65 1997/3563/65
f 1993/3564/145 1994/3565/145 1999/3566/145 1998/3567/145
f 1994/3557/146 1990/3547/146 1995/3559/146 1999/3568/146
f 1995/3559/147 1996/3558/147 2001/3569/147 2000/3570/147
f 1996/3561/148 1997/3560/148 2002/3571/148 2001/3572/148
f 1997/3563/16 1998/3562/16 2003/3573/16 2002/3574/16
f 1998/3567/149 1999/3566/149 2004/3575/149 2003/3576/149
f 1999/3568/150 1995/3559/150 2000/3570/150 2004/3577/150
f 2000/3578/151 2001/3572/151 1946/3459/151 1945/3458/151
f 2001/3572/152 2002/3571/152 1947/3462/152 1946/3459/152
f 2002/3579/66 2003/3576/66 1948/3465/66 1947/3464/66
f 2003/3576/153 2004/3575/153 1949/3468/153 1948/3465/153
f 2004/3580/154 2000/3581/154 1945/3471/154 1949/3470/154
f 2005/1127/107 2006/1125/107 2011/1116/107 2010/1118/107
f 2006/1125/108 2007/1126/108 2012/1117/108 2011/1116/108
f 2007/1123/67 2008/1124/67 2013/1115/67 2012/1114/67
f 2008/1121/109 2009/1122/109 2014/1113/109 2013/1112/109
f 2009/1119/110 2005/1120/110 2010/1111/110 2014/1110/110
f 2010/1118/111 2011/1116/111 2016/1106/111 2015/1109/111
f 2011/1116/112 2012/1117/112 2017/1107/112 2016/1106/112
f 2012/1114/17 2013/1115/17 2018/1105/17 2017/1104/17
f 2013/1112/113 2014/1113/113 2019/1101/113 2018/1100/113
f 2014/1110/114 2010/1111/114 2015/1099/114 2019/1098/114
f 2015/1109/115 2016/1106/115 2021/1093/115 2020/1108/115
f 2016/1106/116 2017/1107/116 2022/1094/116 2021/1093/116
f 2017/1104/68 2018/1105/68 2023/1102/68 2022/1103/68
f 2018/1100/117 2019/1101/117 2024/1090/117 2023/1089/117
f 2019/1098/118 2015/1099/118 2020/1096/118 2024/1097/118
f 2020/1088/119 2021/1095/119 2026/1086/119 2025/1079/119
f 2021/1093/120 2022/1094/120 2027/1085/120 2026/1084/120
f 2022/1091/69 2023/1092/69 2028/1083/69 2027/1082/69
f 2023/1089/121 2024/1090/121 2029/1081/121 2028/1080/121
f 2024/1087/122 2020/1088/122 2025/1079/122 2029/1078/122
f 2025/1079/123 2026/1086/123 2031/1077/123 2030/1063/123
f 2026/1084/124 2027/1085/124 2032/1075/124 2031/1074/124
f 2027/1082/11 2028/1083/11 2033/1071/11 2032/1070/11
f 2028/1080/125 2029/1081/125 2034/1067/125 2033/1066/125
f 2029/1078/126 2025/1079/126 2030/1063/126 2034/1062/126
f 2030/1063/212 2031/1077/212 2036/1076/212 2035/1060/212
f 2031/1074/128 2032/1075/128 2037/1072/128 2036/1073/128
f 2032/1070/70 2033/1071/70 2038/1068/70 2037/1069/70
f 2033/1066/129 2034/1067/129 2039/1064/129 2038/1065/129
f 2034/1062/216 2030/1063/216 2035/1060/216 2039/1061/216
f 2035/1184/214 2036/1187/214 2041/1182/214 2040/1175/214
f 2036/1073/132 2037/1072/132 2042/1181/132 2041/1180/132
f 2037/1185/63 2038/1186/63 2043/1179/63 2042/1178/63
f 2038/1065/133 2039/1064/133 2044/1177/133 2043/1176/133
f 2039/1183/215 2035/1184/215 2040/1175/215 2044/1174/215
f 2040/1175/135 2041/1182/135 2046/1173/135 2045/1163/135
f 2041/1180/136 2042/1181/136 2047/1171/136 2046/1170/136
f 2042/1178/9 2043/1179/9 2048/1169/9 2047/1168/9
f 2043/1176/137 2044/1177/137 2049/1165/137 2048/1164/137
f 2044/1174/138 2040/1175/138 2045/1163/138 2049/1162/138
f 2045/1163/139 2046/1173/139 2051/1172/139 2050/1160/139
f 2046/1170/140 2047/1171/140 2052/1158/140 2051/1157/140
f 2047/1168/64 2048/1169/64 2053/1166/64 2052/1167/64
f 2048/1164/141 2049/1165/141 2054/1154/141 2053/1153/141
f 2049/1162/142 2045/1163/142 2050/1160/142 2054/1161/142
f 2050/1152/143 2051/1159/143 2056/1150/143 2055/1143/143
f 2051/1157/144 2052/1158/144 2057/1149/144 2056/1148/144
f 2052/1155/65 2053/1156/65 2058/1147/65 2057/1146/65
f 2053/1153/145 2054/1154/145 2059/1145/145 2058/1144/145
f 2054/1151/146 2050/1152/146 2055/1143/146 2059/1142/146
f 2055/1143/147 2056/1150/147 2061/1141/147 2060/1131/147
f 2056/1148/148 2057/1149/148 2062/1139/148 2061/1138/148
f 2057/1146/16 2058/1147/16 2063/1137/16 2062/1136/16
f 2058/1144/149 2059/1145/149 2064/1133/149 2063/1132/149
f 2059/1142/150 2055/1143/150 2060/1131/150 2064/1130/150
f 2060/1131/151 2061/1141/151 2006/1140/151 2005/1128/151
f 2061/1138/152 2062/1139/152 2007/1126/152 2006/1125/152
f 2062/1136/66 2063/1137/66 2008/1134/66 2007/1135/66
f 2063/1132/153 2064/1133/153 2009/1122/153 2008/1121/153
f 2064/1130/154 2060/1131/154 2005/1128/154 2009/1129/154
f 2312/4060/34 2313/4062/34 2325/1866/34 2324/4061/34
f 2313/4062/35 2314/4063/35 2326/1864/35 2325/1866/35
f 2324/4087/46 2325/4088/46 2337/4089/46 2336/4090/46
f 2325/4088/47 2326/4091/47 2338/4092/47 2337/4089/47
f 2336/4090/58 2337/4089/58 2349/4108/58 2348/981/58
f 2337/4089/59 2338/4092/59 2350/4109/59 2349/4108/59
f 2348/981/17 2349/4108/17 2361/996/17 2360/997/17
f 2349/4108/68 2350/4109/68 2362/4122/68 2361/996/68
f 2360/997/78 2361/996/78 2373/4135/78 2372/4136/78
f 2361/996/79 2362/4122/79 2374/4137/79 2373/4135/79
f 2372/4136/90 2373/4135/90 2385/4150/90 2384/1029/90
f 2373/4135/91 2374/4137/91 2386/4151/91 2385/4150/91
f 2384/4168/102 2385/4170/102 2397/1753/102 2396/4169/102
f 2385/4170/103 2386/1752/103 2398/4171/103 2397/1753/103
f 2401/373/107 2402/382/107 2407/371/107 2406/364/107
f 2402/380/108 2403/381/108 2408/378/108 2407/379/108
f 2403/376/67 2404/377/67 2409/368/67 2408/367/67
f 2404/374/109 2405/375/109 2410/366/109 2409/365/109
f 2405/372/110 2401/373/110 2406/364/110 2410/363/110
f 2406/364/111 2407/371/111 2412/362/111 2411/352/111
f 2407/369/112 2408/370/112 2413/360/112 2412/359/112
f 2408/367/17 2409/368/17 2414/358/17 2413/357/17
f 2409/365/113 2410/366/113 2415/354/113 2414/353/113
f 2410/363/114 2406/364/114 2411/352/114 2415/351/114
f 2411/352/115 2412/362/115 2417/361/115 2416/349/115
f 2412/359/116 2413/360/116 2418/344/116 2417/346/116
f 2413/357/68 2414/358/68 2419/355/68 2418/356/68
f 2414/353/117 2415/354/117 2420/341/117 2419/343/117
f 2415/351/118 2411/352/118 2416/349/118 2420/350/118
f 2416/347/119 2417/348/119 2422/340/119 2421/339/119
f 2417/346/120 2418/344/120 2423/336/120 2422/338/120
f 2418/344/69 2419/345/69 2424/4174/69 2423/336/69
f 2419/343/121 2420/341/121 2425/333/121 2424/335/121
f 2420/341/122 2416/342/122 2421/334/122 2425/333/122
f 2421/339/123 2422/340/123 2427/332/123 2426/331/123
f 2422/338/124 2423/336/124 2428/4175/124 2427/328/124
f 2423/336/11 2424/4174/11 2429/326/11 2428/4175/11
f 2424/335/125 2425/333/125 2430/319/125 2429/4176/125
f 2425/333/126 2421/334/126 2426/320/126 2430/319/126
f 2426/331/212 2427/332/212 2432/329/212 2431/330/212
f 2427/328/128 2428/4175/128 2433/324/128 2432/4177/128
f 2428/4175/70 2429/326/70 2434/323/70 2433/324/70
f 2429/4176/129 2430/319/129 2435/4178/129 2434/321/129
f 2430/319/216 2426/320/216 2431/317/216 2435/4178/216
f 2431/437/214 2432/440/214 2437/435/214 2436/426/214
f 2432/4177/132 2433/324/132 2438/4179/132 2437/4180/132
f 2433/438/63 2434/439/63 2439/430/63 2438/429/63
f 2434/321/133 2435/4178/133 2440/4181/133 2439/427/133
f 2435/436/215 2431/437/215 2436/426/215 2440/425/215
f 2436/426/135 2437/435/135 2442/424/135 2441/414/135
f 2437/4180/136 2438/4179/136 2443/4182/136 2442/4183/136
f 2438/429/9 2439/430/9 2444/420/9 2443/419/9
f 2439/427/137 2440/4181/137 2445/416/137 2444/415/137
f 2440/425/138 2436/426/138 2441/414/138 2445/413/138
f 2441/414/139 2442/424/139 2447/423/139 2446/411/139
f 2442/421/140 2443/422/140 2448/406/140 2447/408/140
f 2443/419/64 2444/420/64 2449/417/64 2448/418/64
f 2444/415/141 2445/416/141 2450/403/141 2449/405/141
f 2445/413/142 2441/414/142 2446/411/142 2450/412/142
f 2446/4184/143 2447/4185/143 2452/4186/143 2451/401/143
f 2447/408/144 2448/406/144 2453/398/144 2452/400/144
f 2448/406/65 2449/407/65 2454/399/65 2453/398/65
f 2449/405/145 2450/403/145 2455/395/145 2454/397/145
f 2450/403/146 2446/404/146 2451/396/146 2455/395/146
f 2451/401/147 2452/4186/147 2457/4187/147 2456/4188/147
f 2452/400/148 2453/398/148 2458/388/148 2457/390/148
f 2453/398/16 2454/399/16 2459/389/16 2458/388/16
f 2454/397/149 2455/395/149 2460/384/149 2459/4189/149
f 2455/395/150 2451/396/150 2456/385/150 2460/384/150
f 2456/4188/151 2457/4187/151 2402/4190/151 2401/4191/151
f 2457/390/152 2458/388/152 2403/381/152 2402/380/152
f 2458/388/66 2459/389/66 2404/387/66 2403/381/66
f 2459/4189/153 2460/384/153 2405/375/153 2404/374/153
f 2460/384/154 2456/385/154 2401/4192/154 2405/375/154
f 2461/4193/107 2462/191/107 2467/207/107 2466/4194/107
f 2462/258/108 2463/259/108 2468/246/108 2467/245/108
f 2463/1195/67 2464/1194/67 2469/1202/67 2468/1203/67
f 2464/252/109 2465/4195/109 2470/4196/109 2469/241/109
f 2465/206/110 2461/4193/110 2466/4194/110 2470/215/110
f 2466/240/111 2467/247/111 2472/238/111 2471/231/111
f 2467/245/112 2468/246/112 2473/4197/112 2472/236/112
f 2468/243/17 2469/244/17 2474/235/17 2473/234/17
f 2469/241/113 2470/4196/113 2475/233/113 2474/4198/113
f 2470/239/114 2466/240/114 2471/231/114 2475/230/114
f 2471/231/115 2472/238/115 2477/229/115 2476/219/115
f 2472/236/116 2473/4197/116 2478/227/116 2477/226/116
f 2473/234/68 2474/235/68 2479/225/68 2478/224/68
f 2474/4198/117 2475/233/117 2480/221/117 2479/220/117
f 2475/230/118 2471/231/118 2476/219/118 2480/218/118
f 2476/219/119 2477/229/119 2482/228/119 2481/216/119
f 2477/226/120 2478/227/120 2483/214/120 2482/213/120
f 2478/224/69 2479/225/69 2484/222/69 2483/223/69
f 2479/220/121 2480/221/121 2485/210/121 2484/209/121
f 2480/218/122 2476/219/122 2481/216/122 2485/217/122
f 2481/1895/123 2482/249/123 2487/250/123 2486/4199/123
f 2482/213/124 2483/214/124 2488/204/124 2487/203/124
f 2483/254/11 2484/255/11 2489/256/11 2488/257/11
f 2484/209/125 2485/210/125 2490/196/125 2489/195/125
f 2485/260/126 2481/1895/126 2486/4199/126 2490/261/126
f 2486/4199/212 2487/250/212 2492/262/212 2491/1908/212
f 2487/203/128 2488/204/128 2493/201/128 2492/202/128
f 2488/257/70 2489/256/70 2494/266/70 2493/267/70
f 2489/195/129 2490/196/129 2495/193/129 2494/194/129
f 2490/261/216 2486/4199/216 2491/1908/216 2495/270/216
f 2491/1908/214 2492/262/214 2497/1916/214 2496/4200/214
f 2492/202/132 2493/201/132 2498/310/132 2497/309/132
f 2493/267/63 2494/266/63 2499/275/63 2498/276/63
f 2494/194/133 2495/193/133 2500/306/133 2499/305/133
f 2495/270/215 2491/1908/215 2496/4200/215 2500/1924/215
f 2496/304/135 2497/311/135 2502/302/135 2501/295/135
f 2497/309/136 2498/310/136 2503/301/136 2502/300/136
f 2498/307/9 2499/308/9 2504/299/9 2503/298/9
f 2499/305/137 2500/306/137 2505/297/137 2504/296/137
f 2500/303/138 2496/304/138 2501/295/138 2505/294/138
f 2501/295/139 2502/302/139 2507/293/139 2506/283/139
f 2502/300/140 2503/301/140 2508/291/140 2507/290/140
f 2503/298/64 2504/299/64 2509/289/64 2508/288/64
f 2504/296/141 2505/297/141 2510/285/141 2509/284/141
f 2505/294/142 2501/295/142 2506/283/142 2510/282/142
f 2506/283/143 2507/293/143 2512/292/143 2511/280/143
f 2507/290/144 2508/291/144 2513/278/144 2512/277/144
f 2508/288/65 2509/289/65 2514/286/65 2513/287/65
f 2509/284/145 2510/285/145 2515/274/145 2514/4201/145
f 2510/282/146 2506/283/146 2511/280/146 2515/281/146
f 2511/4202/147 2512/4203/147 2517/190/147 2516/4204/147
f 2512/277/148 2513/278/148 2518/269/148 2517/268/148
f 2513/1270/16 2514/1271/16 2519/1193/16 2518/1192/16
f 2514/4201/149 2515/274/149 2520/4205/149 2519/264/149
f 2515/4206/150 2511/4202/150 2516/4204/150 2520/205/150
f 2516/4204/151 2517/190/151 2462/191/151 2461/4193/151
f 2517/268/152 2518/269/152 2463/259/152 2462/258/152
f 2518/1192/66 2519/1193/66 2464/1194/66 2463/1195/66
f 2519/264/153 2520/4205/153 2465/4195/153 2464/252/153
f 2520/205/154 2516/4204/154 2461/4193/154 2465/206/154
usemtl Rope
f 385/732/179 386/733/179 392/734/179 391/735/179
f 386/736/23 387/737/23 393/738/23 392/739/23
f 387/737/180 388/740/180 394/741/180 393/738/180
f 388/740/181 389/742/181 395/743/181 394/741/181
f 389/744/25 390/745/25 396/746/25 395/747/25
f 390/748/182 385/732/182 391/735/182 396/749/182
f 391/750/183 392/751/183 398/752/183 397/753/183
f 392/739/23 393/738/23 399/754/23 398/755/23
f 393/756/184 394/757/184 400/758/184 399/759/184
f 394/757/185 395/747/185 401/760/185 400/758/185
f 395/747/25 396/746/25 402/761/25 401/760/25
f 396/762/186 391/750/186 397/753/186 402/763/186
f 397/753/187 398/752/187 404/764/187 403/765/187
f 398/755/23 399/754/23 405/766/23 404/767/23
f 399/759/188 400/758/188 406/768/188 405/769/188
f 400/758/189 401/760/189 407/770/189 406/768/189
f 401/760/25 402/761/25 408/771/25 407/770/25
f 402/763/190 397/753/190 403/765/190 408/772/190
f 403/773/191 404/767/191 410/774/191 409/775/191
f 404/767/23 405/766/23 411/776/23 410/774/23
f 405/777/192 406/778/192 412/779/192 411/780/192
f 406/778/193 407/781/193 413/782/193 412/779/193
f 407/770/25 408/771/25 414/783/25 413/784/25
f 408/785/194 403/773/194 409/775/194 414/786/194
f 409/787/195 410/788/195 416/789/195 415/790/195
f 410/774/23 411/776/23 417/791/23 416/792/23
f 411/793/196 412/794/196 418/795/196 417/796/196
f 412/794/197 413/797/197 419/798/197 418/795/197
f 413/784/25 414/783/25 420/799/25 419/800/25
f 414/783/198 409/787/198 415/790/198 420/799/198
f 415/790/199 416/789/199 422/801/199 421/802/199
f 416/792/23 417/791/23 423/803/23 422/804/23
f 417/796/200 418/795/200 424/805/200 423/806/200
f 418/795/201 419/798/201 425/807/201 424/805/201
f 419/800/25 420/799/25 426/808/25 425/809/25
f 420/799/202 415/790/202 421/802/202 426/808/202
f 421/810/203 422/811/203 428/812/203 427/813/203
f 422/804/23 423/803/23 429/814/23 428/815/23
f 423/803/204 424/816/204 430/817/204 429/814/204
f 424/816/205 425/818/205 431/819/205 430/817/205
f 425/809/25 426/808/25 432/820/25 431/821/25
f 426/822/206 421/810/206 427/813/206 432/823/206
f 427/813/207 428/812/207 386/733/207 385/732/207
f 428/815/23 429/814/23 387/737/23 386/736/23
f 429/814/208 430/817/208 388/740/208 387/737/208
f 430/817/209 431/819/209 389/742/209 388/740/209
f 431/821/25 432/820/25 390/745/25 389/744/25
f 432/823/210 427/813/210 385/732/210 390/748/210
f 433/824/179 434/825/179 440/826/179 439/827/179
f 434/828/23 435/829/23 441/830/23 440/831/23
f 435/829/180 436/832/180 442/833/180 441/830/180
f 436/832/181 437/834/181 443/835/181 442/833/181
f 437/836/25 438/837/25 444/838/25 443/839/25
f 438/840/182 433/824/182 439/827/182 444/841/182
f 439/842/183 440/843/183 446/844/183 445/845/183
f 440/831/23 441/830/23 447/846/23 446/847/23
f 441/848/184 442/849/184 448/850/184 447/851/184
f 442/849/185 443/839/185 449/852/185 448/850/185
f 443/839/25 444/838/25 450/853/25 449/852/25
f 444/854/186 439/842/186 445/845/186 450/855/186
f 445/845/187 446/844/187 452/856/187 451/857/187
f 446/847/23 447/846/23 453/858/23 452/859/23
f 447/851/188 448/850/188 454/860/188 453/861/188
f 448/850/189 449/852/189 455/862/189 454/860/189
f 449/852/25 450/853/25 456/863/25 455/862/25
f 450/855/190 445/845/190 451/857/190 456/864/190
f 451/865/191 452/859/191 458/866/191 457/867/191
f 452/859/23 453/858/23 459/868/23 458/866/23
f 453/869/192 454/870/192 460/871/192 459/872/192
f 454/870/193 455/873/193 461/874/193 460/871/193
f 455/862/25 456/863/25 462/875/25 461/876/25
f 456/877/194 451/865/194 457/867/194 462/878/194
f 457/879/195 458/880/195 464/881/195 463/882/195
f 458/866/23 459/868/23 465/883/23 464/884/23
f 459/885/196 460/886/196 466/887/196 465/888/196
f 460/886/197 461/889/197 467/890/197 466/887/197
f 461/876/25 462/875/25 468/891/25 467/892/25
f 462/875/198 457/879/198 463/882/198 468/891/198
f 463/882/199 464/881/199 470/893/199 469/894/199
f 464/884/23 465/883/23 471/895/23 470/896/23
f 465/888/200 466/887/200 472/897/200 471/898/200
f 466/887/201 467/890/201 473/899/201 472/897/201
f 467/892/25 468/891/25 474/900/25 473/901/25
f 468/891/202 463/882/202 469/894/202 474/900/202
f 469/902/203 470/903/203 476/904/203 475/905/203
f 470/896/23 471/895/23 477/906/23 476/907/23
f 471/895/204 472/908/204 478/909/204 477/906/204
f 472/908/205 473/910/205 479/911/205 478/909/205
f 473/901/25 474/900/25 480/912/25 479/913/25
f 474/914/206 469/902/206 475/905/206 480/915/206
f 475/905/207 476/904/207 434/825/207 433/824/207
f 476/907/23 477/906/23 435/829/23 434/828/23
f 477/906/208 478/909/208 436/832/208 435/829/208
f 478/909/209 479/911/209 437/834/209 436/832/209
f 479/913/25 480/912/25 438/837/25 437/836/25
f 480/915/210 475/905/210 433/824/210 438/840/210
f 841/1564/179 842/1565/179 848/1566/179 847/1567/179
f 842/1568/23 843/1569/23 849/1570/23 848/1571/23
f 843/1572/180 844/1573/180 850/1574/180 849/1575/180
f 844/1573/181 845/1576/181 851/1577/181 850/1574/181
f 845/1576/25 846/1578/25 852/1579/25 851/1577/25
f 846/1580/182 841/1564/182 847/1567/182 852/1581/182
f 847/1582/183 848/1583/183 854/1584/183 853/1585/183
f 848/1571/23 849/1570/23 855/1586/23 854/1587/23
f 849/1570/184 850/1588/184 856/1589/184 855/1586/184
f 850/1588/185 851/1590/185 857/1591/185 856/1589/185
f 851/1577/25 852/1579/25 858/1592/25 857/1593/25
f 852/1594/186 847/1582/186 853/1585/186 858/1595/186
f 853/1585/187 854/1584/187 860/1596/187 859/1597/187
f 854/1587/23 855/1586/23 861/1598/23 860/1599/23
f 855/1586/188 856/1589/188 862/1600/188 861/1598/188
f 856/1589/189 857/1591/189 863/1601/189 862/1600/189
f 857/1593/25 858/1592/25 864/1602/25 863/1603/25
f 858/1595/190 853/1585/190 859/1597/190 864/1604/190
f 859/1605/191 860/1606/191 866/1607/191 865/1608/191
f 860/1599/23 861/1598/23 867/1609/23 866/1610/23
f 861/1611/192 862/1612/192 868/1613/192 867/1614/192
f 862/1612/193 863/1615/193 869/1616/193 868/1613/193
f 863/1603/25 864/1602/25 870/1617/25 869/1618/25
f 864/1602/194 859/1605/194 865/1608/194 870/1617/194
f 865/1619/195 866/1610/195 872/1620/195 871/1621/195
f 866/1610/23 867/1609/23 873/1622/23 872/1620/23
f 867/1623/196 868/1624/196 874/1625/196 873/1626/196
f 868/1624/197 869/1627/197 875/1628/197 874/1625/197
f 869/1618/25 870/1617/25 876/1629/25 875/1630/25
f 870/1631/198 865/1619/198 871/1621/198 876/1632/198
f 871/1621/199 872/1620/199 878/1633/199 877/1634/199
f 872/1620/23 873/1622/23 879/1635/23 878/1633/23
f 873/1626/200 874/1625/200 880/1636/200 879/1637/200
f 874/1625/201 875/1628/201 881/1638/201 880/1636/201
f 875/1630/25 876/1629/25 882/1639/25 881/1640/25
f 876/1632/202 871/1621/202 877/1634/202 882/1641/202
f 877/1642/203 878/1643/203 884/1644/203 883/1645/203
f 878/1633/23 879/1635/23 885/1646/23 884/1647/23
f 879/1648/204 880/1649/204 886/1650/204 885/1651/204
f 880/1649/205 881/1640/205 887/1652/205 886/1650/205
f 881/1640/25 882/1639/25 888/1653/25 887/1652/25
f 882/1654/206 877/1642/206 883/1645/206 888/1655/206
f 883/1645/207 884/1644/207 842/1565/207 841/1564/207
f 884/1647/23 885/1646/23 843/1569/23 842/1568/23
f 885/1651/208 886/1650/208 844/1573/208 843/1572/208
f 886/1650/209 887/1652/209 845/1576/209 844/1573/209
f 887/1652/25 888/1653/25 846/1578/25 845/1576/25
f 888/1655/210 883/1645/210 841/1564/210 846/1580/210
f 889/1564/179 890/1565/179 896/1566/179 895/1567/179
f 890/1656/23 891/1657/23 897/1658/23 896/1659/23
f 891/819/180 892/1660/180 898/1661/180 897/1662/180
f 892/1660/181 893/1663/181 899/1664/181 898/1661/181
f 893/1663/25 894/1665/25 900/1666/25 899/1664/25
f 894/1667/182 889/1564/182 895/1567/182 900/1668/182
f 895/1669/183 896/1670/183 902/1671/183 901/1672/183
f 896/1659/23 897/1658/23 903/1586/23 902/1673/23
f 897/1658/184 898/1674/184 904/1675/184 903/1586/184
f 898/1674/185 899/1590/185 905/1591/185 904/1675/185
f 899/1664/25 900/1666/25 906/1676/25 905/1677/25
f 900/1678/186 895/1669/186 901/1672/186 906/1679/186
f 901/1672/187 902/1671/187 908/1680/187 907/1681/187
f 902/1673/23 903/1586/23 909/1682/23 908/1683/23
f 903/1586/188 904/1675/188 910/1600/188 909/1682/188
f 904/1675/189 905/1591/189 911/1684/189 910/1600/189
f 905/1677/25 906/1676/25 912/1685/25 911/1686/25
f 906/1679/190 901/1672/190 907/1681/190 912/1687/190
f 907/1688/191 908/1689/191 914/1690/191 913/1691/191
f 908/1683/23 909/1682/23 915/1692/23 914/1693/23
f 909/1694/192 910/1695/192 916/1696/192 915/1697/192
f 910/1695/193 911/1698/193 917/1699/193 916/1696/193
f 911/1686/25 912/1685/25 918/1700/25 917/1701/25
f 912/1685/194 907/1688/194 913/1691/194 918/1700/194
f 913/1702/195 914/1693/195 920/1703/195 919/1704/195
f 914/1693/23 915/1692/23 921/1705/23 920/1703/23
f 915/1706/196 916/1707/196 922/1708/196 921/1709/196
f 916/1707/197 917/1710/197 923/1711/197 922/1708/197
f 917/1701/25 918/1700/25 924/1712/25 923/1713/25
f 918/1631/198 913/1702/198 919/1704/198 924/1714/198
f 919/1704/199 920/1703/199 926/1715/199 925/1716/199
f 920/1703/23 921/1705/23 927/1717/23 926/1715/23
f 921/1709/200 922/1708/200 928/1718/200 927/1719/200
f 922/1708/201 923/1711/201 929/1720/201 928/1718/201
f 923/1713/25 924/1712/25 930/1721/25 929/1722/25
f 924/1714/202 919/1704/202 925/1716/202 930/1723/202
f 925/1642/203 926/1643/203 932/1644/203 931/1645/203
f 926/1715/23 927/1717/23 933/1724/23 932/1725/23
f 927/1726/211 928/1727/211 934/1728/211 933/1729/211
f 928/1727/205 929/1722/205 935/1730/205 934/1728/205
f 929/1722/25 930/1721/25 936/1731/25 935/1730/25
f 930/1732/206 925/1642/206 931/1645/206 936/1655/206
f 931/1645/207 932/1644/207 890/1565/207 889/1564/207
f 932/1725/23 933/1724/23 891/1657/23 890/1656/23
f 933/1729/208 934/1728/208 892/1660/208 891/819/208
f 934/1728/209 935/1730/209 893/1663/209 892/1660/209
f 935/1730/25 936/1731/25 894/1665/25 893/1663/25
f 936/1655/210 931/1645/210 889/1564/210 894/1667/210
f 1297/2405/179 1298/2406/179 1304/2407/179 1303/2408/179
f 1298/2409/23 1299/2410/23 1305/2411/23 1304/2412/23
f 1299/2410/180 1300/2413/180 1306/2414/180 1305/2411/180
f 1300/2413/181 1301/2415/181 1307/2416/181 1306/2414/181
f 1301/2417/25 1302/2418/25 1308/2419/25 1307/2420/25
f 1302/2421/182 1297/2405/182 1303/2408/182 1308/2422/182
f 1303/2423/183 1304/2424/183 1310/2425/183 1309/2426/183
f 1304/2412/23 1305/2411/23 1311/2427/23 1310/2428/23
f 1305/2429/184 1306/2430/184 1312/2431/184 1311/2432/184
f 1306/2430/185 1307/2420/185 1313/2433/185 1312/2431/185
f 1307/2420/25 1308/2419/25 1314/2434/25 1313/2433/25
f 1308/2435/186 1303/2423/186 1309/2426/186 1314/2436/186
f 1309/2426/187 1310/2425/187 1316/2437/187 1315/2438/187
f 1310/2428/23 1311/2427/23 1317/2439/23 1316/2440/23
f 1311/2432/188 1312/2431/188 1318/2441/188 1317/2442/188
f 1312/2431/189 1313/2433/189 1319/2443/189 1318/2441/189
f 1313/2433/25 1314/2434/25 1320/2444/25 1319/2443/25
f 1314/2436/190 1309/2426/190 1315/2438/190 1320/2445/190
f 1315/2446/191 1316/2440/191 1322/2447/191 1321/2448/191
f 1316/2440/23 1317/2439/23 1323/2449/23 1322/2447/23
f 1317/2450/192 1318/2451/192 1324/2452/192 1323/2453/192
f 1318/2451/193 1319/2454/193 1325/2455/193 1324/2452/193
f 1319/2443/25 1320/2444/25 1326/2456/25 1325/2457/25
f 1320/2458/194 1315/2446/194 1321/2448/194 1326/2459/194
f 1321/2460/195 1322/2461/195 1328/2462/195 1327/2463/195
f 1322/2447/23 1323/2449/23 1329/2464/23 1328/2465/23
f 1323/2466/196 1324/2467/196 1330/2468/196 1329/2469/196
f 1324/2467/197 1325/2470/197 1331/2471/197 1330/2468/197
f 1325/2457/25 1326/2456/25 1332/2472/25 1331/2473/25
f 1326/2456/198 1321/2460/198 1327/2463/198 1332/2472/198
f 1327/2463/199 1328/2462/199 1334/2474/199 1333/2475/199
f 1328/2465/23 1329/2464/23 1335/2476/23 1334/2477/23
f 1329/2469/200 1330/2468/200 1336/2478/200 1335/2479/200
f 1330/2468/201 1331/2471/201 1337/2480/201 1336/2478/201
f 1331/2473/25 1332/2472/25 1338/2481/25 1337/2482/25
f 1332/2472/202 1327/2463/202 1333/2475/202 1338/2481/202
f 1333/2483/203 1334/2484/203 1340/2485/203 1339/2486/203
f 1334/2477/23 1335/2476/23 1341/2487/23 1340/2488/23
f 1335/2476/204 1336/2489/204 1342/2490/204 1341/2487/204
f 1336/2489/205 1337/2491/205 1343/2492/205 1342/2490/205
f 1337/2482/25 1338/2481/25 1344/2493/25 1343/2494/25
f 1338/2495/206 1333/2483/206 1339/2486/206 1344/2496/206
f 1339/2486/207 1340/2485/207 1298/2406/207 1297/2405/207
f 1340/2488/23 1341/2487/23 1299/2410/23 1298/2409/23
f 1341/2487/208 1342/2490/208 1300/2413/208 1299/2410/208
f 1342/2490/209 1343/2492/209 1301/2415/209 1300/2413/209
f 1343/2494/25 1344/2493/25 1302/2418/25 1301/2417/25
f 1344/2496/210 1339/2486/210 1297/2405/210 1302/2421/210
f 1345/2497/179 1346/2498/179 1352/2499/179 1351/2500/179
f 1346/2501/23 1347/2502/23 1353/2503/23 1352/2504/23
f 1347/2502/180 1348/2505/180 1354/2506/180 1353/2503/180
f 1348/2505/181 1349/2507/181 1355/2508/181 1354/2506/181
f 1349/2509/25 1350/2510/25 1356/2511/25 1355/2512/25
f 1350/2513/182 1345/2497/182 1351/2500/182 1356/2514/182
f 1351/2515/183 1352/2516/183 1358/2517/183 1357/2518/183
f 1352/2504/23 1353/2503/23 1359/2519/23 1358/2520/23
f 1353/2521/184 1354/2522/184 1360/2523/184 1359/2524/184
f 1354/2522/185 1355/2512/185 1361/2525/185 1360/2523/185
f 1355/2512/25 1356/2511/25 1362/2526/25 1361/2525/25
f 1356/2527/186 1351/2515/186 1357/2518/186 1362/2528/186
f 1357/2518/187 1358/2517/187 1364/2529/187 1363/2530/187
f 1358/2520/23 1359/2519/23 1365/2531/23 1364/2532/23
f 1359/2524/188 1360/2523/188 1366/2533/188 1365/2534/188
f 1360/2523/189 1361/2525/189 1367/2535/189 1366/2533/189
f 1361/2525/25 1362/2526/25 1368/2536/25 1367/2535/25
f 1362/2528/190 1357/2518/190 1363/2530/190 1368/2537/190
f 1363/2538/191 1364/2532/191 1370/2539/191 1369/2540/191
f 1364/2532/23 1365/2531/23 1371/2541/23 1370/2539/23
f 1365/2450/192 1366/2451/192 1372/2452/192 1371/2453/192
f 1366/2451/193 1367/2542/193 1373/2543/193 1372/2452/193
f 1367/2535/25 1368/2536/25 1374/2544/25 1373/2545/25
f 1368/2546/194 1363/2538/194 1369/2540/194 1374/2547/194
f 1369/2548/195 1370/2549/195 1376/2550/195 1375/2551/195
f 1370/2539/23 1371/2541/23 1377/2552/23 1376/2553/23
f 1371/2554/196 1372/2555/196 1378/2556/196 1377/2557/196
f 1372/2555/197 1373/2558/197 1379/2559/197 1378/2556/197
f 1373/2545/25 1374/2544/25 1380/2560/25 1379/2561/25
f 1374/2544/198 1369/2548/198 1375/2551/198 1380/2560/198
f 1375/2551/199 1376/2550/199 1382/2562/199 1381/2563/199
f 1376/2553/23 1377/2552/23 1383/2564/23 1382/2565/23
f 1377/2557/200 1378/2556/200 1384/2566/200 1383/2567/200
f 1378/2556/201 1379/2559/201 1385/2568/201 1384/2566/201
f 1379/2561/25 1380/2560/25 1386/2569/25 1385/2570/25
f 1380/2560/202 1375/2551/202 1381/2563/202 1386/2569/202
f 1381/2571/203 1382/2572/203 1388/2573/203 1387/2574/203
f 1382/2565/23 1383/2564/23 1389/2575/23 1388/2576/23
f 1383/2564/204 1384/2577/204 1390/2578/204 1389/2575/204
f 1384/2577/205 1385/2579/205 1391/2580/205 1390/2578/205
f 1385/2570/25 1386/2569/25 1392/2581/25 1391/2582/25
f 1386/2583/206 1381/2571/206 1387/2574/206 1392/2584/206
f 1387/2574/207 1388/2573/207 1346/2498/207 1345/2497/207
f 1388/2576/23 1389/2575/23 1347/2502/23 1346/2501/23
f 1389/2575/208 1390/2578/208 1348/2505/208 1347/2502/208
f 1390/2578/209 1391/2580/209 1349/2507/209 1348/2505/209
f 1391/2582/25 1392/2581/25 1350/2510/25 1349/2509/25
f 1392/2584/210 1387/2574/210 1345/2497/210 1350/2513/210
f 1753/3158/179 1754/3159/179 1760/3160/179 1759/3161/179
f 1754/3162/23 1755/3163/23 1761/3164/23 1760/3165/23
f 1755/3166/180 1756/3167/180 1762/3168/180 1761/3169/180
f 1756/3167/181 1757/3170/181 1763/3171/181 1762/3168/181
f 1757/3170/25 1758/3172/25 1764/3173/25 1763/3171/25
f 1758/3174/182 1753/3158/182 1759/3161/182 1764/3175/182
f 1759/3176/183 1760/3177/183 1766/3178/183 1765/3179/183
f 1760/3165/23 1761/3164/23 1767/3180/23 1766/3181/23
f 1761/3164/184 1762/3182/184 1768/3183/184 1767/3180/184
f 1762/3182/185 1763/3184/185 1769/3185/185 1768/3183/185
f 1763/3171/25 1764/3173/25 1770/3186/25 1769/3187/25
f 1764/3188/186 1759/3176/186 1765/3179/186 1770/3189/186
f 1765/3179/187 1766/3178/187 1772/3190/187 1771/3191/187
f 1766/3181/23 1767/3180/23 1773/3192/23 1772/3193/23
f 1767/3180/188 1768/3183/188 1774/3194/188 1773/3192/188
f 1768/3183/189 1769/3185/189 1775/3195/189 1774/3194/189
f 1769/3187/25 1770/3186/25 1776/3196/25 1775/3197/25
f 1770/3189/190 1765/3179/190 1771/3191/190 1776/3198/190
f 1771/3199/191 1772/3200/191 1778/3201/191 1777/3202/191
f 1772/3193/23 1773/3192/23 1779/3203/23 1778/3204/23
f 1773/3205/192 1774/3206/192 1780/3207/192 1779/2542/192
f 1774/3206/193 1775/3208/193 1781/3209/193 1780/3207/193
f 1775/3197/25 1776/3196/25 1782/3210/25 1781/3211/25
f 1776/3196/194 1771/3199/194 1777/3202/194 1782/3210/194
f 1777/3212/195 1778/3204/195 1784/3213/195 1783/3214/195
f 1778/3204/23 1779/3203/23 1785/3215/23 1784/3213/23
f 1779/3216/196 1780/3217/196 1786/3218/196 1785/3219/196
f 1780/3217/197 1781/3220/197 1787/3221/197 1786/3218/197
f 1781/3211/25 1782/3210/25 1788/3222/25 1787/3223/25
f 1782/3224/198 1777/3212/198 1783/3214/198 1788/3225/198
f 1783/3214/199 1784/3213/199 1790/3226/199 1789/3227/199
f 1784/3213/23 1785/3215/23 1791/3228/23 1790/3226/23
f 1785/3219/200 1786/3218/200 1792/3229/200 1791/3230/200
f 1786/3218/201 1787/3221/201 1793/3231/201 1792/3229/201
f 1787/3223/25 1788/3222/25 1794/3232/25 1793/3233/25
f 1788/3225/202 1783/3214/202 1789/3227/202 1794/3234/202
f 1789/3235/203 1790/3236/203 1796/3237/203 1795/3238/203
f 1790/3226/23 1791/3228/23 1797/3239/23 1796/3240/23
f 1791/3241/204 1792/3242/204 1798/3243/204 1797/3244/204
f 1792/3242/205 1793/3233/205 1799/3245/205 1798/3243/205
f 1793/3233/25 1794/3232/25 1800/3246/25 1799/3245/25
f 1794/3247/206 1789/3235/206 1795/3238/206 1800/3248/206
f 1795/3238/207 1796/3237/207 1754/3159/207 1753/3158/207
f 1796/3240/23 1797/3239/23 1755/3163/23 1754/3162/23
f 1797/3244/208 1798/3243/208 1756/3167/208 1755/3166/208
f 1798/3243/209 1799/3245/209 1757/3170/209 1756/3167/209
f 1799/3245/25 1800/3246/25 1758/3172/25 1757/3170/25
f 1800/3248/210 1795/3238/210 1753/3158/210 1758/3174/210
f 1801/2486/179 1802/3249/179 1808/3250/179 1807/3251/179
f 1802/3252/23 1803/3253/23 1809/3254/23 1808/3255/23
f 1803/3256/180 1804/3257/180 1810/3258/180 1809/3259/180
f 1804/3257/181 1805/3260/181 1811/3261/181 1810/3258/181
f 1805/3260/25 1806/3262/25 1812/3263/25 1811/3261/25
f 1806/3264/182 1801/2486/182 1807/3251/182 1812/3265/182
f 1807/3266/183 1808/3267/183 1814/3268/183 1813/3269/183
f 1808/3255/23 1809/3254/23 1815/3270/23 1814/3271/23
f 1809/3254/184 1810/3272/184 1816/3273/184 1815/3270/184
f 1810/3272/185 1811/3274/185 1817/3275/185 1816/3273/185
f 1811/3261/25 1812/3263/25 1818/3276/25 1817/3277/25
f 1812/3278/186 1807/3266/186 1813/3269/186 1818/3279/186
f 1813/3269/187 1814/3268/187 1820/3280/187 1819/3281/187
f 1814/3271/23 1815/3270/23 1821/3282/23 1820/3283/23
f 1815/3270/188 1816/3273/188 1822/3284/188 1821/3282/188
f 1816/3273/189 1817/3275/189 1823/3285/189 1822/3284/189
f 1817/3277/25 1818/3276/25 1824/3286/25 1823/3287/25
f 1818/3279/190 1813/3269/190 1819/3281/190 1824/3288/190
f 1819/3289/191 1820/3290/191 1826/3291/191 1825/3292/191
f 1820/3283/23 1821/3282/23 1827/3293/23 1826/3294/23
f 1821/3295/192 1822/3296/192 1828/3297/192 1827/3298/192
f 1822/3296/193 1823/3299/193 1829/3300/193 1828/3297/193
f 1823/3287/25 1824/3286/25 1830/3301/25 1829/3302/25
f 1824/3286/194 1819/3289/194 1825/3292/194 1830/3301/194
f 1825/3303/195 1826/3294/195 1832/3304/195 1831/3305/195
f 1826/3294/23 1827/3293/23 1833/3306/23 1832/3304/23
f 1827/3307/196 1828/3308/196 1834/3309/196 1833/3310/196
f 1828/3308/197 1829/3311/197 1835/3312/197 1834/3309/197
f 1829/3302/25 1830/3301/25 1836/3313/25 1835/3314/25
f 1830/3315/198 1825/3303/198 1831/3305/198 1836/3316/198
f 1831/3305/199 1832/3304/199 1838/3317/199 1837/3318/199
f 1832/3304/23 1833/3306/23 1839/3319/23 1838/3317/23
f 1833/3310/200 1834/3309/200 1840/3320/200 1839/3321/200
f 1834/3309/201 1835/3312/201 1841/3322/201 1840/3320/201
f 1835/3314/25 1836/3313/25 1842/3323/25 1841/3324/25
f 1836/3316/202 1831/3305/202 1837/3318/202 1842/3325/202
f 1837/3326/203 1838/3327/203 1844/3328/203 1843/3329/203
f 1838/3317/23 1839/3319/23 1845/3330/23 1844/3331/23
f 1839/3332/204 1840/3333/204 1846/3334/204 1845/3335/204
f 1840/3333/205 1841/3324/205 1847/3336/205 1846/3334/205
f 1841/3324/25 1842/3323/25 1848/3337/25 1847/3336/25
f 1842/3338/206 1837/3326/206 1843/3329/206 1848/3339/206
f 1843/3329/207 1844/3328/207 1802/3249/207 1801/2486/207
f 1844/3331/23 1845/3330/23 1803/3253/23 1802/3252/23
f 1845/3335/208 1846/3334/208 1804/3257/208 1803/3256/208
f 1846/3334/209 1847/3336/209 1805/3260/209 1804/3257/209
f 1847/3336/25 1848/3337/25 1806/3262/25 1805/3260/25
f 1848/3339/210 1843/3329/210 1801/2486/210 1806/3264/210
f 2209/3877/179 2210/3878/179 2216/3879/179 2215/3880/179
f 2210/3881/23 2211/3882/23 2217/3883/23 2216/3884/23
f 2211/3882/180 2212/3885/180 2218/3886/180 2217/3883/180
f 2212/3885/181 2213/3887/181 2219/3888/181 2218/3886/181
f 2213/3889/25 2214/3890/25 2220/3891/25 2219/3892/25
f 2214/3893/182 2209/3877/182 2215/3880/182 2220/3894/182
f 2215/3895/183 2216/3896/183 2222/3897/183 2221/3898/183
f 2216/3884/23 2217/3883/23 2223/3899/23 2222/3900/23
f 2217/3901/184 2218/3902/184 2224/3903/184 2223/3904/184
f 2218/3902/185 2219/3905/185 2225/3906/185 2224/3903/185
f 2219/3892/25 2220/3891/25 2226/3907/25 2225/3908/25
f 2220/3891/186 2215/3895/186 2221/3898/186 2226/3907/186
f 2221/3898/187 2222/3897/187 2228/3909/187 2227/3910/187
f 2222/3900/23 2223/3899/23 2229/3911/23 2228/3912/23
f 2223/3904/219 2224/3903/219 2230/3913/219 2229/3914/219
f 2224/3903/220 2225/3906/220 2231/3915/220 2230/3913/220
f 2225/3908/25 2226/3907/25 2232/3916/25 2231/3917/25
f 2226/3907/190 2221/3898/190 2227/3910/190 2232/3916/190
f 2227/3918/191 2228/3912/191 2234/3919/191 2233/3920/191
f 2228/3912/23 2229/3911/23 2235/3921/23 2234/3919/23
f 2229/3922/192 2230/3923/192 2236/3924/192 2235/3925/192
f 2230/3923/193 2231/3926/193 2237/3927/193 2236/3924/193
f 2231/3917/25 2232/3916/25 2238/3928/25 2237/3929/25
f 2232/3930/194 2227/3918/194 2233/3920/194 2238/3931/194
f 2233/3932/195 2234/3933/195 2240/3934/195 2239/3935/195
f 2234/3919/23 2235/3921/23 2241/3936/23 2240/3937/23
f 2235/3938/196 2236/3939/196 2242/3940/196 2241/3941/196
f 2236/3939/197 2237/3929/197 2243/3942/197 2242/3940/197
f 2237/3929/25 2238/3928/25 2244/3943/25 2243/3942/25
f 2238/3944/198 2233/3932/198 2239/3935/198 2244/3945/198
f 2239/3935/199 2240/3934/199 2246/3946/199 2245/3947/199
f 2240/3937/23 2241/3936/23 2247/3948/23 2246/3949/23
f 2241/3941/200 2242/3940/200 2248/3950/200 2247/3951/200
f 2242/3940/201 2243/3942/201 2249/3952/201 2248/3950/201
f 2243/3942/25 2244/3943/25 2250/3953/25 2249/3952/25
f 2244/3945/202 2239/3935/202 2245/3947/202 2250/3954/202
f 2245/3955/203 2246/3956/203 2252/3957/203 2251/3958/203
f 2246/3949/23 2247/3948/23 2253/3959/23 2252/3960/23
f 2247/3948/204 2248/3961/204 2254/3962/204 2253/3959/204
f 2248/3961/205 2249/3963/205 2255/3964/205 2254/3962/205
f 2249/3952/25 2250/3953/25 2256/3965/25 2255/3966/25
f 2250/3967/206 2245/3955/206 2251/3958/206 2256/3968/206
f 2251/3958/207 2252/3957/207 2210/3878/207 2209/3877/207
f 2252/3960/23 2253/3959/23 2211/3882/23 2210/3881/23
f 2253/3959/208 2254/3962/208 2212/3885/208 2211/3882/208
f 2254/3962/209 2255/3964/209 2213/3887/209 2212/3885/209
f 2255/3966/25 2256/3965/25 2214/3890/25 2213/3889/25
f 2256/3968/210 2251/3958/210 2209/3877/210 2214/3893/210
f 2257/3969/179 2258/3970/179 2264/1654/179 2263/3971/179
f 2258/3972/23 2259/3973/23 2265/3974/23 2264/3975/23
f 2259/3973/180 2260/3976/180 2266/3977/180 2265/3974/180
f 2260/3976/181 2261/3978/181 2267/3979/181 2266/3977/181
f 2261/3980/25 2262/3981/25 2268/1633/25 2267/3982/25
f 2262/3983/182 2257/3969/182 2263/3971/182 2268/3984/182
f 2263/3985/183 2264/1641/183 2270/1632/183 2269/3986/183
f 2264/3975/23 2265/3974/23 2271/3987/23 2270/3988/23
f 2265/3989/184 2266/3990/184 2272/3991/184 2271/3992/184
f 2266/3990/185 2267/3993/185 2273/3994/185 2272/3991/185
f 2267/3982/25 2268/1633/25 2274/3995/25 2273/3996/25
f 2268/1633/186 2263/3985/186 2269/3986/186 2274/3995/186
f 2269/3986/187 2270/1632/187 2276/3997/187 2275/3998/187
f 2270/3988/23 2271/3987/23 2277/3999/23 2276/4000/23
f 2271/3992/219 2272/3991/219 2278/4001/219 2277/4002/219
f 2272/3991/220 2273/3994/220 2279/4003/220 2278/4001/220
f 2273/3996/25 2274/3995/25 2280/4004/25 2279/4005/25
f 2274/3995/190 2269/3986/190 2275/3998/190 2280/4004/190
f 2275/4006/191 2276/4000/191 2282/4007/191 2281/4008/191
f 2276/4000/23 2277/3999/23 2283/4009/23 2282/4007/23
f 2277/4010/192 2278/1613/192 2284/1612/192 2283/4011/192
f 2278/1613/193 2279/4012/193 2285/4013/193 2284/1612/193
f 2279/4005/25 2280/4004/25 2286/4014/25 2285/4015/25
f 2280/4016/194 2275/4006/194 2281/4008/194 2286/4017/194
f 2281/4018/195 2282/4019/195 2288/4020/195 2287/4021/195
f 2282/4007/23 2283/4009/23 2289/4022/23 2288/4023/23
f 2283/4024/196 2284/4025/196 2290/4026/196 2289/4027/196
f 2284/4025/197 2285/4015/197 2291/4028/197 2290/4026/197
f 2285/4015/25 2286/4014/25 2292/4029/25 2291/4028/25
f 2286/4030/198 2281/4018/198 2287/4021/198 2292/4031/198
f 2287/4021/199 2288/4020/199 2294/4032/199 2293/4033/199
f 2288/4023/23 2289/4022/23 2295/4034/23 2294/4035/23
f 2289/4027/200 2290/4026/200 2296/4036/200 2295/4037/200
f 2290/4026/201 2291/4028/201 2297/4038/201 2296/4036/201
f 2291/4028/25 2292/4029/25 2298/4039/25 2297/4038/25
f 2292/4031/202 2287/4021/202 2293/4033/202 2298/4040/202
f 2293/4041/203 2294/4042/203 2300/4043/203 2299/4044/203
f 2294/4035/23 2295/4034/23 2301/4045/23 2300/4046/23
f 2295/4034/204 2296/4047/204 2302/4048/204 2301/4045/204
f 2296/4047/205 2297/4049/205 2303/4050/205 2302/4048/205
f 2297/4038/25 2298/4039/25 2304/4051/25 2303/4052/25
f 2298/1566/206 2293/4041/206 2299/4044/206 2304/4053/206
f 2299/4044/207 2300/4043/207 2258/3970/207 2257/3969/207
f 2300/4046/23 2301/4045/23 2259/3973/23 2258/3972/23
f 2301/4045/208 2302/4048/208 2260/3976/208 2259/3973/208
f 2302/4048/209 2303/4050/209 2261/3978/209 2260/3976/209
f 2303/4052/25 2304/4051/25 2262/3981/25 2261/3980/25
f 2304/4053/210 2299/4044/210 2257/3969/210 2262/3983/210
f 2665/4502/179 2666/4503/179 2672/4504/179 2671/4505/179
f 2666/4506/23 2667/4507/23 2673/4508/23 2672/4509/23
f 2667/4510/180 2668/4511/180 2674/4512/180 2673/4513/180
f 2668/4511/181 2669/4514/181 2675/4515/181 2674/4512/181
f 2669/4514/25 2670/4516/25 2676/4517/25 2675/4515/25
f 2670/4518/182 2665/4502/182 2671/4505/182 2676/903/182
f 2671/4519/183 2672/4509/183 2678/4520/183 2677/4521/183
f 2672/4509/23 2673/4508/23 2679/4522/23 2678/4520/23
f 2673/4523/184 2674/897/184 2680/4524/184 2679/4525/184
f 2674/897/185 2675/4526/185 2681/4527/185 2680/4524/185
f 2675/4515/25 2676/4517/25 2682/4528/25 2681/4529/25
f 2676/4530/186 2671/4519/186 2677/4521/186 2682/4531/186
f 2677/4521/187 2678/4520/187 2684/4532/187 2683/4533/187
f 2678/4520/23 2679/4522/23 2685/4534/23 2684/4532/23
f 2679/4525/219 2680/4524/219 2686/4535/219 2685/4536/219
f 2680/4524/220 2681/4527/220 2687/4537/220 2686/4535/220
f 2681/4529/25 2682/4528/25 2688/4538/25 2687/4539/25
f 2682/4531/190 2677/4521/190 2683/4533/190 2688/4540/190
f 2683/4541/191 2684/4542/191 2690/4543/191 2689/4544/191
f 2684/4532/23 2685/4534/23 2691/4545/23 2690/4546/23
f 2685/4547/192 2686/4548/192 2692/4549/192 2691/873/192
f 2686/4548/193 2687/4550/193 2693/4551/193 2692/4549/193
f 2687/4539/25 2688/4538/25 2694/4552/25 2693/4553/25
f 2688/4538/194 2683/4541/194 2689/4544/194 2694/4552/194
f 2689/4554/195 2690/4555/195 2696/4556/195 2695/2518/195
f 2690/4546/23 2691/4545/23 2697/4557/23 2696/4558/23
f 2691/4545/196 2692/4559/196 2698/4560/196 2697/4557/196
f 2692/4559/197 2693/4561/197 2699/4562/197 2698/4560/197
f 2693/4553/25 2694/4552/25 2700/4563/25 2699/4564/25
f 2694/4565/198 2689/4554/198 2695/2518/198 2700/4566/198
f 2695/2518/199 2696/4556/199 2702/4567/199 2701/4568/199
f 2696/4558/23 2697/4557/23 2703/4569/23 2702/4570/23
f 2697/4557/200 2698/4560/200 2704/4571/200 2703/4569/200
f 2698/4560/201 2699/4562/201 2705/4572/201 2704/4571/201
f 2699/4564/25 2700/4563/25 2706/4573/25 2705/4574/25
f 2700/4566/202 2695/2518/202 2701/4568/202 2706/4575/202
f 2701/4576/203 2702/4577/203 2708/4578/203 2707/4579/203
f 2702/4570/23 2703/4569/23 2709/4580/23 2708/4581/23
f 2703/4582/204 2704/4583/204 2710/4584/204 2709/4585/204
f 2704/4583/205 2705/4574/205 2711/4586/205 2710/4584/205
f 2705/4574/25 2706/4573/25 2712/4587/25 2711/4586/25
f 2706/826/206 2701/4576/206 2707/4579/206 2712/4588/206
f 2707/4579/207 2708/4578/207 2666/4503/207 2665/4502/207
f 2708/4581/23 2709/4580/23 2667/4507/23 2666/4506/23
f 2709/4585/208 2710/4584/208 2668/4511/208 2667/4510/208
f 2710/4584/209 2711/4586/209 2669/4514/209 2668/4511/209
f 2711/4586/25 2712/4587/25 2670/4516/25 2669/4514/25
f 2712/4588/210 2707/4579/210 2665/4502/210 2670/4518/210
f 2713/4589/179 2714/4590/179 2720/4591/179 2719/4592/179
f 2714/4593/23 2715/4594/23 2721/4595/23 2720/4596/23
f 2715/4597/180 2716/4598/180 2722/4599/180 2721/4600/180
f 2716/4598/181 2717/4601/181 2723/4602/181 2722/4599/181
f 2717/4601/25 2718/4603/25 2724/4604/25 2723/4602/25
f 2718/4605/182 2713/4589/182 2719/4592/182 2724/4606/182
f 2719/4607/183 2720/4596/183 2726/4608/183 2725/4609/183
f 2720/4596/23 2721/4595/23 2727/4610/23 2726/4608/23
f 2721/4611/184 2722/4612/184 2728/4613/184 2727/4614/184
f 2722/4612/185 2723/4615/185 2729/4616/185 2728/4613/185
f 2723/4602/25 2724/4604/25 2730/4617/25 2729/4618/25
f 2724/4619/186 2719/4607/186 2725/4609/186 2730/4620/186
f 2725/4609/187 2726/4608/187 2732/4532/187 2731/4621/187
f 2726/4608/23 2727/4610/23 2733/4622/23 2732/4532/23
f 2727/4614/219 2728/4613/219 2734/4623/219 2733/4624/219
f 2728/4613/220 2729/4616/220 2735/4625/220 2734/4623/220
f 2729/4618/25 2730/4617/25 2736/4626/25 2735/4627/25
f 2730/4620/190 2725/4609/190 2731/4621/190 2736/4628/190
f 2731/4629/191 2732/4630/191 2738/4631/191 2737/4632/191
f 2732/4532/23 2733/4622/23 2739/4633/23 2738/4634/23
f 2733/4547/192 2734/871/192 2740/4635/192 2739/4636/192
f 2734/871/193 2735/872/193 2741/4637/193 2740/4635/193
f 2735/4627/25 2736/4626/25 2742/4638/25 2741/4639/25
f 2736/4626/194 2731/4629/194 2737/4632/194 2742/4638/194
f 2737/4640/195 2738/4641/195 2744/4642/195 2743/4643/195
f 2738/4634/23 2739/4633/23 2745/4644/23 2744/4645/23
f 2739/4633/196 2740/4646/196 2746/4647/196 2745/4644/196
f 2740/4646/197 2741/4648/197 2747/4649/197 2746/4647/197
f 2741/4639/25 2742/4638/25 2748/4650/25 2747/4651/25
f 2742/4652/198 2737/4640/198 2743/4643/198 2748/4653/198
f 2743/4643/199 2744/4642/199 2750/4654/199 2749/4655/199
f 2744/4645/23 2745/4644/23 2751/4656/23 2750/4657/23
f 2745/4644/200 2746/4647/200 2752/4658/200 2751/4656/200
f 2746/4647/201 2747/4649/201 2753/4659/201 2752/4658/201
f 2747/4651/25 2748/4650/25 2754/4660/25 2753/4661/25
f 2748/4653/202 2743/4643/202 2749/4655/202 2754/4662/202
f 2749/4663/203 2750/4664/203 2756/4665/203 2755/4666/203
f 2750/4657/23 2751/4656/23 2757/4667/23 2756/4668/23
f 2751/4669/211 2752/4670/211 2758/4671/211 2757/4672/211
f 2752/4670/205 2753/4661/205 2759/4673/205 2758/4671/205
f 2753/4661/25 2754/4660/25 2760/4674/25 2759/4673/25
f 2754/4675/206 2749/4663/206 2755/4666/206 2760/4676/206
f 2755/4666/207 2756/4665/207 2714/4590/207 2713/4589/207
f 2756/4668/23 2757/4667/23 2715/4594/23 2714/4593/23
f 2757/4672/208 2758/4671/208 2716/4598/208 2715/4597/208
f 2758/4671/209 2759/4673/209 2717/4601/209 2716/4598/209
f 2759/4673/25 2760/4674/25 2718/4603/25 2717/4601/25
f 2760/4676/210 2755/4666/210 2713/4589/210 2718/4605/210
usemtl Wood_dark
f 2761/4677/221 2762/4678/221 2763/4679/221
f 2764/4680/222 2765/4681/222 2766/4682/222
f 2767/4683/223 2768/4684/223 2769/4685/223
f 2770/4686/224 2771/4687/224 2772/4688/224
f 2773/4689/225 2774/4690/225 2775/4691/225
f 2776/4692/226 2777/4693/226 2778/4694/226
f 2779/4695/227 2780/4696/227 2781/4697/227
f 2782/4698/228 2783/4699/228 2784/4700/228
f 2767/4683/9 2761/4677/9 2763/4679/9 2768/4684/9
f 2762/4701/10 2764/4702/10 2766/4703/10 2763/4704/10
f 2765/4681/11 2770/4686/11 2772/4688/11 2766/4682/11
f 2771/4705/12 2769/4706/12 2768/4707/12 2772/4708/12
f 2779/4695/13 2767/4709/13 2769/4706/13 2780/4696/13
f 2770/4710/14 2782/4698/14 2784/4700/14 2771/4705/14
f 2783/4699/15 2781/4697/15 2780/4696/15 2784/4700/15
f 2773/4711/16 2779/4712/16 2781/4713/16 2774/4714/16
f 2782/4715/17 2776/4716/17 2778/4717/17 2783/4718/17
f 2777/4693/18 2775/4691/18 2774/4690/18 2778/4694/18
f 2761/4719/19 2773/4689/19 2775/4691/19 2762/4701/19
f 2776/4692/20 2765/4720/20 2764/4702/20 2777/4693/20
f 2767/4683/21 2779/4721/21 2773/4722/21 2761/4677/21
f 2763/4723/22 2766/4682/22 2772/4688/22 2768/4724/22
f 2775/4691/23 2777/4693/23 2764/4702/23 2762/4701/23
f 2782/4725/24 2770/4686/24 2765/4681/24 2776/4726/24
f 2769/4706/25 2771/4705/25 2784/4700/25 2780/4696/25
f 2781/4713/26 2783/4718/26 2778/4717/26 2774/4714/26
f 2785/4677/229 2786/4678/229 2787/4679/229
f 2788/4680/230 2789/4681/230 2790/4682/230
f 2791/4683/223 2792/4684/223 2793/4685/223
f 2794/4686/224 2795/4687/224 2796/4688/224
f 2797/4689/225 2798/4690/225 2799/4691/225
f 2800/4692/226 2801/4693/226 2802/4694/226
f 2803/4695/231 2804/4696/231 2805/4697/231
f 2806/4698/232 2807/4699/232 2808/4700/232
f 2791/4683/9 2785/4677/9 2787/4679/9 2792/4684/9
f 2786/4701/10 2788/4702/10 2790/4703/10 2787/4704/10
f 2789/4681/11 2794/4686/11 2796/4688/11 2790/4682/11
f 2795/4705/12 2793/4706/12 2792/4707/12 2796/4708/12
f 2803/4695/13 2791/4709/13 2793/4706/13 2804/4696/13
f 2794/4710/14 2806/4698/14 2808/4700/14 2795/4705/14
f 2807/4699/15 2805/4697/15 2804/4696/15 2808/4700/15
f 2797/4711/16 2803/4712/16 2805/4713/16 2798/4714/16
f 2806/4715/17 2800/4716/17 2802/4717/17 2807/4718/17
f 2801/4693/18 2799/4691/18 2798/4690/18 2802/4694/18
f 2785/4719/19 2797/4689/19 2799/4691/19 2786/4701/19
f 2800/4692/20 2789/4720/20 2788/4702/20 2801/4693/20
f 2791/4683/21 2803/4721/21 2797/4722/21 2785/4677/21
f 2787/4723/22 2790/4682/22 2796/4688/22 2792/4724/22
f 2799/4691/23 2801/4693/23 2788/4702/23 2786/4701/23
f 2806/4725/24 2794/4686/24 2789/4681/24 2800/4726/24
f 2793/4706/25 2795/4705/25 2808/4700/25 2804/4696/25
f 2805/4713/26 2807/4718/26 2802/4717/26 2798/4714/26
f 2809/4677/233 2810/4678/233 2811/4679/233
f 2812/4680/234 2813/4681/234 2814/4682/234
f 2815/4683/223 2816/4684/223 2817/4685/223
f 2818/4686/224 2819/4687/224 2820/4688/224
f 2821/4689/225 2822/4690/225 2823/4691/225
f 2824/4692/226 2825/4693/226 2826/4694/226
f 2827/4695/227 2828/4696/227 2829/4697/227
f 2830/4698/228 2831/4699/228 2832/4700/228
f 2815/4683/9 2809/4677/9 2811/4679/9 2816/4684/9
f 2810/4701/10 2812/4702/10 2814/4703/10 2811/4704/10
f 2813/4681/11 2818/4686/11 2820/4688/11 2814/4682/11
f 2819/4705/12 2817/4706/12 2816/4707/12 2820/4708/12
f 2827/4695/13 2815/4709/13 2817/4706/13 2828/4696/13
f 2818/4710/14 2830/4698/14 2832/4700/14 2819/4705/14
f 2831/4699/15 2829/4697/15 2828/4696/15 2832/4700/15
f 2821/4711/16 2827/4712/16 2829/4713/16 2822/4714/16
f 2830/4715/17 2824/4716/17 2826/4717/17 2831/4718/17
f 2825/4693/18 2823/4691/18 2822/4690/18 2826/4694/18
f 2809/4719/19 2821/4689/19 2823/4691/19 2810/4701/19
f 2824/4692/20 2813/4720/20 2812/4702/20 2825/4693/20
f 2815/4683/21 2827/4721/21 2821/4722/21 2809/4677/21
f 2811/4723/22 2814/4682/22 2820/4688/22 2816/4724/22
f 2823/4691/23 2825/4693/23 2812/4702/23 2810/4701/23
f 2830/4725/24 2818/4686/24 2813/4681/24 2824/4726/24
f 2817/4706/25 2819/4705/25 2832/4700/25 2828/4696/25
f 2829/4713/26 2831/4718/26 2826/4717/26 2822/4714/26
f 2857/4777/239 2858/4778/239 2861/4779/239 2860/4780/239
f 2858/4781/21 2859/4782/21 2862/4783/21 2861/4784/21
f 2859/4785/240 2857/4786/240 2860/4787/240 2862/4788/240
f 2860/4780/241 2861/4779/241 2864/4789/241 2863/4790/241
f 2861/4784/21 2862/4783/21 2865/4791/21 2864/4792/21
f 2862/4788/242 2860/4787/242 2863/4793/242 2865/4794/242
f 2859/4795/243 2858/4796/243 2857/4797/243
f 2863/4798/244 2864/4799/244 2865/4800/244
f 2866/4801/239 2867/4802/239 2870/4803/239 2869/4804/239
f 2867/4805/21 2868/4806/21 2871/4807/21 2870/4808/21
f 2868/4809/240 2866/4810/240 2869/4811/240 2871/4812/240
f 2869/4804/241 2870/4803/241 2873/4813/241 2872/4814/241
f 2870/4808/21 2871/4807/21 2874/4815/21 2873/4816/21
f 2871/4812/242 2869/4811/242 2872/4817/242 2874/4818/242
f 2868/4819/243 2867/4820/243 2866/4821/243
f 2872/4822/244 2873/4823/244 2874/4824/244
f 2877/4825/245 2876/4826/245 2879/4827/245
f 2876/4828/246 2888/4829/246 2878/4830/246 2879/4831/246
f 2888/4832/247 2875/4833/247 2878/4834/247
f 2877/4825/248 2879/4827/248 2881/4835/248
f 2879/4831/26 2878/4830/26 2880/4836/26 2881/4837/26
f 2878/4834/249 2875/4833/249 2880/4838/249
f 2877/4825/250 2881/4835/250 2883/4839/250
f 2881/4837/251 2880/4836/251 2882/4840/251 2883/4841/251
f 2880/4838/252 2875/4833/252 2882/4842/252
f 2877/4825/253 2883/4839/253 2885/4843/253
f 2883/4844/254 2882/4845/254 2884/4846/254 2885/4847/254
f 2882/4842/255 2875/4833/255 2884/4848/255
f 2877/4825/256 2885/4843/256 2887/4849/256
f 2885/4847/22 2884/4846/22 2886/4850/22 2887/4851/22
f 2884/4848/257 2875/4833/257 2886/4852/257
f 2877/4825/258 2887/4849/258 2876/4826/258
f 2887/4851/259 2886/4850/259 2888/4853/259 2876/4854/259
f 2886/4852/260 2875/4833/260 2888/4832/260
f 2891/4825/245 2890/4826/245 2893/4827/245
f 2890/4828/246 2902/4829/246 2892/4830/246 2893/4831/246
f 2902/4832/247 2889/4833/247 2892/4834/247
f 2891/4825/248 2893/4827/248 2895/4835/248
f 2893/4831/26 2892/4830/26 2894/4836/26 2895/4837/26
f 2892/4834/249 2889/4833/249 2894/4838/249
f 2891/4825/250 2895/4835/250 2897/4839/250
f 2895/4837/251 2894/4836/251 2896/4840/251 2897/4841/251
f 2894/4838/252 2889/4833/252 2896/4842/252
f 2891/4825/253 2897/4839/253 2899/4843/253
f 2897/4844/254 2896/4845/254 2898/4846/254 2899/4847/254
f 2896/4842/255 2889/4833/255 2898/4848/255
f 2891/4825/256 2899/4843/256 2901/4849/256
f 2899/4847/22 2898/4846/22 2900/4850/22 2901/4851/22
f 2898/4848/257 2889/4833/257 2900/4852/257
f 2891/4825/258 2901/4849/258 2890/4826/258
f 2901/4851/259 2900/4850/259 2902/4853/259 2890/4854/259
f 2900/4852/260 2889/4833/260 2902/4832/260
f 2905/4825/245 2904/4826/245 2907/4827/245
f 2904/4828/246 2916/4829/246 2906/4830/246 2907/4831/246
f 2916/4832/247 2903/4833/247 2906/4834/247
f 2905/4825/248 2907/4827/248 2909/4835/248
f 2907/4831/26 2906/4830/26 2908/4836/26 2909/4837/26
f 2906/4834/249 2903/4833/249 2908/4838/249
f 2905/4825/250 2909/4835/250 2911/4839/250
f 2909/4837/251 2908/4836/251 2910/4840/251 2911/4841/251
f 2908/4838/252 2903/4833/252 2910/4842/252
f 2905/4825/253 2911/4839/253 2913/4843/253
f 2911/4844/254 2910/4845/254 2912/4846/254 2913/4847/254
f 2910/4842/255 2903/4833/255 2912/4848/255
f 2905/4825/256 2913/4843/256 2915/4849/256
f 2913/4847/22 2912/4846/22 2914/4850/22 2915/4851/22
f 2912/4848/257 2903/4833/257 2914/4852/257
f 2905/4825/258 2915/4849/258 2904/4826/258
f 2915/4851/259 2914/4850/259 2916/4853/259 2904/4854/259
f 2914/4852/260 2903/4833/260 2916/4832/260
f 2941/4905/239 2942/4906/239 2945/4907/239 2944/4908/239
f 2942/4909/21 2943/4910/21 2946/4911/21 2945/4912/21
f 2943/4913/240 2941/4914/240 2944/4915/240 2946/4916/240
f 2944/4908/241 2945/4907/241 2948/4917/241 2947/4918/241
f 2945/4912/21 2946/4911/21 2949/4919/21 2948/4920/21
f 2946/4916/242 2944/4915/242 2947/4921/242 2949/4922/242
f 2943/4923/243 2942/4924/243 2941/4925/243
f 2947/4926/244 2948/4927/244 2949/4928/244
f 2950/4929/239 2951/4930/239 2954/4931/239 2953/4932/239
f 2951/4933/21 2952/4934/21 2955/4935/21 2954/4936/21
f 2952/4937/240 2950/4938/240 2953/4939/240 2955/4940/240
f 2953/4932/241 2954/4931/241 2957/4941/241 2956/4942/241
f 2954/4936/21 2955/4935/21 2958/4943/21 2957/4944/21
f 2955/4940/242 2953/4939/242 2956/4945/242 2958/4946/242
f 2952/4947/243 2951/4948/243 2950/4949/243
f 2956/4950/244 2957/4951/244 2958/4952/244
f 2961/4825/245 2960/4826/245 2963/4827/245
f 2960/4828/246 2972/4829/246 2962/4830/246 2963/4831/246
f 2972/4832/247 2959/4833/247 2962/4834/247
f 2961/4825/248 2963/4827/248 2965/4835/248
f 2963/4831/26 2962/4830/26 2964/4836/26 2965/4837/26
f 2962/4834/249 2959/4833/249 2964/4838/249
f 2961/4825/250 2965/4835/250 2967/4839/250
f 2965/4837/251 2964/4836/251 2966/4840/251 2967/4841/251
f 2964/4838/252 2959/4833/252 2966/4842/252
f 2961/4825/253 2967/4839/253 2969/4843/253
f 2967/4844/254 2966/4845/254 2968/4846/254 2969/4847/254
f 2966/4842/255 2959/4833/255 2968/4848/255
f 2961/4825/256 2969/4843/256 2971/4849/256
f 2969/4847/22 2968/4846/22 2970/4850/22 2971/4851/22
f 2968/4848/257 2959/4833/257 2970/4852/257
f 2961/4825/258 2971/4849/258 2960/4826/258
f 2971/4851/259 2970/4850/259 2972/4853/259 2960/4854/259
f 2970/4852/260 2959/4833/260 2972/4832/260
f 2975/4825/245 2974/4826/245 2977/4827/245
f 2974/4828/246 2986/4829/246 2976/4830/246 2977/4831/246
f 2986/4832/247 2973/4833/247 2976/4834/247
f 2975/4825/248 2977/4827/248 2979/4835/248
f 2977/4831/26 2976/4830/26 2978/4836/26 2979/4837/26
f 2976/4834/249 2973/4833/249 2978/4838/249
f 2975/4825/250 2979/4835/250 2981/4839/250
f 2979/4837/251 2978/4836/251 2980/4840/251 2981/4841/251
f 2978/4838/252 2973/4833/252 2980/4842/252
f 2975/4825/253 2981/4839/253 2983/4843/253
f 2981/4844/254 2980/4845/254 2982/4846/254 2983/4847/254
f 2980/4842/255 2973/4833/255 2982/4848/255
f 2975/4825/256 2983/4843/256 2985/4849/256
f 2983/4847/22 2982/4846/22 2984/4850/22 2985/4851/22
f 2982/4848/257 2973/4833/257 2984/4852/257
f 2975/4825/258 2985/4849/258 2974/4826/258
f 2985/4851/259 2984/4850/259 2986/4853/259 2974/4854/259
f 2984/4852/260 2973/4833/260 2986/4832/260
f 2989/4825/245 2988/4826/245 2991/4827/245
f 2988/4828/246 3000/4829/246 2990/4830/246 2991/4831/246
f 3000/4832/247 2987/4833/247 2990/4834/247
f 2989/4825/248 2991/4827/248 2993/4835/248
f 2991/4831/26 2990/4830/26 2992/4836/26 2993/4837/26
f 2990/4834/249 2987/4833/249 2992/4838/249
f 2989/4825/250 2993/4835/250 2995/4839/250
f 2993/4837/251 2992/4836/251 2994/4840/251 2995/4841/251
f 2992/4838/252 2987/4833/252 2994/4842/252
f 2989/4825/253 2995/4839/253 2997/4843/253
f 2995/4844/254 2994/4845/254 2996/4846/254 2997/4847/254
f 2994/4842/255 2987/4833/255 2996/4848/255
f 2989/4825/256 2997/4843/256 2999/4849/256
f 2997/4847/22 2996/4846/22 2998/4850/22 2999/4851/22
f 2996/4848/257 2987/4833/257 2998/4852/257
f 2989/4825/258 2999/4849/258 2988/4826/258
f 2999/4851/259 2998/4850/259 3000/4853/259 2988/4854/259
f 2998/4852/260 2987/4833/260 3000/4832/260
f 3025/5003/239 3026/5004/239 3029/5005/239 3028/5006/239
f 3026/5007/21 3027/5008/21 3030/5009/21 3029/5010/21
f 3027/5011/240 3025/5012/240 3028/5013/240 3030/5014/240
f 3028/5006/241 3029/5005/241 3032/5015/241 3031/5016/241
f 3029/5010/21 3030/5009/21 3033/5017/21 3032/5018/21
f 3030/5014/242 3028/5013/242 3031/5019/242 3033/5020/242
f 3027/5021/243 3026/5022/243 3025/5023/243
f 3031/5024/244 3032/5025/244 3033/5026/244
f 3034/5027/239 3035/5028/239 3038/5029/239 3037/5030/239
f 3035/5031/21 3036/5032/21 3039/5033/21 3038/5034/21
f 3036/5035/240 3034/5036/240 3037/5037/240 3039/5038/240
f 3037/5030/241 3038/5029/241 3041/5039/241 3040/5040/241
f 3038/5034/21 3039/5033/21 3042/5041/21 3041/5042/21
f 3039/5038/242 3037/5037/242 3040/5043/242 3042/5044/242
f 3036/5045/243 3035/5046/243 3034/5047/243
f 3040/5048/244 3041/5049/244 3042/5050/244
f 3045/4825/245 3044/4826/245 3047/4827/245
f 3044/4828/246 3056/4829/246 3046/4830/246 3047/4831/246
f 3056/4832/247 3043/4833/247 3046/4834/247
f 3045/4825/248 3047/4827/248 3049/4835/248
f 3047/4831/26 3046/4830/26 3048/4836/26 3049/4837/26
f 3046/4834/249 3043/4833/249 3048/4838/249
f 3045/4825/250 3049/4835/250 3051/4839/250
f 3049/4837/251 3048/4836/251 3050/4840/251 3051/4841/251
f 3048/4838/252 3043/4833/252 3050/4842/252
f 3045/4825/253 3051/4839/253 3053/4843/253
f 3051/4844/254 3050/4845/254 3052/4846/254 3053/4847/254
f 3050/4842/255 3043/4833/255 3052/4848/255
f 3045/4825/256 3053/4843/256 3055/4849/256
f 3053/4847/22 3052/4846/22 3054/4850/22 3055/4851/22
f 3052/4848/257 3043/4833/257 3054/4852/257
f 3045/4825/258 3055/4849/258 3044/4826/258
f 3055/4851/259 3054/4850/259 3056/4853/259 3044/4854/259
f 3054/4852/260 3043/4833/260 3056/4832/260
f 3059/4825/245 3058/4826/245 3061/4827/245
f 3058/4828/246 3070/4829/246 3060/4830/246 3061/4831/246
f 3070/4832/247 3057/4833/247 3060/4834/247
f 3059/4825/248 3061/4827/248 3063/4835/248
f 3061/4831/26 3060/4830/26 3062/4836/26 3063/4837/26
f 3060/4834/249 3057/4833/249 3062/4838/249
f 3059/4825/250 3063/4835/250 3065/4839/250
f 3063/4837/251 3062/4836/251 3064/4840/251 3065/4841/251
f 3062/4838/252 3057/4833/252 3064/4842/252
f 3059/4825/253 3065/4839/253 3067/4843/253
f 3065/4844/254 3064/4845/254 3066/4846/254 3067/4847/254
f 3064/4842/255 3057/4833/255 3066/4848/255
f 3059/4825/256 3067/4843/256 3069/4849/256
f 3067/4847/22 3066/4846/22 3068/4850/22 3069/4851/22
f 3066/4848/257 3057/4833/257 3068/4852/257
f 3059/4825/258 3069/4849/258 3058/4826/258
f 3069/4851/259 3068/4850/259 3070/4853/259 3058/4854/259
f 3068/4852/260 3057/4833/260 3070/4832/260
f 3073/4825/245 3072/4826/245 3075/4827/245
f 3072/4828/246 3084/4829/246 3074/4830/246 3075/4831/246
f 3084/4832/247 3071/4833/247 3074/4834/247
f 3073/4825/248 3075/4827/248 3077/4835/248
f 3075/4831/26 3074/4830/26 3076/4836/26 3077/4837/26
f 3074/4834/249 3071/4833/249 3076/4838/249
f 3073/4825/250 3077/4835/250 3079/4839/250
f 3077/4837/251 3076/4836/251 3078/4840/251 3079/4841/251
f 3076/4838/252 3071/4833/252 3078/4842/252
f 3073/4825/253 3079/4839/253 3081/4843/253
f 3079/4844/254 3078/4845/254 3080/4846/254 3081/4847/254
f 3078/4842/255 3071/4833/255 3080/4848/255
f 3073/4825/256 3081/4843/256 3083/4849/256
f 3081/4847/22 3080/4846/22 3082/4850/22 3083/4851/22
f 3080/4848/257 3071/4833/257 3082/4852/257
f 3073/4825/258 3083/4849/258 3072/4826/258
f 3083/4851/259 3082/4850/259 3084/4853/259 3072/4854/259
f 3082/4852/260 3071/4833/260 3084/4832/260
f 3109/5101/239 3110/5102/239 3113/5103/239 3112/5104/239
f 3110/5105/21 3111/5106/21 3114/5107/21 3113/5108/21
f 3111/5109/240 3109/5110/240 3112/5111/240 3114/5112/240
f 3112/5104/241 3113/5103/241 3116/5113/241 3115/5114/241
f 3113/5108/21 3114/5107/21 3117/5115/21 3116/5116/21
f 3114/5112/242 3112/5111/242 3115/5117/242 3117/5118/242
f 3111/5119/243 3110/5120/243 3109/5121/243
f 3115/5122/244 3116/5123/244 3117/5124/244
f 3118/5125/239 3119/5126/239 3122/4907/239 3121/5127/239
f 3119/5128/21 3120/5129/21 3123/5130/21 3122/5131/21
f 3120/5109/240 3118/5132/240 3121/5133/240 3123/5134/240
f 3121/5127/241 3122/4907/241 3125/5135/241 3124/5136/241
f 3122/5131/21 3123/5130/21 3126/5137/21 3125/5138/21
f 3123/5134/242 3121/5133/242 3124/5139/242 3126/5140/242
f 3120/5141/243 3119/5142/243 3118/5143/243
f 3124/5144/244 3125/5145/244 3126/5146/244
f 3129/4825/245 3128/4826/245 3131/4827/245
f 3128/4828/246 3140/4829/246 3130/4830/246 3131/4831/246
f 3140/4832/247 3127/4833/247 3130/4834/247
f 3129/4825/248 3131/4827/248 3133/4835/248
f 3131/4831/26 3130/4830/26 3132/4836/26 3133/4837/26
f 3130/4834/249 3127/4833/249 3132/4838/249
f 3129/4825/250 3133/4835/250 3135/4839/250
f 3133/4837/251 3132/4836/251 3134/4840/251 3135/4841/251
f 3132/4838/252 3127/4833/252 3134/4842/252
f 3129/4825/253 3135/4839/253 3137/4843/253
f 3135/4844/254 3134/4845/254 3136/4846/254 3137/4847/254
f 3134/4842/255 3127/4833/255 3136/4848/255
f 3129/4825/256 3137/4843/256 3139/4849/256
f 3137/4847/22 3136/4846/22 3138/4850/22 3139/4851/22
f 3136/4848/257 3127/4833/257 3138/4852/257
f 3129/4825/258 3139/4849/258 3128/4826/258
f 3139/4851/259 3138/4850/259 3140/4853/259 3128/4854/259
f 3138/4852/260 3127/4833/260 3140/4832/260
f 3143/4825/245 3142/4826/245 3145/4827/245
f 3142/4828/246 3154/4829/246 3144/4830/246 3145/4831/246
f 3154/4832/247 3141/4833/247 3144/4834/247
f 3143/4825/248 3145/4827/248 3147/4835/248
f 3145/4831/26 3144/4830/26 3146/4836/26 3147/4837/26
f 3144/4834/249 3141/4833/249 3146/4838/249
f 3143/4825/250 3147/4835/250 3149/4839/250
f 3147/4837/251 3146/4836/251 3148/4840/251 3149/4841/251
f 3146/4838/252 3141/4833/252 3148/4842/252
f 3143/4825/253 3149/4839/253 3151/4843/253
f 3149/4844/254 3148/4845/254 3150/4846/254 3151/4847/254
f 3148/4842/255 3141/4833/255 3150/4848/255
f 3143/4825/256 3151/4843/256 3153/4849/256
f 3151/4847/22 3150/4846/22 3152/4850/22 3153/4851/22
f 3150/4848/257 3141/4833/257 3152/4852/257
f 3143/4825/258 3153/4849/258 3142/4826/258
f 3153/4851/259 3152/4850/259 3154/4853/259 3142/4854/259
f 3152/4852/260 3141/4833/260 3154/4832/260
f 3157/4825/245 3156/4826/245 3159/4827/245
f 3156/4828/246 3168/4829/246 3158/4830/246 3159/4831/246
f 3168/4832/247 3155/4833/247 3158/4834/247
f 3157/4825/248 3159/4827/248 3161/4835/248
f 3159/4831/26 3158/4830/26 3160/4836/26 3161/4837/26
f 3158/4834/249 3155/4833/249 3160/4838/249
f 3157/4825/250 3161/4835/250 3163/4839/250
f 3161/4837/251 3160/4836/251 3162/4840/251 3163/4841/251
f 3160/4838/252 3155/4833/252 3162/4842/252
f 3157/4825/253 3163/4839/253 3165/4843/253
f 3163/4844/254 3162/4845/254 3164/4846/254 3165/4847/254
f 3162/4842/255 3155/4833/255 3164/4848/255
f 3157/4825/256 3165/4843/256 3167/4849/256
f 3165/4847/22 3164/4846/22 3166/4850/22 3167/4851/22
f 3164/4848/257 3155/4833/257 3166/4852/257
f 3157/4825/258 3167/4849/258 3156/4826/258
f 3167/4851/259 3166/4850/259 3168/4853/259 3156/4854/259
f 3166/4852/260 3155/4833/260 3168/4832/260
f 3193/5197/239 3194/5198/239 3197/5199/239 3196/5200/239
f 3194/5201/21 3195/5202/21 3198/5203/21 3197/5204/21
f 3195/5205/240 3193/5206/240 3196/5207/240 3198/5208/240
f 3196/5200/241 3197/5199/241 3200/5209/241 3199/5210/241
f 3197/5204/21 3198/5203/21 3201/5211/21 3200/5212/21
f 3198/5208/242 3196/5207/242 3199/5213/242 3201/5214/242
f 3195/5215/243 3194/5216/243 3193/5217/243
f 3199/5218/244 3200/5219/244 3201/5220/244
f 3202/5221/239 3203/5222/239 3206/5223/239 3205/5224/239
f 3203/5225/21 3204/5226/21 3207/5227/21 3206/5228/21
f 3204/5229/240 3202/5230/240 3205/5231/240 3207/5232/240
f 3205/5224/241 3206/5223/241 3209/5233/241 3208/5234/241
f 3206/5228/21 3207/5227/21 3210/5235/21 3209/5236/21
f 3207/5232/242 3205/5231/242 3208/5237/242 3210/5238/242
f 3204/5239/243 3203/5240/243 3202/5241/243
f 3208/5242/244 3209/5243/244 3210/5244/244
f 3213/4825/245 3212/4826/245 3215/4827/245
f 3212/4828/246 3224/4829/246 3214/4830/246 3215/4831/246
f 3224/4832/247 3211/4833/247 3214/4834/247
f 3213/4825/248 3215/4827/248 3217/4835/248
f 3215/4831/26 3214/4830/26 3216/4836/26 3217/4837/26
f 3214/4834/249 3211/4833/249 3216/4838/249
f 3213/4825/250 3217/4835/250 3219/4839/250
f 3217/4837/251 3216/4836/251 3218/4840/251 3219/4841/251
f 3216/4838/252 3211/4833/252 3218/4842/252
f 3213/4825/253 3219/4839/253 3221/4843/253
f 3219/4844/254 3218/4845/254 3220/4846/254 3221/4847/254
f 3218/4842/255 3211/4833/255 3220/4848/255
f 3213/4825/256 3221/4843/256 3223/4849/256
f 3221/4847/22 3220/4846/22 3222/4850/22 3223/4851/22
f 3220/4848/257 3211/4833/257 3222/4852/257
f 3213/4825/258 3223/4849/258 3212/4826/258
f 3223/4851/259 3222/4850/259 3224/4853/259 3212/4854/259
f 3222/4852/260 3211/4833/260 3224/4832/260
f 3227/4825/245 3226/4826/245 3229/4827/245
f 3226/4828/246 3238/4829/246 3228/4830/246 3229/4831/246
f 3238/4832/247 3225/4833/247 3228/4834/247
f 3227/4825/248 3229/4827/248 3231/4835/248
f 3229/4831/26 3228/4830/26 3230/4836/26 3231/4837/26
f 3228/4834/249 3225/4833/249 3230/4838/249
f 3227/4825/250 3231/4835/250 3233/4839/250
f 3231/4837/251 3230/4836/251 3232/4840/251 3233/4841/251
f 3230/4838/252 3225/4833/252 3232/4842/252
f 3227/4825/253 3233/4839/253 3235/4843/253
f 3233/4844/254 3232/4845/254 3234/4846/254 3235/4847/254
f 3232/4842/255 3225/4833/255 3234/4848/255
f 3227/4825/256 3235/4843/256 3237/4849/256
f 3235/4847/22 3234/4846/22 3236/4850/22 3237/4851/22
f 3234/4848/257 3225/4833/257 3236/4852/257
f 3227/4825/258 3237/4849/258 3226/4826/258
f 3237/4851/259 3236/4850/259 3238/4853/259 3226/4854/259
f 3236/4852/260 3225/4833/260 3238/4832/260
f 3241/4825/245 3240/4826/245 3243/4827/245
f 3240/4828/246 3252/4829/246 3242/4830/246 3243/4831/246
f 3252/4832/247 3239/4833/247 3242/4834/247
f 3241/4825/248 3243/4827/248 3245/4835/248
f 3243/4831/26 3242/4830/26 3244/4836/26 3245/4837/26
f 3242/4834/249 3239/4833/249 3244/4838/249
f 3241/4825/250 3245/4835/250 3247/4839/250
f 3245/4837/251 3244/4836/251 3246/4840/251 3247/4841/251
f 3244/4838/252 3239/4833/252 3246/4842/252
f 3241/4825/253 3247/4839/253 3249/4843/253
f 3247/4844/254 3246/4845/254 3248/4846/254 3249/4847/254
f 3246/4842/255 3239/4833/255 3248/4848/255
f 3241/4825/256 3249/4843/256 3251/4849/256
f 3249/4847/22 3248/4846/22 3250/4850/22 3251/4851/22
f 3248/4848/257 3239/4833/257 3250/4852/257
f 3241/4825/258 3251/4849/258 3240/4826/258
f 3251/4851/259 3250/4850/259 3252/4853/259 3240/4854/259
f 3250/4852/260 3239/4833/260 3252/4832/260
f 3277/5295/239 3278/5296/239 3281/5297/239 3280/5298/239
f 3278/5299/21 3279/5300/21 3282/5301/21 3281/5302/21
f 3279/5303/240 3277/5304/240 3280/5305/240 3282/5306/240
f 3280/5298/241 3281/5297/241 3284/5307/241 3283/5308/241
f 3281/5302/21 3282/5301/21 3285/5309/21 3284/5310/21
f 3282/5306/242 3280/5305/242 3283/5311/242 3285/5312/242
f 3279/5313/243 3278/5314/243 3277/5315/243
f 3283/5316/244 3284/5317/244 3285/5318/244
f 3286/5319/239 3287/5320/239 3290/5321/239 3289/5322/239
f 3287/5323/21 3288/5324/21 3291/5325/21 3290/5326/21
f 3288/5327/240 3286/5328/240 3289/5329/240 3291/5330/240
f 3289/5322/241 3290/5321/241 3293/5331/241 3292/5332/241
f 3290/5326/21 3291/5325/21 3294/5333/21 3293/5334/21
f 3291/5330/242 3289/5329/242 3292/5335/242 3294/5336/242
f 3288/5337/243 3287/5338/243 3286/5339/243
f 3292/5340/244 3293/5341/244 3294/5342/244
f 3297/4825/245 3296/4826/245 3299/4827/245
f 3296/4828/246 3308/4829/246 3298/4830/246 3299/4831/246
f 3308/4832/247 3295/4833/247 3298/4834/247
f 3297/4825/248 3299/4827/248 3301/4835/248
f 3299/4831/26 3298/4830/26 3300/4836/26 3301/4837/26
f 3298/4834/249 3295/4833/249 3300/4838/249
f 3297/4825/250 3301/4835/250 3303/4839/250
f 3301/4837/251 3300/4836/251 3302/4840/251 3303/4841/251
f 3300/4838/252 3295/4833/252 3302/4842/252
f 3297/4825/253 3303/4839/253 3305/4843/253
f 3303/4844/254 3302/4845/254 3304/4846/254 3305/4847/254
f 3302/4842/255 3295/4833/255 3304/4848/255
f 3297/4825/256 3305/4843/256 3307/4849/256
f 3305/4847/22 3304/4846/22 3306/4850/22 3307/4851/22
f 3304/4848/257 3295/4833/257 3306/4852/257
f 3297/4825/258 3307/4849/258 3296/4826/258
f 3307/4851/259 3306/4850/259 3308/4853/259 3296/4854/259
f 3306/4852/260 3295/4833/260 3308/4832/260
f 3311/4825/245 3310/4826/245 3313/4827/245
f 3310/4828/246 3322/4829/246 3312/4830/246 3313/4831/246
f 3322/4832/247 3309/4833/247 3312/4834/247
f 3311/4825/248 3313/4827/248 3315/4835/248
f 3313/4831/26 3312/4830/26 3314/4836/26 3315/4837/26
f 3312/4834/249 3309/4833/249 3314/4838/249
f 3311/4825/250 3315/4835/250 3317/4839/250
f 3315/4837/251 3314/4836/251 3316/4840/251 3317/4841/251
f 3314/4838/252 3309/4833/252 3316/4842/252
f 3311/4825/253 3317/4839/253 3319/4843/253
f 3317/4844/254 3316/4845/254 3318/4846/254 3319/4847/254
f 3316/4842/255 3309/4833/255 3318/4848/255
f 3311/4825/256 3319/4843/256 3321/4849/256
f 3319/4847/22 3318/4846/22 3320/4850/22 3321/4851/22
f 3318/4848/257 3309/4833/257 3320/4852/257
f 3311/4825/258 3321/4849/258 3310/4826/258
f 3321/4851/259 3320/4850/259 3322/4853/259 3310/4854/259
f 3320/4852/260 3309/4833/260 3322/4832/260
f 3325/4825/245 3324/4826/245 3327/4827/245
f 3324/4828/246 3336/4829/246 3326/4830/246 3327/4831/246
f 3336/4832/247 3323/4833/247 3326/4834/247
f 3325/4825/248 3327/4827/248 3329/4835/248
f 3327/4831/26 3326/4830/26 3328/4836/26 3329/4837/26
f 3326/4834/249 3323/4833/249 3328/4838/249
f 3325/4825/250 3329/4835/250 3331/4839/250
f 3329/4837/251 3328/4836/251 3330/4840/251 3331/4841/251
f 3328/4838/252 3323/4833/252 3330/4842/252
f 3325/4825/253 3331/4839/253 3333/4843/253
f 3331/4844/254 3330/4845/254 3332/4846/254 3333/4847/254
f 3330/4842/255 3323/4833/255 3332/4848/255
f 3325/4825/256 3333/4843/256 3335/4849/256
f 3333/4847/22 3332/4846/22 3334/4850/22 3335/4851/22
f 3332/4848/257 3323/4833/257 3334/4852/257
f 3325/4825/258 3335/4849/258 3324/4826/258
f 3335/4851/259 3334/4850/259 3336/4853/259 3324/4854/259
f 3334/4852/260 3323/4833/260 3336/4832/260
f 3337/5343/239 3338/5344/239 3341/5345/239 3340/5346/239
f 3338/5347/21 3339/5348/21 3342/5349/21 3341/5350/21
f 3339/5351/240 3337/5352/240 3340/5353/240 3342/5354/240
f 3340/5346/241 3341/5345/241 3344/5355/241 3343/5356/241
f 3341/5350/21 3342/5349/21 3345/5357/21 3344/5358/21
f 3342/5354/242 3340/5353/242 3343/5359/242 3345/5360/242
f 3339/5361/243 3338/5362/243 3337/5363/243
f 3343/5364/244 3344/5365/244 3345/5366/244
f 3346/5367/239 3347/5368/239 3350/5369/239 3349/5370/239
f 3347/5371/21 3348/5372/21 3351/5373/21 3350/5374/21
f 3348/5375/240 3346/5376/240 3349/5377/240 3351/5378/240
f 3349/5370/241 3350/5369/241 3353/5379/241 3352/5380/241
f 3350/5374/21 3351/5373/21 3354/5381/21 3353/5382/21
f 3351/5378/242 3349/5377/242 3352/5383/242 3354/5384/242
f 3348/5385/243 3347/5386/243 3346/5387/243
f 3352/5388/244 3353/5389/244 3354/5390/244
f 3357/4825/245 3356/4826/245 3359/4827/245
f 3356/4828/246 3368/4829/246 3358/4830/246 3359/4831/246
f 3368/4832/247 3355/4833/247 3358/4834/247
f 3357/4825/248 3359/4827/248 3361/4835/248
f 3359/4831/26 3358/4830/26 3360/4836/26 3361/4837/26
f 3358/4834/249 3355/4833/249 3360/4838/249
f 3357/4825/250 3361/4835/250 3363/4839/250
f 3361/4837/251 3360/4836/251 3362/4840/251 3363/4841/251
f 3360/4838/252 3355/4833/252 3362/4842/252
f 3357/4825/253 3363/4839/253 3365/4843/253
f 3363/4844/254 3362/4845/254 3364/4846/254 3365/4847/254
f 3362/4842/255 3355/4833/255 3364/4848/255
f 3357/4825/256 3365/4843/256 3367/4849/256
f 3365/4847/22 3364/4846/22 3366/4850/22 3367/4851/22
f 3364/4848/257 3355/4833/257 3366/4852/257
f 3357/4825/258 3367/4849/258 3356/4826/258
f 3367/4851/259 3366/4850/259 3368/4853/259 3356/4854/259
f 3366/4852/260 3355/4833/260 3368/4832/260
f 3371/4825/245 3370/4826/245 3373/4827/245
f 3370/4828/246 3382/4829/246 3372/4830/246 3373/4831/246
f 3382/4832/247 3369/4833/247 3372/4834/247
f 3371/4825/248 3373/4827/248 3375/4835/248
f 3373/4831/26 3372/4830/26 3374/4836/26 3375/4837/26
f 3372/4834/249 3369/4833/249 3374/4838/249
f 3371/4825/250 3375/4835/250 3377/4839/250
f 3375/4837/251 3374/4836/251 3376/4840/251 3377/4841/251
f 3374/4838/252 3369/4833/252 3376/4842/252
f 3371/4825/253 3377/4839/253 3379/4843/253
f 3377/4844/254 3376/4845/254 3378/4846/254 3379/4847/254
f 3376/4842/255 3369/4833/255 3378/4848/255
f 3371/4825/256 3379/4843/256 3381/4849/256
f 3379/4847/22 3378/4846/22 3380/4850/22 3381/4851/22
f 3378/4848/257 3369/4833/257 3380/4852/257
f 3371/4825/258 3381/4849/258 3370/4826/258
f 3381/4851/259 3380/4850/259 3382/4853/259 3370/4854/259
f 3380/4852/260 3369/4833/260 3382/4832/260
f 3385/4825/245 3384/4826/245 3387/4827/245
f 3384/4828/246 3396/4829/246 3386/4830/246 3387/4831/246
f 3396/4832/247 3383/4833/247 3386/4834/247
f 3385/4825/248 3387/4827/248 3389/4835/248
f 3387/4831/26 3386/4830/26 3388/4836/26 3389/4837/26
f 3386/4834/249 3383/4833/249 3388/4838/249
f 3385/4825/250 3389/4835/250 3391/4839/250
f 3389/4837/251 3388/4836/251 3390/4840/251 3391/4841/251
f 3388/4838/252 3383/4833/252 3390/4842/252
f 3385/4825/253 3391/4839/253 3393/4843/253
f 3391/4844/254 3390/4845/254 3392/4846/254 3393/4847/254
f 3390/4842/255 3383/4833/255 3392/4848/255
f 3385/4825/256 3393/4843/256 3395/4849/256
f 3393/4847/22 3392/4846/22 3394/4850/22 3395/4851/22
f 3392/4848/257 3383/4833/257 3394/4852/257
f 3385/4825/258 3395/4849/258 3384/4826/258
f 3395/4851/259 3394/4850/259 3396/4853/259 3384/4854/259
f 3394/4852/260 3383/4833/260 3396/4832/260
f 3421/5441/239 3422/5442/239 3425/5443/239 3424/5444/239
f 3422/5445/21 3423/5446/21 3426/5447/21 3425/5448/21
f 3423/5449/240 3421/5450/240 3424/5451/240 3426/5452/240
f 3424/5444/241 3425/5443/241 3428/5453/241 3427/5454/241
f 3425/5448/21 3426/5447/21 3429/5455/21 3428/5456/21
f 3426/5452/242 3424/5451/242 3427/5457/242 3429/5458/242
f 3423/5459/243 3422/5460/243 3421/5461/243
f 3427/5462/244 3428/5463/244 3429/5464/244
f 3430/5465/239 3431/5466/239 3434/5467/239 3433/5468/239
f 3431/5469/21 3432/5470/21 3435/5471/21 3434/5472/21
f 3432/5473/240 3430/5474/240 3433/5475/240 3435/5476/240
f 3433/5468/241 3434/5467/241 3437/5477/241 3436/5478/241
f 3434/5472/21 3435/5471/21 3438/5479/21 3437/5480/21
f 3435/5476/242 3433/5475/242 3436/5481/242 3438/5482/242
f 3432/5483/243 3431/5484/243 3430/5485/243
f 3436/5486/244 3437/5487/244 3438/5488/244
f 3441/4825/245 3440/4826/245 3443/4827/245
f 3440/4828/246 3452/4829/246 3442/4830/246 3443/4831/246
f 3452/4832/247 3439/4833/247 3442/4834/247
f 3441/4825/248 3443/4827/248 3445/4835/248
f 3443/4831/26 3442/4830/26 3444/4836/26 3445/4837/26
f 3442/4834/249 3439/4833/249 3444/4838/249
f 3441/4825/250 3445/4835/250 3447/4839/250
f 3445/4837/251 3444/4836/251 3446/4840/251 3447/4841/251
f 3444/4838/252 3439/4833/252 3446/4842/252
f 3441/4825/253 3447/4839/253 3449/4843/253
f 3447/4844/254 3446/4845/254 3448/4846/254 3449/4847/254
f 3446/4842/255 3439/4833/255 3448/4848/255
f 3441/4825/256 3449/4843/256 3451/4849/256
f 3449/4847/22 3448/4846/22 3450/4850/22 3451/4851/22
f 3448/4848/257 3439/4833/257 3450/4852/257
f 3441/4825/258 3451/4849/258 3440/4826/258
f 3451/4851/259 3450/4850/259 3452/4853/259 3440/4854/259
f 3450/4852/260 3439/4833/260 3452/4832/260
f 3455/4825/245 3454/4826/245 3457/4827/245
f 3454/4828/246 3466/4829/246 3456/4830/246 3457/4831/246
f 3466/4832/247 3453/4833/247 3456/4834/247
f 3455/4825/248 3457/4827/248 3459/4835/248
f 3457/4831/26 3456/4830/26 3458/4836/26 3459/4837/26
f 3456/4834/249 3453/4833/249 3458/4838/249
f 3455/4825/250 3459/4835/250 3461/4839/250
f 3459/4837/251 3458/4836/251 3460/4840/251 3461/4841/251
f 3458/4838/252 3453/4833/252 3460/4842/252
f 3455/4825/253 3461/4839/253 3463/4843/253
f 3461/4844/254 3460/4845/254 3462/4846/254 3463/4847/254
f 3460/4842/255 3453/4833/255 3462/4848/255
f 3455/4825/256 3463/4843/256 3465/4849/256
f 3463/4847/22 3462/4846/22 3464/4850/22 3465/4851/22
f 3462/4848/257 3453/4833/257 3464/4852/257
f 3455/4825/258 3465/4849/258 3454/4826/258
f 3465/4851/259 3464/4850/259 3466/4853/259 3454/4854/259
f 3464/4852/260 3453/4833/260 3466/4832/260
f 3469/4825/245 3468/4826/245 3471/4827/245
f 3468/4828/246 3480/4829/246 3470/4830/246 3471/4831/246
f 3480/4832/247 3467/4833/247 3470/4834/247
f 3469/4825/248 3471/4827/248 3473/4835/248
f 3471/4831/26 3470/4830/26 3472/4836/26 3473/4837/26
f 3470/4834/249 3467/4833/249 3472/4838/249
f 3469/4825/250 3473/4835/250 3475/4839/250
f 3473/4837/251 3472/4836/251 3474/4840/251 3475/4841/251
f 3472/4838/252 3467/4833/252 3474/4842/252
f 3469/4825/253 3475/4839/253 3477/4843/253
f 3475/4844/254 3474/4845/254 3476/4846/254 3477/4847/254
f 3474/4842/255 3467/4833/255 3476/4848/255
f 3469/4825/256 3477/4843/256 3479/4849/256
f 3477/4847/22 3476/4846/22 3478/4850/22 3479/4851/22
f 3476/4848/257 3467/4833/257 3478/4852/257
f 3469/4825/258 3479/4849/258 3468/4826/258
f 3479/4851/259 3478/4850/259 3480/4853/259 3468/4854/259
f 3478/4852/260 3467/4833/260 3480/4832/260
usemtl Wood
f 2917/4855/261 2918/4856/261 2919/4857/261
f 2920/4858/262 2921/4859/262 2922/4860/262
f 2923/4861/263 2924/4862/263 2925/4863/263
f 2926/4864/264 2927/4865/264 2928/4866/264
f 2929/4867/265 2930/4868/265 2931/4869/265
f 2932/4870/266 2933/4871/266 2934/4872/266
f 2935/4873/227 2936/4874/227 2937/4875/227
f 2938/4876/228 2939/4877/228 2940/4878/228
f 2923/4861/9 2917/4855/9 2919/4857/9 2924/4862/9
f 2918/4879/10 2920/4880/10 2922/4881/10 2919/4882/10
f 2921/4859/11 2926/4864/11 2928/4866/11 2922/4860/11
f 2927/4883/12 2925/4884/12 2924/4885/12 2928/4886/12
f 2935/4887/13 2923/4861/13 2925/4863/13 2936/4888/13
f 2926/4864/14 2938/4889/14 2940/4890/14 2927/4865/14
f 2939/4877/15 2937/4875/15 2936/4874/15 2940/4878/15
f 2929/4891/16 2935/4887/16 2937/4892/16 2930/4893/16
f 2938/4889/17 2932/4894/17 2934/4895/17 2939/4896/17
f 2933/4871/18 2931/4869/18 2930/4868/18 2934/4872/18
f 2917/4855/19 2929/4891/19 2931/4897/19 2918/4856/19
f 2932/4894/20 2921/4859/20 2920/4858/20 2933/4898/20
f 2923/4861/21 2935/4887/21 2929/4891/21 2917/4855/21
f 2919/4882/22 2922/4881/22 2928/4886/22 2924/4885/22
f 2931/4869/23 2933/4871/23 2920/4899/23 2918/4900/23
f 2938/4889/24 2926/4864/24 2921/4859/24 2932/4894/24
f 2925/4901/25 2927/4902/25 2940/4878/25 2936/4874/25
f 2937/4875/26 2939/4877/26 2934/4903/26 2930/4904/26
f 3001/4953/261 3002/4954/261 3003/4955/261
f 3004/4956/262 3005/4957/262 3006/4958/262
f 3007/4959/263 3008/4960/263 3009/4961/263
f 3010/4962/264 3011/4963/264 3012/4964/264
f 3013/4965/265 3014/4966/265 3015/4967/265
f 3016/4968/266 3017/4969/266 3018/4970/266
f 3019/4971/227 3020/4972/227 3021/4973/227
f 3022/4974/228 3023/4975/228 3024/4976/228
f 3007/4959/9 3001/4953/9 3003/4955/9 3008/4960/9
f 3002/4977/10 3004/4978/10 3006/4979/10 3003/4980/10
f 3005/4957/11 3010/4962/11 3012/4964/11 3006/4958/11
f 3011/4981/12 3009/4982/12 3008/4983/12 3012/4984/12
f 3019/4985/13 3007/4959/13 3009/4961/13 3020/4986/13
f 3010/4962/14 3022/4987/14 3024/4988/14 3011/4963/14
f 3023/4975/15 3021/4973/15 3020/4972/15 3024/4976/15
f 3013/4989/16 3019/4985/16 3021/4990/16 3014/4991/16
f 3022/4987/17 3016/4992/17 3018/4993/17 3023/4994/17
f 3017/4969/18 3015/4967/18 3014/4966/18 3018/4970/18
f 3001/4953/19 3013/4989/19 3015/4995/19 3002/4954/19
f 3016/4992/20 3005/4957/20 3004/4956/20 3017/4996/20
f 3007/4959/21 3019/4985/21 3013/4989/21 3001/4953/21
f 3003/4980/22 3006/4979/22 3012/4984/22 3008/4983/22
f 3015/4967/23 3017/4969/23 3004/4997/23 3002/4998/23
f 3022/4987/24 3010/4962/24 3005/4957/24 3016/4992/24
f 3009/4999/25 3011/5000/25 3024/4976/25 3020/4972/25
f 3021/4973/26 3023/4975/26 3018/5001/26 3014/5002/26
f 3169/5147/235 3170/5148/235 3171/5149/235
f 3172/5150/236 3173/5151/236 3174/5152/236
f 3175/5153/267 3176/5154/267 3177/5155/267
f 3178/5156/268 3179/5157/268 3180/5158/268
f 3181/5159/225 3182/5160/225 3183/5161/225
f 3184/5162/226 3185/5163/226 3186/5164/226
f 3187/5165/231 3188/5166/231 3189/5167/231
f 3190/5168/232 3191/5169/232 3192/5170/232
f 3175/5153/9 3169/5147/9 3171/5149/9 3176/5154/9
f 3170/5171/10 3172/5172/10 3174/5173/10 3171/5174/10
f 3173/5151/11 3178/5156/11 3180/5158/11 3174/5152/11
f 3179/5175/12 3177/5176/12 3176/5177/12 3180/5178/12
f 3187/5179/13 3175/5153/13 3177/5155/13 3188/5180/13
f 3178/5156/14 3190/5181/14 3192/5182/14 3179/5157/14
f 3191/5169/15 3189/5167/15 3188/5166/15 3192/5170/15
f 3181/5183/16 3187/5179/16 3189/5184/16 3182/5185/16
f 3190/5181/17 3184/5186/17 3186/5187/17 3191/5188/17
f 3185/5163/18 3183/5161/18 3182/5160/18 3186/5164/18
f 3169/5147/19 3181/5183/19 3183/5189/19 3170/5148/19
f 3184/5186/20 3173/5151/20 3172/5150/20 3185/5190/20
f 3175/5153/21 3187/5179/21 3181/5183/21 3169/5147/21
f 3171/5174/22 3174/5173/22 3180/5178/22 3176/5177/22
f 3183/5161/23 3185/5163/23 3172/5191/23 3170/5192/23
f 3190/5181/24 3178/5156/24 3173/5151/24 3184/5186/24
f 3177/5193/25 3179/5194/25 3192/5170/25 3188/5166/25
f 3189/5167/26 3191/5169/26 3186/5195/26 3182/5196/26
f 3253/5245/235 3254/5246/235 3255/5247/235
f 3256/5248/236 3257/5249/236 3258/5250/236
f 3259/5251/237 3260/5252/237 3261/5253/237
f 3262/5254/238 3263/5255/238 3264/5256/238
f 3265/5257/273 3266/5258/273 3267/5259/273
f 3268/5260/274 3269/5261/274 3270/5262/274
f 3271/5263/275 3272/5264/275 3273/5265/275
f 3274/5266/276 3275/5267/276 3276/5268/276
f 3259/5251/9 3253/5245/9 3255/5247/9 3260/5252/9
f 3254/5269/10 3256/5270/10 3258/5271/10 3255/5272/10
f 3257/5249/11 3262/5254/11 3264/5256/11 3258/5250/11
f 3263/5273/12 3261/5274/12 3260/5275/12 3264/5276/12
f 3271/5277/13 3259/5251/13 3261/5253/13 3272/5278/13
f 3262/5254/14 3274/5279/14 3276/5280/14 3263/5255/14
f 3275/5267/15 3273/5265/15 3272/5264/15 3276/5268/15
f 3265/5281/16 3271/5277/16 3273/5282/16 3266/5283/16
f 3274/5279/17 3268/5284/17 3270/5285/17 3275/5286/17
f 3269/5261/18 3267/5259/18 3266/5258/18 3270/5262/18
f 3253/5245/19 3265/5281/19 3267/5287/19 3254/5246/19
f 3268/5284/20 3257/5249/20 3256/5248/20 3269/5288/20
f 3259/5251/21 3271/5277/21 3265/5281/21 3253/5245/21
f 3255/5272/22 3258/5271/22 3264/5276/22 3260/5275/22
f 3267/5259/23 3269/5261/23 3256/5289/23 3254/5290/23
f 3274/5279/24 3262/5254/24 3257/5249/24 3268/5284/24
f 3261/5291/25 3263/5292/25 3276/5268/25 3272/5264/25
f 3273/5265/26 3275/5267/26 3270/5293/26 3266/5294/26
f 3397/5391/235 3398/5392/235 3399/5393/235
f 3400/5394/236 3401/5395/236 3402/5396/236
f 3403/5397/3 3404/5398/3 3405/5399/3
f 3406/5400/4 3407/5401/4 3408/5402/4
f 3409/5403/5 3410/5404/5 3411/5405/5
f 3412/5406/6 3413/5407/6 3414/5408/6
f 3415/5409/7 3416/5410/7 3417/5411/7
f 3418/5412/8 3419/5413/8 3420/5414/8
f 3403/5397/9 3397/5391/9 3399/5393/9 3404/5398/9
f 3398/5415/10 3400/5416/10 3402/5417/10 3399/5418/10
f 3401/5395/11 3406/5400/11 3408/5402/11 3402/5396/11
f 3407/5419/12 3405/5420/12 3404/5421/12 3408/5422/12
f 3415/5423/13 3403/5397/13 3405/5399/13 3416/5424/13
f 3406/5400/14 3418/5425/14 3420/5426/14 3407/5401/14
f 3419/5413/15 3417/5411/15 3416/5410/15 3420/5414/15
f 3409/5427/16 3415/5423/16 3417/5428/16 3410/5429/16
f 3418/5425/17 3412/5430/17 3414/5431/17 3419/5432/17
f 3413/5407/18 3411/5405/18 3410/5404/18 3414/5408/18
f 3397/5391/19 3409/5427/19 3411/5433/19 3398/5392/19
f 3412/5430/20 3401/5395/20 3400/5394/20 3413/5434/20
f 3403/5397/21 3415/5423/21 3409/5427/21 3397/5391/21
f 3399/5418/22 3402/5417/22 3408/5422/22 3404/5421/22
f 3411/5405/23 3413/5407/23 3400/5435/23 3398/5436/23
f 3418/5425/24 3406/5400/24 3401/5395/24 3412/5430/24
f 3405/5437/25 3407/5438/25 3420/5414/25 3416/5410/25
f 3417/5411/26 3419/5413/26 3414/5439/26 3410/5440/26
